Key	Type	Desc	Tiếng Việt [c0]
15bit	Text	 	15-bit
15bitDither	Text	 	15-bit (Dither)
24bit	Text	 	24-bit
AcceptEula	Text	 	Tôi chấp nhận thỏa thuận cấp phép người dùng cuối
Achievements/CatchStarlightNautilus	Text	 	Hóa thạch huyền thoại
Achievements/CherryBlossomTrees	Text	 	5 Centimet trên giấy
Achievements/DefeatAtlanteanWorm	Text	 	Chứng sợ biển sâu
Achievements/DefeatAzeos	Text	 	Từ trời cao giáng xuống!
Achievements/DefeatCoreCommander	Text	 	Vị khách từ thế giới hấp hối
Achievements/DefeatCrydra	Text	 	Tiếng hú của biển khơi
Achievements/DefeatDruidra	Text	 	Khúc ca rừng thẳm
Achievements/DefeatGhorm	Text	 	Dẹp loạn sâu bọ
Achievements/DefeatGlurch	Text	 	Cuộc chạm trán nhộn nhịp
Achievements/DefeatHivemother	Text	 	Coi chừng bước chân
Achievements/DefeatIgneous	Text	 	Chạy hết mình
Achievements/DefeatIvy	Text	 	Tính cách độc hại
Achievements/DefeatKingSlime	Text	 	Ninja trơn trượt
Achievements/DefeatMalugaz	Text	 	Cậu là phù thủy đấy
Achievements/DefeatMorpha	Text	 	Cẩn thận sàn ướt
Achievements/DefeatNimruza	Text	 [new]	Tiêu diệt Nimruza
Achievements/DefeatOblidra	Text	 [new]	Tiêu diệt Oblidra
Achievements/DefeatOmoroth	Text	 	Từ vực sâu trồi lên!
Achievements/DefeatPyrdra	Text	 	Tiếng gầm của lửa
Achievements/DefeatRaAkar	Text	 	Quả báo sa mạc
Achievements/DefeatSahabar	Text	 [new]	Tiêu diệt Sahabar
Achievements/DefeatUrschleim	Text	 	Quái thú kỷ Cambri
Achievements/Discover100CookBookRecipes	Text	 	Đầu bếp có chứng chỉ
Achievements/EquipRingOfRockAndStone	Text	 	Rock and Stone!
Achievements/FeedCattle	Text	 	Một cuộc sống an lành
Achievements/FirstPet	Text	 	Đứa con đầu lòng
Achievements/GainOver200MovementSpeed	Text	 	Nhanh như chớp
Achievements/HarvestGoldenIngredient	Text	 	Nông dân Midas
Achievements/KeyArtCharacter	Text	 	Hội chứng kẻ mạo danh
Achievements/MaxedOutCooking	Text	 	Thêm phô mai!
Achievements/MaxedOutCrafting	Text	 	Nhà thám hiểm khéo tay
Achievements/MaxedOutExplosives	Text	 [new]	Chất nổ tối đa
Achievements/MaxedOutFishing	Text	 	Đỉnh câu rồi
Achievements/MaxedOutGardening	Text	 	Mát tay vun trồng
Achievements/MaxedOutMagic	Text	 	Phù thủy không bao giờ trễ hẹn
Achievements/MaxedOutMelee	Text	 	...Chích như ông
Achievements/MaxedOutMining	Text	 	Đào đào hố sâu
Achievements/MaxedOutRange	Text	 	Robin Hood
Achievements/MaxedOutRunning	Text	 	Bay lượn như bướm...
Achievements/MaxedOutSummoning	Text	This is from a Final Fantasy X meme. please translate accordingly into the other languages of the game if you can.	Tránh xa Triệu Hồi Sư!
Achievements/MaxedOutVitality	Text	 	Chăm lo sức khỏe
Achievements/ObtainCredenceOfRuin	Text	 [new]	Sở hữu Credence of Ruin
Achievements/ObtainPhantomSpark	Text	 	Phantom Spark
Achievements/ObtainRuneSong	Text	 	Rune Song
Achievements/ObtainSoulSeeker	Text	 	Soul Seeker
Achievements/ObtainStormbringer	Text	 [new]	Sở hữu Stormbringer
Achievements/ObtainTheOracleDeck	Text	 	Trái tim của những lá bài
Achievements/ObtainTitanBreath	Text	 [new]	Sở hữu Titan Breath
Achievements/PetColors	Text	 	Phải có cho bằng hết!
Achievements/PetMaxLevel	Text	 	Thần đồng thú cưng
Achievements/SitOnCavelingToiletWithACrown	Text	 	Ngai vàng xứng tầm đế vương
Achievements/StormSong	Text	 	Một khúc ca kỳ lạ
Achievements/SummonManyMinions	Text	 [new]	Triệu hồi quái linh
Achievements/TalkToBigLarva	Text	 	Hỏi bà tám
Achievements/UseWayPoint	Text	 [new]	Sử dụng điểm dừng chân
AchievementsLockedDescription/CatchStarlightNautilus	Text	 	Cầu được một con Starlight Nautilus
AchievementsLockedDescription/DefeatAtlanteanWorm	Text	 	Đánh bại một con Atlantean Worm
AchievementsLockedDescription/DefeatAzeos	Text	 	Đánh bại Azeos, Titan Bầu Trời
AchievementsLockedDescription/DefeatCoreCommander	Text	 	Đánh bại Chỉ Huy Lõi
AchievementsLockedDescription/DefeatCrydra	Text	 	Đánh bại Crydra, Titan Bang
AchievementsLockedDescription/DefeatDruidra	Text	 	Đánh bại Druidra, Titan Hoang Dã
AchievementsLockedDescription/DefeatGhorm	Text	 	Đánh bại Ghorm, Kẻ Ngấu Nghiến
AchievementsLockedDescription/DefeatGlurch	Text	 	Đánh bại Glurch, Khối Gồm Ghiec
AchievementsLockedDescription/DefeatHivemother	Text	 	Đánh bại Mẹ Tổ
AchievementsLockedDescription/DefeatIgneous	Text	 	Đánh bại Igneous, Khôi Nham Thạch
AchievementsLockedDescription/DefeatIvy	Text	 	Đánh bại Ivy, Khối Kịch Độc
AchievementsLockedDescription/DefeatKingSlime	Text	 	Đánh bại Vua Slime
AchievementsLockedDescription/DefeatMalugaz	Text	 	Đánh bại Malugaz, Kẻ Sa Nga
AchievementsLockedDescription/DefeatMorpha	Text	 	Đánh bại Morpha, Khối Thủy Sinh
AchievementsLockedDescription/DefeatNimruza	Text	 [new]	Tiêu diệt boss Nimruza.
AchievementsLockedDescription/DefeatOblidra	Text	 [new]	Tiêu diệt boss Oblidra.
AchievementsLockedDescription/DefeatOmoroth	Text	 	Đánh bại Omoroth, Titan Biển Cả
AchievementsLockedDescription/DefeatPyrdra	Text	 	Đánh bại Pyrdra, Titan Lửa
AchievementsLockedDescription/DefeatRaAkar	Text	 	Đánh bại Ra-Akar, Titan Cat
AchievementsLockedDescription/DefeatSahabar	Text	 [new]	Tiêu diệt boss Sahabar.
AchievementsLockedDescription/DefeatUrschleim	Text	 	Đánh bại Urschleim
AchievementsLockedDescription/Discover100CookBookRecipes	Text	 	Khám phá 100 công thức trong sạch nấu ăn
AchievementsLockedDescription/EquipRingOfRockAndStone	Text	 	Trang bị Ring of Rock và Ring of Stone
AchievementsLockedDescription/FeedCattle	Text	 	Chó vật nuôi ăn
AchievementsLockedDescription/FirstPet	Text	 	Ấp nở thú cưng đầu tiên từ trứng
AchievementsLockedDescription/GainOver200MovementSpeed	Text	 	Đạt trên 200% tốc độ di chuyển
AchievementsLockedDescription/HarvestGoldenIngredient	Text	 	Thu hoạch một cây vàng
AchievementsLockedDescription/KeyArtCharacter	Text	 	Ăn mặc giống một nhân vật trong tranh minh họa chính thức
AchievementsLockedDescription/MaxedOutCooking	Text	 	Đạt 100 điểm kỹ năng nấu ăn
AchievementsLockedDescription/MaxedOutCrafting	Text	 	Đạt 100 điểm kỹ năng chế tạo
AchievementsLockedDescription/MaxedOutExplosives	Text	 [new]	Đặt cấp độ tối đa cho kỹ năng Chất nổ.
AchievementsLockedDescription/MaxedOutFishing	Text	 	Đạt 100 điểm kỹ năng câu cá
AchievementsLockedDescription/MaxedOutGardening	Text	 	Đạt 100 điểm kỹ năng trồng trọt
AchievementsLockedDescription/MaxedOutMagic	Text	 	Đạt 100 điểm kỹ năng phép thuật
AchievementsLockedDescription/MaxedOutMelee	Text	 	Đạt 100 điểm kỹ năng cận chiến
AchievementsLockedDescription/MaxedOutMining	Text	 	Đạt 100 điểm kỹ năng khai khoáng
AchievementsLockedDescription/MaxedOutRange	Text	 	Đạt 100 điểm kỹ năng đánh xa
AchievementsLockedDescription/MaxedOutRunning	Text	 	Đạt 100 điểm kỹ năng chạy
AchievementsLockedDescription/MaxedOutSummoning	Text	This is from a Final Fantasy X meme. please translate accordingly into the other languages of the game if you can.	Đạt 100 điểm kỹ năng triệu hồi
AchievementsLockedDescription/MaxedOutVitality	Text	 	Đạt 100 điểm kỹ năng sinh lực
AchievementsLockedDescription/ObtainCredenceOfRuin	Text	 [new]	Sở hữu vũ khí Credence of Ruin.
AchievementsLockedDescription/ObtainPhantomSpark	Text	 	Nhận được Phantom Spark
AchievementsLockedDescription/ObtainRuneSong	Text	 	Nhận được Rune Song
AchievementsLockedDescription/ObtainSoulSeeker	Text	 	Nhận được Soul Seeker
AchievementsLockedDescription/ObtainStormbringer	Text	 [new]	Sở hữu vũ khí Stormbringer.
AchievementsLockedDescription/ObtainTheOracleDeck	Text	 	Nhận được bộ bài Oracle
AchievementsLockedDescription/ObtainTitanBreath	Text	 [new]	Sở hữu vũ khí Titan Breath.
AchievementsLockedDescription/PetColors	Text	 	Thu thập mọi biến thể màu của một loại thú cưng
AchievementsLockedDescription/PetMaxLevel	Text	 	Đạt cấp tối đa cho một thú cưng
AchievementsLockedDescription/PlantCherryTree	Text	 	Trồng 10 cây anh đào
AchievementsLockedDescription/SitOnCavelingToiletWithACrown	Text	 	Ngồi lên bốn cầu Caveling khi đang đội vương miện
AchievementsLockedDescription/StormSong	Text	Please make sure to find a word for 'tempest' that doesn't sound the same like 'storm' in the the title Song of Storms in Zelda Ocarina of Time in the language you want to translate to. For example. in Germany that song is called 'Hymne des Sturms'. In order to not infringe on Nintendos copyright. 'Sturm' has been replaced by 'Unwetter'.	Tấu khúc nhạc Tune of Tempest
AchievementsLockedDescription/SummonManyMinions	Text	 [new]	Triệu hồi nhiều lính cùng lúc.
AchievementsLockedDescription/TalkToBigLarva	Text	 	Nói chuyện với một Ấu Trùng Lớn
AchievementsLockedDescription/UseWayPoint	Text	 [new]	Sử dụng điểm dừng chân lần đầu tiên.
AchievementsUnlockedDescription/CatchStarlightNautilus	Text	 	Đá cầu được một con Starlight Nautilus
AchievementsUnlockedDescription/DefeatAtlanteanWorm	Text	 	Đã đánh bại một con Atlantean Worm
AchievementsUnlockedDescription/DefeatAzeos	Text	 	Đã đánh bại Azeos, Titan Bàu Trời
AchievementsUnlockedDescription/DefeatCoreCommander	Text	 	Đã đánh bại Chỉ Huy Lõi
AchievementsUnlockedDescription/DefeatCrydra	Text	 	Đã đánh bại Crydra, Titan Bang
AchievementsUnlockedDescription/DefeatDruidra	Text	 	Đã đánh bại Druidra, Titan Hoang Dã
AchievementsUnlockedDescription/DefeatGhorm	Text	 	Đã đánh bại Ghorm, Kẻ Ngấu Nghiến
AchievementsUnlockedDescription/DefeatGlurch	Text	 	Đã đánh bại Glurch, Khối Gồm Ghiec
AchievementsUnlockedDescription/DefeatHivemother	Text	 	Đã đánh bại Mẹ Tổ
AchievementsUnlockedDescription/DefeatIgneous	Text	 	Đã đánh bại Igneous, Khôi Nham Thạch
AchievementsUnlockedDescription/DefeatIvy	Text	 	Đã đánh bại Ivy, Khối Kịch Độc
AchievementsUnlockedDescription/DefeatKingSlime	Text	 	Đã đánh bại Vua Slime
AchievementsUnlockedDescription/DefeatMalugaz	Text	 	Đã đánh bại Malugaz, Kẻ Sa Nga
AchievementsUnlockedDescription/DefeatMorpha	Text	 	Đã đánh bại Morpha, Khối Thủy Sinh
AchievementsUnlockedDescription/DefeatNimruza	Text	 [new]	Đã tiêu diệt boss Nimruza.
AchievementsUnlockedDescription/DefeatOblidra	Text	 [new]	Đã tiêu diệt boss Oblidra.
AchievementsUnlockedDescription/DefeatOmoroth	Text	 	Đã đánh bại Omoroth, Titan Biển Cả
AchievementsUnlockedDescription/DefeatPyrdra	Text	 	Đã đánh bại Pyrdra, Titan Lửa
AchievementsUnlockedDescription/DefeatRaAkar	Text	 	Đã đánh bại Ra-Akar, Titan Cat
AchievementsUnlockedDescription/DefeatSahabar	Text	 [new]	Đã tiêu diệt boss Sahabar.
AchievementsUnlockedDescription/DefeatUrschleim	Text	 	Đã đánh bại Urschleim
AchievementsUnlockedDescription/Discover100CookBookRecipes	Text	 	Đã khám phá 100 công thức trong sạch nấu ăn
AchievementsUnlockedDescription/EquipRingOfRockAndStone	Text	 	Đã trang bị Ring of Rock và Ring of Stone
AchievementsUnlockedDescription/FeedCattle	Text	 	Đã cho vật nuôi ăn
AchievementsUnlockedDescription/FirstPet	Text	 	Đã ấp nở thú cưng đầu tiên từ trứng
AchievementsUnlockedDescription/GainOver200MovementSpeed	Text	 	Đã đạt trên 200% tốc độ di chuyển
AchievementsUnlockedDescription/HarvestGoldenIngredient	Text	 	Đã thu hoạch một cây vàng
AchievementsUnlockedDescription/KeyArtCharacter	Text	 	Đã ăn mặc giống một nhân vật trong tranh minh họa chính thức
AchievementsUnlockedDescription/MaxedOutCooking	Text	 	Đã đạt 100 điểm kỹ năng nấu ăn
AchievementsUnlockedDescription/MaxedOutCrafting	Text	 	Đã đạt 100 điểm kỹ năng chế tạo
AchievementsUnlockedDescription/MaxedOutExplosives	Text	 [new]	Đã đạt cấp độ tối đa cho kỹ năng Chất nổ.
AchievementsUnlockedDescription/MaxedOutFishing	Text	 	Đã đạt 100 điểm kỹ năng câu cá
AchievementsUnlockedDescription/MaxedOutGardening	Text	 	Đã đạt 100 điểm kỹ năng trồng trọt
AchievementsUnlockedDescription/MaxedOutMagic	Text	 	Đã đạt 100 điểm kỹ năng phép thuật
AchievementsUnlockedDescription/MaxedOutMelee	Text	 	Đã đạt 100 điểm kỹ năng cận chiến
AchievementsUnlockedDescription/MaxedOutMining	Text	 	Đã đạt 100 điểm kỹ năng khai khoáng
AchievementsUnlockedDescription/MaxedOutRange	Text	 	Đã đạt 100 điểm kỹ năng đánh xa
AchievementsUnlockedDescription/MaxedOutRunning	Text	 	Đã đạt 100 điểm kỹ năng cháy
AchievementsUnlockedDescription/MaxedOutSummoning	Text	This is from a Final Fantasy X meme. please translate accordingly into the other languages of the game if you can.	Đã đạt 100 điểm kỹ năng triệu hồi
AchievementsUnlockedDescription/MaxedOutVitality	Text	 	Đã đạt 100 điểm kỹ năng sinh lực
AchievementsUnlockedDescription/ObtainCredenceOfRuin	Text	 [new]	Đã sở hữu vũ khí Credence of Ruin.
AchievementsUnlockedDescription/ObtainPhantomSpark	Text	 	Đã nhận được Phantom Spark
AchievementsUnlockedDescription/ObtainRuneSong	Text	 	Đã nhận được Rune Song
AchievementsUnlockedDescription/ObtainSoulSeeker	Text	 	Đã nhận được Soul Seeker
AchievementsUnlockedDescription/ObtainStormbringer	Text	 [new]	Đã sở hữu vũ khí Stormbringer.
AchievementsUnlockedDescription/ObtainTheOracleDeck	Text	 	Đã nhận được bộ bài Oracle
AchievementsUnlockedDescription/ObtainTitanBreath	Text	 [new]	Đã sở hữu vũ khí Titan Breath.
AchievementsUnlockedDescription/PetColors	Text	 	Đã thu thập mọi biến thể màu của một loại thú cưng
AchievementsUnlockedDescription/PetMaxLevel	Text	 	Đã đạt cấp tối đa cho một thú cưng
AchievementsUnlockedDescription/PlantCherryTree	Text	 	Đã trồng 10 cây anh đào
AchievementsUnlockedDescription/SitOnCavelingToiletWithACrown	Text	 	Đã ngồi lên bốn cầu Caveling khi đang đội vương miện
AchievementsUnlockedDescription/StormSong	Text	 	Đã tấu khúc nhạc Tune of Tempest
AchievementsUnlockedDescription/SummonManyMinions	Text	 [new]	Đã triệu hồi nhiều lính cùng lúc.
AchievementsUnlockedDescription/TalkToBigLarva	Text	 	Đã nói chuyện với một Ấu Trùng Lớn
AchievementsUnlockedDescription/UseWayPoint	Text	 [new]	Đã sử dụng điểm dừng chân lần đầu tiên.
Advanced	Text	 	Nâng cao
AvailableInEarlyAccess	Text	 	Sẽ có khi ra mắt Early Access
BetaVersion	Text	{0} will be replaced by the version number	Phiên bản Beta {0}
BiomeNames/Crystal	Text	 	Biên giới lấp lánh
BiomeNames/Desert	Text	 	Sa mạc Khởi nguyên
BiomeNames/Excavation	Text	 [new]	Khu khai quật
BiomeNames/Great Wall	Text	 	Great Wall
BiomeNames/Larva	Text	 	Hang đất sét
BiomeNames/Nature	Text	 	Hoang dã Azeos
BiomeNames/None	Text	 	Unknown
BiomeNames/Obsidian	Text	 	Unknown
BiomeNames/Passage	Text	 	Hành lang
BiomeNames/Sea	Text	 	Biển chìm
BiomeNames/Slime	Text	 	Lòng đất
BiomeNames/Stone	Text	 	Tàn tích bị lãng quên
BreastVanitySlot	Text	 	Ở ngoài trang ngực
CageCattle	Text	 	Bắt vật nuôi
CanBePutIntoEnemySpawnerPlatform	Text	Shown when hovering the slot for Enemy spawners that must contain a figurine to spawn the corresponding enemy of that figurine	Ở tượng nhỏ
CanBePutIntoEnemySpawnerPlatformDesc	Text	 	Đặt tượng (không phải trùm) vào ô và cấp điện cho Materializer sẽ tạo ra bản sao của kẻ địch mà tượng thể hiện.
CardinalDirections/East	Text	 	đông
CardinalDirections/North	Text	 	bắc
CardinalDirections/NorthEast	Text	 	đông bắc
CardinalDirections/NorthWest	Text	 	tây bắc
CardinalDirections/South	Text	 	nam
CardinalDirections/SouthEast	Text	 	đông nam
CardinalDirections/SouthWest	Text	 	tây nam
CardinalDirections/Undefined	Text	 	không xác định
CardinalDirections/West	Text	 	tay
CasualMode	Text	 	Thư giãn
CasualModeDesc	Text	 	Đối đầu với những quái vật hiền hơn trong một bối cảnh thư giãn, dễ chịu.
CattleStatus/Full	Text	 	Con vật rất vui vẻ, no nê và đang chờ sản phẩm.
CattleStatus/FullBaby	Text	 	Con non rất vui vẻ và no nê.
CattleStatus/HungryCattleKelpFood	Text	 	Con vật đang đói, muốn ăn tảo bẹ.
CattleStatus/HungryCattlePlantFood	Text	 	Con vật đang đói, muốn ăn nông sản.
CattleStatus/HungryCritter	Text	 [new]	Đang đói
CattleStatus/HungryInsect	Text	 	Con vật đang đói, muốn ăn côn trùng nhỏ.
CattleStatus/MediumHungry	Text	 	Con vật vui vẻ, khá no và đang chờ sản phẩm.
CattleStatus/MediumHungryBaby	Text	 	Con non vui vẻ và khá no.
CattleStatus/NameFull	Text	{0} will be replaced with the name that the player has given to the cattle creature	{0} rất vui vẻ, nợ nề và đang chờ sản phẩm.
CattleStatus/NameFullBaby	Text	 	{0} rất vui vẻ và no nê.
CattleStatus/NameHungryCattleKelpFood	Text	 	{0} đang đói, muốn ăn tảo bẹ.
CattleStatus/NameHungryCattlePlantFood	Text	{0} will be replaced with the name that the player has given to the cattle creature	{0} đang đói, muốn ăn nông sản.
CattleStatus/NameHungryCritter	Text	 [new]	Sinh vật đang đói
CattleStatus/NameHungryInsect	Text	{0} will be replaced with the name that the player has given to the cattle creature	{0} đang đói, muốn ăn côn trùng nhỏ.
CattleStatus/NameMediumHungry	Text	{0} will be replaced with the name that the player has given to the cattle creature	{0} vui vẻ, khá nợ và đang chờ sản phẩm.
CattleStatus/NameMediumHungryBaby	Text	 	{0} vui vẻ và khá no.
Changelog Categories/audio	Text	 [new]	Âm thanh
Changelog Categories/bugFixes	Text	 [new]	Sửa lỗi
Changelog Categories/gameBalance	Text	 [new]	Cân bằng trò chơi
Changelog Categories/gameplay	Text	 [new]	Lối chơi
Changelog Categories/graphics	Text	 [new]	Đồ họa
Changelog Categories/miscellaneous	Text	 [new]	Linh tính
Changelog Categories/modding	Text	 [new]	Mod
Changelog Categories/performance	Text	 [new]	Hiệu năng
Changelog Entries/AFTilesDesc	Text	 [new]	Thêm các ô tile Abiotic Factor vào khối đất được hỗ trợ.
Changelog Entries/FenceMapColorsDesc	Text	 [new]	Thêm màu sắc cho các hàng rào trên bản đồ con.
Changelog Entries/PS5VibrationNoStoppingDesc	Text	 [new]	Sửa lỗi rung tay cầm PS5 không đúng khi nhân vật đứng yên.
Changelog Entries/activateAllContentArgumentDesc	Text	 [new]	Thêm đối số cho phép kích hoạt tất cả nội dung khi khởi động server.
Changelog Entries/addCopyWorldSeedButtonDesc	Text	 [new]	Thêm nút sao chép Seed thế giới vào bộ nhớ đệm.
Changelog Entries/addMissingDirtBiomeTracksDesc	Text	 [new]	Thêm các âm thanh bước chân còn thiếu cho khu vực đất.
Changelog Entries/addPotionAndCritterPouchDesc	Text	 [new]	Thêm túi đựng thuốc và túi đựng sinh vật nhỏ.
Changelog Entries/addedAutomatedSystemsAndElectronicsDesc	Text	 [new]	Thêm các hệ thống tự động hóa và thiết bị điện tử.
Changelog Entries/addedDirtRuins1SceneBackDesc	Text	 [new]	Thêm khủng long nên cho các phá hủy bằng đất.
Changelog Entries/addedEchoMapsDesc	Text	 [new]	Thêm Bản đồ Echo vào trò chơi.
Changelog Entries/addedExcavationBiomeDesc	Text	 [new]	Thêm Khu khai quật mới vào trò chơi.
Changelog Entries/addedExcavationVoidSubbiomeDesc	Text	 [new]	Thêm khu vực phụ Void trong Khu khai quật.
Changelog Entries/addedFiveVoidEnemiesDesc	Text	 [new]	Thêm 5 loài kẻ địch Void mới.
Changelog Entries/addedLockedSolariteChestToFishingDesc	Text	 [new]	Thêm Rương Solarite bị khóa có thể câu được khi câu cá.
Changelog Entries/addedMiningMinionDesc	Text	 [new]	Thêm lính triệu hồi chuyển lập trình nhằm khai thác mỏ.
Changelog Entries/addedNewExcavationMushroomDesc	Text	 [new]	Thêm loài nấm mới được tìm thấy ở Khu khai quật.
Changelog Entries/addedNewRobotBossDesc	Text	 [new]	Thêm boss Robot khổng lồ mới.
Changelog Entries/addedOverTwentyNewDecorationsDesc	Text	 [new]	Thêm hơn 20 vật phẩm trang trí mới.
Changelog Entries/addedScenesToOldBiomesDesc	Text	 [new]	Thêm các khung cảnh mới vào những khu vực cũ.
Changelog Entries/addedSevenNewWeaponsDesc	Text	 [new]	Thêm 7 loại vũ khí mới.
Changelog Entries/addedSixAccessoriesDesc	Text	 [new]	Thêm 6 phụ kiện mới.
Changelog Entries/addedSixArmorSetsDesc	Text	 [new]	Thêm 6 bộ giáp mới.
Changelog Entries/addedSomeLargeDestructibleDescriptionsDesc	Text	 [new]	Thêm mô tả cho một số vật thể lớn có thể phá hủy.
Changelog Entries/addedTenFigurinesDesc	Text	 [new]	Thêm 10 tượng gỗ nhỏ trang trí mới.
Changelog Entries/addedThreeExcavationCrittersDesc	Text	 [new]	Thêm 3 sinh vật nhỏ mới ở Đạo mộ.
Changelog Entries/addedThreeExcavationValuablesDesc	Text	 [new]	Thêm 3 vật quý mới ở Đạo mộ.
Changelog Entries/addedThreeRobotEnemiesDesc	Text	 [new]	Thêm 3 loại robot thù địch mới.
Changelog Entries/addedThreeWorkbenchesDesc	Text	 [new]	Thêm 3 bản chế tạo mới.
Changelog Entries/addedTitanShrinesDesc	Text	 [new]	Thêm các Đền thờ Titan vào trò chơi.
Changelog Entries/addedTwoLegendaryWeaponsDesc	Text	 [new]	Thêm 2 loại vũ khí truyền thuyết mới.
Changelog Entries/addedTwoVanityHeadgearDesc	Text	 [new]	Thêm 2 mũ trang trí mới.
Changelog Entries/addedVoidHydraDesc	Text	 [new]	Thêm boss Hydra Void mới.
Changelog Entries/addedVoidMerchantDesc	Text	 [new]	Thêm Thương nhân Void mới.
Changelog Entries/additionalAnticipationSoundShroomanDesc	Text	 [new]	Thêm âm thanh cảnh báo trước cho boss Shrooman.
Changelog Entries/adjustMinerHelmetSourcesDesc	Text	 [new]	Điều chỉnh lại các nguồn thu được Mù thợ mỏ.
Changelog Entries/allowColonInTranslationKeysDesc	Text	 [new]	Cho phép sử dụng dấu hai chấm trong các khóa bản dịch.
Changelog Entries/automationHealthRegenDesc	Text	 [new]	Thêm khả năng hồi máu tự động cho các công trình tự động hóa.
Changelog Entries/babyCamelProducingTextDesc	Text	 [new]	Sửa lỗi văn bản khi Lạc đã còn tạo ra sản phẩm.
Changelog Entries/baitToLureChangeDesc	Text	 [new]	Thay đổi cách sử dụng mỗi câu cá, dùng Moi (Lure) để thay Bét câu.
Changelog Entries/baselineGoldenCropPlantChanceDesc	Text	 [new]	Tăng tỉ lệ cơ bản tự mở cho các cây trồng màu vàng.
Changelog Entries/beamWeaponsShowAimDesc	Text	 [new]	Các vũ khí dạng chùm tia hiển thị vùng ngắm bắn rõ ràng hơn.
Changelog Entries/bedPaintableAnywhereDesc	Text	 [new]	Giường có thể được sơn màu ở bất kỳ vị trí nào.
Changelog Entries/biomeSampleRaceConditionDesc	Text	 [new]	Sửa lỗi tranh chấp dữ liệu khi lấy mẫu lòng đĩa.
Changelog Entries/biomeSpecificTerrariumsPaintableDesc	Text	 [new]	Các bể nuôi sinh vật theo khu vực giờ có thể được sơn màu.
Changelog Entries/blackStoneLanternGlowDesc	Text	 [new]	Đèn đá đen giờ phát sáng cả ở bên ngoài ranh giới.
Changelog Entries/blockedSortButtonPixelsDesc	Text	 [new]	Sửa lỗi nút sắp xếp bị che mất một phần.
Changelog Entries/bossCrystalsCanBeDeletedDesc	Text	 [new]	Tinh thể boss giờ có thể bị xóa trong chế độ sáng tạo.
Changelog Entries/bossLootDropMissingOnLeaveDesc	Text	 [new]	Sửa lỗi vật phẩm rơi từ boss bị mất khi rời khỏi trận.
Changelog Entries/bridgesHiddenUnderWallsDesc	Text	 [new]	Sửa lỗi các cây cầu bí ẩn dưới tường.
Changelog Entries/burnConditionChangeDesc	Text	 [new]	Cân bằng lại hiệu ứng Lửa cháy.
Changelog Entries/canSleepInBedAgainDesc	Text	 [new]	Người chơi giờ có thể ngủ trên giường một lần nữa.
Changelog Entries/cancelJoinGameCausesNullrefDesc	Text	 [new]	Sửa lỗi null khi hủy tham gia trận chơi.
Changelog Entries/casualKeepsInventoryDesc	Text	 [new]	Chế độ Nhẹ nhàng giữ toàn bộ túi đồ khi chết.
Changelog Entries/casualLargerParryWindowDesc	Text	 [new]	Chế độ Nhẻ nhang có cửa sổ phần đơn rộng hơn.
Changelog Entries/casualReducedHungerDrainDesc	Text	 [new]	Chế độ Nhẹ nhàng giảm tốc độ cơn đói.
Changelog Entries/casualShorterPotionCooldownsDesc	Text	 [new]	Chế độ Nhẻ nhang rút ngắn thời gian hồi chiều thuốc.
Changelog Entries/cavelingGardenerAttacksDesc	Text	 [new]	Caveling làm vườn giờ có thể tấn công người chơi.
Changelog Entries/cavelingGardenerChaseDistanceDesc	Text	 [new]	Điều chỉnh khoảng cách trụ dưới của Caveling làm vườn.
Changelog Entries/ccBackgroundRuneDesc	Text	 [new]	Thêm hoa văn kiểu rune phía sau màn hình.
Changelog Entries/changeWorldInfoDesc	Text	 [new]	Cho phép thay đổi thông tin thế giới.
Changelog Entries/chestGlowDesc	Text	 [new]	Rương giờ phát sáng trong bóng tối để dễ nhận biết.
Changelog Entries/chineseFoldingScreensRotateAgainDesc	Text	 [new]	Bình phong Trung Hoa giờ có thể xoay đúng cách trở lại.
Changelog Entries/cicadaBossMaterializerDesc	Text	 [new]	Thêm thiết bị tạo ra boss Ve sầu khổng lồ.
Changelog Entries/ck11210	Text	 [new]	Bản cấp 1.12.10
Changelog Entries/ck1124	Text	 [new]	Bản cấp 1.12.4
Changelog Entries/ck1125	Text	 [new]	Bản cấp 1.12.5
Changelog Entries/ck1126	Text	 [new]	Bản cấp 1.12.6
Changelog Entries/ck1127	Text	 [new]	Bản cấp 1.12.7
Changelog Entries/ck1127Desc	Text	 [new]	Mô tả chi tiết của bản cấp 1.12.7
Changelog Entries/ck1128	Text	 [new]	Bản cấp 1.12.8
Changelog Entries/ck1129	Text	 [new]	Bản cấp 1.12.9
Changelog Entries/ck1200	Text	 [new]	Bản cấp 1.20.0
Changelog Entries/ck1203	Text	 [new]	Bản cấp 1.20.3
Changelog Entries/ck1204	Text	 [new]	Bản cấp 1.20.4
Changelog Entries/ck1205	Text	 [new]	Bản cấp 1.20.5
Changelog Entries/ck1206	Text	 [new]	Bản cấp 1.20.6
Changelog Entries/ck1207	Text	 [new]	Bản cấp 1.20.7
Changelog Entries/ck1210	Text	 [new]	Bản cấp 1.21.0
Changelog Entries/ck1211	Text	 [new]	Bản cấp 1.21.1
Changelog Entries/ck1212	Text	 [new]	Bản cấp 1.21.2
Changelog Entries/ck1213	Text	 [new]	Bản cấp 1.21.3
Changelog Entries/ck1214	Text	 [new]	Bản cấp 1.21.4
Changelog Entries/ck121x	Text	 [new]	Bản cấp 1.20.x
Changelog Entries/clientAnimationTriggersPerfDesc	Text	 [new]	Cải thiện hiệu năng khi nhiều hiệu ứng chuyển động được kích hoạt cùng lúc.
Changelog Entries/closeMapGamepadOffhandDesc	Text	 [new]	Sửa lỗi đóng bản đồ khi dùng gamepad có vật phẩm đang cầm ở tay phụ.
Changelog Entries/consoleSahabarConsoleCrashDesc	Text	 [new]	Sửa lỗi crash trên máy console khi đấu với Sahabar.
Changelog Entries/converterReflectionLoadTimeDesc	Text	 [new]	Giảm thời gian nạp khí sử dụng bộ biến đổi vật phẩm.
Changelog Entries/coreBossDeathEffectsOffsetDesc	Text	 [new]	Sửa lỗi hiệu ứng khi boss Lợi chết bị đặt sai vị trí.
Changelog Entries/corruptedKoreanFontDesc	Text	 [new]	Sửa lỗi font chữ tiếng Hán bị hiển thị sai.
Changelog Entries/craftingAuthoringRefactorDesc	Text	 [new]	Tái cấu trúc lại hệ thống dữ liệu chế tạo.
Changelog Entries/craftingParchmentMouseExploitDesc	Text	 [new]	Sửa lỗi khai thác bằng chuột khi chế tạo với cuộn đá.
Changelog Entries/creativeBiomeTitlesDesc	Text	 [new]	Thêm tiêu đề các khu vực trong chế độ sáng tạo.
Changelog Entries/critterTransformDesc	Text	 [new]	Sửa lỗi sinh vật nhờ biến đổi hình dạng không đúng.
Changelog Entries/crystalMerchantItemMissingDesc	Text	 [new]	Sửa lỗi thiếu vật phẩm của thương nhân Khu pha lê.
Changelog Entries/crystalMeteorMissingSpriteDesc	Text	 [new]	Sửa lỗi thiếu hình ảnh của thiên thạch pha lê.
Changelog Entries/crystalSnailsCantDestroyDrillsDesc	Text	 [new]	Ốc pha lê không còn phá hủy được các máy khoan.
Changelog Entries/cutsceneTheCoreLookupDesc	Text	 [new]	Sửa lỗi cắt scene khi tìm kiếm Lỗi (The Core).
Changelog Entries/deathMarkerColorDesc	Text	 [new]	Sửa lỗi màu của đánh dấu điểm chết.
Changelog Entries/deathMarkerIncorrectNameDesc	Text	 [new]	Sửa lỗi tên của đánh dấu điểm chết bị sai.
Changelog Entries/dedicatedServerSteamInitCrashDesc	Text	 [new]	Sửa lỗi crash khi khởi tạo server Steam chuyên dụng.
Changelog Entries/delayCircuitRefreshFixDesc	Text	 [new]	Sửa lỗi làm mới mạch điện có tính năng trễ.
Changelog Entries/destructibleWildernessDebrisDesc	Text	 [new]	Thêm các mảnh vỡ có thể phá hủy ở Khu hoang dã.
Changelog Entries/detectSDLoadErrorDesc	Text	 [new]	Thêm khả năng phát hiện lối nạp trên Steam Deck.
Changelog Entries/dirtWaterFishingInCrystalDesc	Text	 [new]	Sửa lỗi câu cá ở vùng nước bẩn trong Khu pha lê.
Changelog Entries/disableMiniMapOnSceneUnloadDesc	Text	 [new]	Sửa lỗi bản đồ nhỏ khi gỡ bỏ khung cảnh.
Changelog Entries/disableSafeModeOnModDebugDesc	Text	 [new]	Tự động tắt chế độ an toàn khi chạy mod ở chế độ debug.
Changelog Entries/disallowAchievementsIfCheatingDesc	Text	 [new]	Vô hiệu hóa thành tựu khi phát hiện vẫn dùng gian lận.
Changelog Entries/dontAllowConsoleIfUsingGamepadDesc	Text	 [new]	Không cho mở console khi đang dùng gamepad.
Changelog Entries/dontRepeatShowConsoleHelpTextDesc	Text	 [new]	Không hiển thị lặp lại văn bản hướng dẫn console.
Changelog Entries/dontUnloadSprinklersDesc	Text	 [new]	Vòi phun nước không còn bị gỡ bỏ khi chuyển khung cánh.
Changelog Entries/dresserShadowAppearsCorrectWhenRotatedDesc	Text	 [new]	Bóng tối của từ trang điểm hiển thị đúng khi xoay.
Changelog Entries/drillsDontDamageWalkableTilesDesc	Text	 [new]	Máy khoan không còn gây sát thương cho các ô đất có thể đi qua.
Changelog Entries/dungeonGenerationSyncPointDesc	Text	 [new]	Thêm điểm đồng bộ hóa việc tạo các đường hầm.
Changelog Entries/electricalObjectsNowTryToSendEveryTickDesc	Text	 [new]	Các thiết bị điện giờ cố gắng truyền điện ở mỗi nhịp.
Changelog Entries/electricalUiImprovementsDesc	Text	 [new]	Cải thiện giao diện của hệ thống điện.
Changelog Entries/electricitySourcesNoLongerFlickerElectricityDesc	Text	 [new]	Nguồn điện không còn nhấp nháy dòng điện.
Changelog Entries/epicAchievementsStopWorkingDesc	Text	 [new]	Sửa lỗi thành tựu Epic ngừng hoạt động.
Changelog Entries/epicUnleashedCCTrophyDesc	Text	 [new]	Sửa lỗi thành tựu Epic Van khỏi Content Creator bí ẩn.
Changelog Entries/excavDestructiblePlacementDesc	Text	 [new]	Sửa lỗi đất các vật thể có thể phá hủy ở Đảo mỏ.
Changelog Entries/excavationPuzzleGauntletFixDesc	Text	 [new]	Sửa lỗi găng tay trong câu đố Khu khai quật.
Changelog Entries/excavationPuzzleLeadFixDesc	Text	 [new]	Sửa lỗi dây dẫn trong câu đố Khu khai quật.
Changelog Entries/explosiveWallPoisonEffectDesc	Text	 [new]	Sửa lỗi tương nổ gây ra hiệu ứng độc chứa đúng mực.
Changelog Entries/fallbackCloudSavesDesc	Text	 [new]	Sửa lỗi lưu trữ trên đám mây.
Changelog Entries/fallbackCrossplayDesc	Text	 [new]	Sửa lối chơi chéo nền tảng (crossplay).
Changelog Entries/fallbackFailsToStartDesc	Text	 [new]	Sửa lỗi trò chơi không thể khởi động.
Changelog Entries/fallbackFixCrashesDesc	Text	 [new]	Sửa một số lỗi crash.
Changelog Entries/fallbackGameInputDesc	Text	 [new]	Sửa lỗi nhập liệu trong trò chơi.
Changelog Entries/fallbackGraphicalIssuesDesc	Text	 [new]	Sửa một số lỗi đồ họa.
Changelog Entries/fallbackHotfix	Text	 [new]	Hotfix
Changelog Entries/fallbackHotfixDesc	Text	 [new]	Sửa nhanh một số lỗi để cải thiện tính ổn định.
Changelog Entries/fallbackImproveStabilityDesc	Text	 [new]	Cải thiện tính ổn định của trò chơi.
Changelog Entries/fallbackInGameTextDesc	Text	 [new]	Sửa một số lời văn bản trong trò chơi.
Changelog Entries/fallbackLootDropsDesc	Text	 [new]	Sửa lỗi vật phẩm rơi ra.
Changelog Entries/fallbackModSupportDesc	Text	 [new]	Cải thiện hỗ trợ mod.
Changelog Entries/fallbackMultiplayerConnectivityDesc	Text	 [new]	Sửa lỗi kết nối trong chế độ nhiều người chơi.
Changelog Entries/fallbackMultiplayerDesc	Text	 [new]	Sửa lỗi chế độ nhiều người chơi.
Changelog Entries/fallbackNPCDesc	Text	 [new]	Sửa lỗi của các NPC.
Changelog Entries/fallbackPerformanceDesc	Text	 [new]	Cải thiện hiệu năng trò chơi.
Changelog Entries/fallbackPhysicsIssuesDesc	Text	 [new]	Sửa lỗi va chạm vật lý.
Changelog Entries/fallbackSaveFilesDesc	Text	 [new]	Sửa lỗi tập tin lưu trữ.
Changelog Entries/fallbackSecurityDesc	Text	 [new]	Cải thiện tính bảo mật.
Changelog Entries/fallbackUIDesc	Text	 [new]	Sửa lỗi giao diện người dùng.
Changelog Entries/fallbackUpdateLibrariesDesc	Text	 [new]	Cập nhật các thư viện mới nhất.
Changelog Entries/fallbackUpdateUnityDesc	Text	 [new]	Cập nhật Unity lên phiên bản mới nhất.
Changelog Entries/fallbackWorldGenerationDesc	Text	 [new]	Sửa lỗi tạo thế giới.
Changelog Entries/filtersWorkOnFishingNetsAndCritterCatcherDesc	Text	 [new]	Bộ lọc giờ hoạt động với lưới câu cá và dụng cụ bắt sinh vật.
Changelog Entries/fiveContributorItemsDesc	Text	 [new]	Thêm 5 vật phẩm từ các nhà đóng góp.
Changelog Entries/fixAssigningPauseSoftlockDesc	Text	 [new]	Sửa lỗi gắn phím tạm dừng gây kết trần.
Changelog Entries/fixBoatBlockingPlacementDesc	Text	 [new]	Sửa lỗi thuyền cản trở việc đặt vật phẩm.
Changelog Entries/fixClaimedBedCleanupDesc	Text	 [new]	Sửa lỗi giường đã được nhãn hiệu không thể xóa bỏ.
Changelog Entries/fixCritterWrongDirectionTerrariumDesc	Text	 [new]	Sửa lỗi sinh vật nhỏ nhìn sai hướng trong họ sinh thật.
Changelog Entries/fixCrittersVisibleInTerrariumDesc	Text	 [new]	Sửa lỗi sinh vật nhỏ không hiển thị trong hố sinh thật.
Changelog Entries/fixCrystalSnailAggroDesc	Text	 [new]	Sửa lỗi ốc pha lê tấn công không đúng mực.
Changelog Entries/fixElectricExplosionsDuplicationDesc	Text	 [new]	Sửa lỗi vụ nổ điện bị tạo ra nhân đôi.
Changelog Entries/fixGalaxiteTurretDestroyDelayDesc	Text	 [new]	Sửa lỗi trễ khi phá hủy tháp súng Galaxite.
Changelog Entries/fixGiantCicadaBossNeverHealingDesc	Text	 [new]	Sửa lỗi boss Ve sầu khổng lồ không bao giờ hồi máu.
Changelog Entries/fixGodModeCreativeModeDesc	Text	 [new]	Sửa lỗi chế độ bất tử trong chế độ sáng tạo.
Changelog Entries/fixGroundSlimeOnGlassBridgeDesc	Text	 [new]	Sửa lỗi nhám nhọn trên cầu kính.
Changelog Entries/fixHealOtherEntitiesDesc	Text	 [new]	Sửa lỗi trị thương cho các thực thể khác.
Changelog Entries/fixHoldToCraftIssueWithLockedSlotsDesc	Text	 [new]	Sửa lỗi giữ chuột để chế tạo khi có ở đa khoa.
Changelog Entries/fixInvisibleCrystalMeteorsDesc	Text	 [new]	Sửa lỗi thiên thạch pha lê bị vô hình.
Changelog Entries/fixLifeStealConditionDesc	Text	 [new]	Sửa lỗi điều kiện hút sinh lực.
Changelog Entries/fixLocksRemainingAfterDeathDesc	Text	 [new]	Sửa lỗi khóa còn sót lại sau khi chết.
Changelog Entries/fixManaNotShareCooldownDesc	Text	 [new]	Sửa lỗi mana không dùng chung thời gian hồi chiều.
Changelog Entries/fixMinionsPetsTeleportNearEnemiesDesc	Text	 [new]	Sửa lỗi lính triệu hồi và thu cùng dịch chuyển gần kẻ địch.
Changelog Entries/fixNavigationIssueWithSignDesc	Text	 [new]	Sửa lỗi lỗi di chuyển khi dùng biển báo.
Changelog Entries/fixNetworkTooltipUpdateDesc	Text	 [new]	Sửa lỗi cập nhật thông báo qua mạng.
Changelog Entries/fixPasteIssueInTextBoxesDesc	Text	 [new]	Sửa lỗi dẫn văn bản vào các ô nhập liệu.
Changelog Entries/fixPetsAutoremovedWhenDroppedDesc	Text	 [new]	Sửa lỗi thú cưng tự động bị xóa khi được thả ra.
Changelog Entries/fixSaveRollbackCopiedWorldsDesc	Text	 [new]	Sửa lỗi lưu trữ lùi lại cho các thế giới được sao chép.
Changelog Entries/fixShortcutsWindowToggleNotVisibleDesc	Text	 [new]	Sửa lỗi của số phím tắt không hiển thị khi bấm tổ hợp phím.
Changelog Entries/fixSlowDataBlockLoadingDesc	Text	 [new]	Sửa lỗi nạp khỏi dữ liệu bị chậm.
Changelog Entries/fixSpawningRemovingImmuneTilesDesc	Text	 [new]	Sữa lợi tạo ra ở đất miễn nhiễm.
Changelog Entries/fixSpawningRemovingIndestructibleTilesDesc	Text	 [new]	Sửa lỗi tạo ra ở đất không thể phá hủy.
Changelog Entries/fixTextAndTranslations1205Desc	Text	 [new]	Sửa lỗi văn bản và bản dịch cho bản cấp 1.20.5.
Changelog Entries/fixTitansBreathInfiniteAttackDesc	Text	 [new]	Sửa lỗi vũ khí Titan Breath tấn công vô hạn.
Changelog Entries/fixTooManyNymphsSpawnedDesc	Text	 [new]	Sửa lỗi tạo ra quá nhiều ấu trùng ve sầu.
Changelog Entries/fixedCharactersNotAppearingCorrectlyDesc	Text	 [new]	Sửa lỗi nhân vật hiển thị không đúng trong màn hình.
Changelog Entries/fixedDesertGuardianPantsArmorFishingLootDesc	Text	 [new]	Sửa lỗi quân bộ giáp Cảnh vệ Sa mạc không rơi khi câu cá.
Changelog Entries/fixedHoldToOpenSeasonalItemsDesc	Text	 [new]	Sửa lỗi giữ chuột để mở vật phẩm theo mùa.
Changelog Entries/fixedQuillRifleProjectileLifetimeDesc	Text	 [new]	Sửa lỗi thời gian tồn tại của dân Sùng Bút Long.
Changelog Entries/flamethrowerTurretAttackWithoutPlayerDesc	Text	 [new]	Tháp phun lửa không còn tấn công khi không có người chơi.
Changelog Entries/forceSleepFixDesc	Text	 [new]	Sửa lỗi cưỡng chế ngự.
Changelog Entries/fourNewAchievementsDesc	Text	 [new]	Thêm 4 thành tựu mới.
Changelog Entries/friendlyExplosionDamageDecreasedDesc	Text	 [new]	Giám sát thường vụ nổ gây ra cho đồng đội.
Changelog Entries/gainManaOnCritTalantChangeDescDesc	Text	 [new]	Sửa lỗi kỹ năng Nhận mana khi chí mạng khi thay đổi điểm kỹ năng.
Changelog Entries/godModeDurabilityDesc	Text	 [new]	Chế độ bắt từ giờ vô hiệu hóa độ bền của vật phẩm.
Changelog Entries/gravestoneMarkerOverWaypointDesc	Text	 [new]	Sửa lỗi đánh dấu mô nằm trên điểm dừng chân.
Changelog Entries/gravestonesDontBlockWaypointsDesc	Text	 [new]	Mộ không còn chặn trở các điểm dừng chân.
Changelog Entries/hideVersionTextDesc	Text	 [new]	Thêm tùy chọn ấn văn bản phiên bản.
Changelog Entries/hoeWiresUnderBeltsFixDesc	Text	 [new]	Sửa lỗi đặt dây điện dưới băng tải bằng cước.
Changelog Entries/hologramPodTitlesDesc	Text	 [new]	Thêm tiêu đề cho các tổ hình ảnh.
Changelog Entries/hydraSummonItemsInHologramPodDesc	Text	 [new]	Vật phẩm triệu hồi Hydra giờ hiển thị trong tờ hình ảnh.
Changelog Entries/impersonatorSyndromeAchievementFixDesc	Text	 [new]	Sửa lỗi thành tựu liên quan đến kẻ giả mạo.
Changelog Entries/improvedCombatTextDisplayDesc	Text	 [new]	Cải thiện hiển thị văn bản chiến đấu.
Changelog Entries/improvedNamesTextsTranslations1210Desc	Text	 [new]	Cải thiện tên, văn bản và bản dịch cho bản cấp 1.21.0.
Changelog Entries/increaseNatureCicadaHealthDesc	Text	 [new]	Tăng lượng máu cho Vệ Sầu thiên nhiên.
Changelog Entries/increasedControllerVibrationDesc	Text	 [new]	Tăng cường độ rung của tay cầm.
Changelog Entries/increasedDropChanceForNinjaArmorDesc	Text	 [new]	Tăng tỉ lệ roi của bò giáp ninja.
Changelog Entries/increasedMechanicalPartsSoldByMerchantDesc	Text	 [new]	Tăng số linh kiện cơ khí được bán lại bởi thương nhân.
Changelog Entries/introduceCasualCharacterTypeDesc	Text	 [new]	Giới thiệu kiểu nhân vật Nhẹ nhàng (Casual).
Changelog Entries/ironWorkbenchWoodPlankCostDesc	Text	 [new]	Cân bằng lại chi phí ván gỗ để chế tạo bàn thép.
Changelog Entries/itemCollectorTeleportEffectsDesc	Text	 [new]	Thêm hiệu ứng dịch chuyển cho máy thu gom vật phẩm.
Changelog Entries/labelingChestsDesc	Text	 [new]	Thêm khả năng đặt tên cho các rương.
Changelog Entries/lagSpikeBossOffscreenDesc	Text	 [new]	Giảm hiện tượng dựng hình khi boss ở ngoài màn hình.
Changelog Entries/largeQuarryTimberRotatesCorrectlyDesc	Text	 [new]	Sửa lỗi gỗ dài từ mỏ đá bị xoay sai khi được đặt.
Changelog Entries/lessIntrusiveLocalizationWarningsDesc	Text	 [new]	Giảm các cảnh báo bản dịch gây phiền.
Changelog Entries/madeElectricalDoorPaintableDesc	Text	 [new]	Cửa điện giờ có thể được sơn màu.
Changelog Entries/madeRobotArmFilterableDesc	Text	 [new]	Cánh tay robot giờ có thể dùng bộ lọc được.
Changelog Entries/magicMirrorNakedDesc	Text	 [new]	Sửa lỗi gương pháp thuật hiển thị người chơi thiếu răng họa khi kích hoạt.
Changelog Entries/makeAzeosScannerCostFeathersAgainDesc	Text	 [new]	Máy quét Azeos trở lại tiêu tốn lòng vũ khí sử dụng.
Changelog Entries/malugazTeleportRadiusDesc	Text	 [new]	Điều chỉnh bán kính dịch chuyển của Malugaz.
Changelog Entries/mapBlankGamepadDesc	Text	 [new]	Sửa lỗi bản đồ bị trắng khi dùng gamepad.
Changelog Entries/mapMarkerIconDelayDesc	Text	 [new]	Sửa lỗi trễ khi hiển thị biểu tượng đánh dấu trên bản đồ.
Changelog Entries/masterVolumeControlDesc	Text	 [new]	Thêm điều chỉnh âm lượng tổng thể.
Changelog Entries/meadowMilkCanNowBeCookedDesc	Text	 [new]	Sữa tự động có dùng mua giò có thể nấu ăn được.
Changelog Entries/menuInitializeLoadTimeDesc	Text	 [new]	Giảm thời gian nạp khí khởi tạo menu.
Changelog Entries/minigunDisabledWhenBrokenDesc	Text	 [new]	Minigun giờ ngừng hoạt động khi bị hỏng.
Changelog Entries/minionDetonatorNotAffectNaturallyDyingMinionsDesc	Text	 [new]	Máy kích nổ lính không còn ảnh hưởng đến các lính chết tự nhiên.
Changelog Entries/minionDetonatorWrongSalvageMaterialDesc	Text	 [new]	Sửa lỗi vật liệu sai khi tái chế máy kích nổ lính.
Changelog Entries/minionMoldSlowDesc	Text	 [new]	Lính triệu hồi giờ bị làm chậm trong Hầm ngục nấm mốc.
Changelog Entries/minionNotMovingFixDesc	Text	 [new]	Sửa lỗi lính triệu hồi không di chuyển.
Changelog Entries/minionsIgnoresImmuneBossesDesc	Text	 [new]	Lính triệu hồi không còn tấn công các boss miễn nhiễm.
Changelog Entries/missingABFLootDesc	Text	 [new]	Sửa lỗi thiếu vật phẩm rời của Abiotic Factor.
Changelog Entries/missingCrossplayTranslationMSDesc	Text	 [new]	Sửa lỗi bản dịch crossplay của Microsoft Store.
Changelog Entries/missingFishingLootMessageDesc	Text	 [new]	Thêm thông báo khi thiếu vật phẩm câu cá.
Changelog Entries/missingNatureCicadaLootDesc	Text	 [new]	Sửa lỗi thiếu vật phẩm rơi từ Ve sầu thiên nhiên.
Changelog Entries/missingPouchIconsDesc	Text	 [new]	Sửa lỗi thiếu biểu tượng của các loại túi.
Changelog Entries/missingTutorialRecipeHighlightsDesc	Text	 [new]	Sửa lỗi thiếu đánh dấu các công thức trong hướng dẫn.
Changelog Entries/modDependencyMarkerDesc	Text	 [new]	Thêm đánh dấu các mod phụ thuộc.
Changelog Entries/modDevConsoleCommandsDesc	Text	 [new]	Thêm các lệnh console dành cho nhà phát triển mod.
Changelog Entries/modLocalizedDownloadSizeDesc	Text	 [new]	Hiển thị kích thước tải xuống của mod bằng ngôn ngữ đa địch.
Changelog Entries/moddedPoolDefaultSizeDesc	Text	 [new]	Điều chỉnh kích thước mặc định của bộ sưu tập mod.
Changelog Entries/moddingCKUsesSDBsDesc	Text	 [new]	Core Keeper giờ sử dụng ScriptableObjects để hỗ trợ modding.
Changelog Entries/moddingGradientMapChangesDesc	Text	 [new]	Thay đổi ánh xạ màu gradient để hỗ trợ modding.
Changelog Entries/moddingPlayerCustomizationTableChangesDesc	Text	 [new]	Thay đổi bằng tùy chỉnh nhân vật để hỗ trợ modding.
Changelog Entries/moddingSpriteAssetChangesDesc	Text	 [new]	Thay đổi sprite asset để hỗ trợ modding.
Changelog Entries/moddingSpriteAssetSkinChangesDesc	Text	 [new]	Thay đổi sprite asset skin để hỗ trợ modding.
Changelog Entries/moddingSpriteObjectReferencesDesc	Text	 [new]	Thay đổi liên kết đối tượng sprite để hỗ trợ modding.
Changelog Entries/moddingSteamWorksLoadingAddedDesc	Text	 [new]	Thêm từ khóa nạp SteamWorkShop để hỗ trợ modding.
Changelog Entries/mouseCursorSpriteAssetDesc	Text	 [new]	Thêm khả năng thay đổi hình ảnh con trỏ chuột qua mod.
Changelog Entries/mouseGamepadMovementBlockDesc	Text	 [new]	Sửa lỗi chuột bị chặn khi dùng gamepad.
Changelog Entries/movedLitFloorDesc	Text	 [new]	Di chuyển công thức chế tạo Sân phải sang viện tổ.
Changelog Entries/movedStorageFullCheckLocationDesc	Text	 [new]	Di chuyển vị trí kiểm tra độ dày của khổ độ.
Changelog Entries/movedTableSawDesc	Text	 [new]	Di chuyển công thức chế tạo Ban ca tô.
Changelog Entries/msStoreCrashUponQuitDesc	Text	 [new]	Sửa lỗi crash khi thoát trò chơi trên Microsoft Store.
Changelog Entries/multiSelectTrashDesc	Text	 [new]	Thêm khả năng chọn nhiều vật phẩm để vứt bỏ.
Changelog Entries/newAndImprovedLoadingAnimationDesc	Text	 [new]	Thêm hiệu ứng nạp mới và cải thiện.
Changelog Entries/newArmorSetDreamerDesc	Text	 [new]	Thêm bộ giáp Mô mở.
Changelog Entries/newArmorSetInventorDesc	Text	 [new]	Thêm bộ giáp Phát minh giả.
Changelog Entries/newArmorSetPlateDesc	Text	 [new]	Thêm bộ giáp Tam.
Changelog Entries/newArmorSetShadowDesc	Text	 [new]	Thêm bộ giáp Bóng tối.
Changelog Entries/newArmorSetSleepyDesc	Text	 [new]	Thêm bộ giáp Buồn ngủ.
Changelog Entries/newArmorSetVoidFusedDesc	Text	 [new]	Thêm bộ giáp Hợp nhất Void.
Changelog Entries/newAutomationShowcaseScenesDesc	Text	 [new]	Thêm các khung cảnh trưng bày hệ thống tự động hóa.
Changelog Entries/newMaxHealthItemDesc	Text	 [new]	Thêm vật phẩm tăng tối đa màu.
Changelog Entries/newMiningSummoningTomeDesc	Text	 [new]	Thêm sách triệu hồi chuyên dùng để khai thác.
Changelog Entries/newPotionBurnResistanceDesc	Text	 [new]	Thêm thuốc kháng Lửa cháy.
Changelog Entries/newPotionGreaterManaDesc	Text	 [new]	Thêm thuốc Mana lớn.
Changelog Entries/newPotionManaDesc	Text	 [new]	Thêm thuốc Mana.
Changelog Entries/newPuzzleRoomsDesc	Text	 [new]	Thêm các phong độ mới.
Changelog Entries/newWorkbenchAdvancedAutomationTableDesc	Text	 [new]	Thêm bản chế tạo Bằng tự động hóa cao cấp.
Changelog Entries/newWorkbenchExcavationDesc	Text	 [new]	Thêm bàn chế tạo Khu khai quật.
Changelog Entries/newWorkbenchVoidAltarDesc	Text	 [new]	Thêm bản chế tạo Bàn thờ Void.
Changelog Entries/nimruzaNameTranslatableDesc	Text	 [new]	Tên Nimruza giờ có thể dịch sang ngôn ngữ khác.
Changelog Entries/noExtraweaponTrailSpawnDesc	Text	 [new]	Vũ khí không còn tạo ra thêm vệt sáng dư thừa.
Changelog Entries/notAllowTrashingNonPlayerItemsDesc	Text	 [new]	Không cho phép vứt bỏ các vật phẩm không phải của người chơi.
Changelog Entries/oreRemovedOnStartupDesc	Text	 [new]	Sửa lỗi quặng bị mất khi khởi động trò chơi.
Changelog Entries/organizeCreativeModeCategoriesDesc	Text	 [new]	Sắp xếp lại các danh mục trong chế độ sáng tạo.
Changelog Entries/outlineIssuesDesc	Text	 [new]	Sửa lỗi đường viền hiển thị không đúng.
Changelog Entries/outroNotPlayingGuestModeDesc	Text	 [new]	Sửa lỗi đoàn kết không phát trong chế độ khách.
Changelog Entries/petBedNameInconsistenciesDesc	Text	 [new]	Sửa lỗi tên giường thủ cũng không nhất quán.
Changelog Entries/pickupBlockedByEnvironmentDesc	Text	 [new]	Sửa lỗi nhất vật phẩm bị cản trở bởi môi trường.
Changelog Entries/pickupStandingNextToWallFixDesc	Text	 [new]	Sửa lỗi nhặt vật phẩm khi dùng cuốc đứng cạnh tường.
Changelog Entries/plantersAndPotsPaintableDesc	Text	 [new]	Các cháu trồng cây và chậu hoa giờ có thể sơn màu.
Changelog Entries/playerInventoryServerSessionDesc	Text	 [new]	Sửa lỗi túi đồ người chơi khi tham gia phiên server.
Changelog Entries/playstationCartographyTableDesc	Text	 [new]	Sửa lỗi bản vẽ bản đồ trên PlayStation.
Changelog Entries/playstationTwoClientsSameLocationDesc	Text	 [new]	Sửa lỗi hai người chơi trên PlayStation ở cùng vị trí.
Changelog Entries/playstationsImproveCartographyTableDesc	Text	 [new]	Cải thiện bản vẽ bản đồ trên PlayStation.
Changelog Entries/pooledModGraphicalObjectBankDesc	Text	 [new]	Cải thiện hiệu năng khi nhiều mod dùng chung đối tượng đồ họa.
Changelog Entries/popupStaysIfOpenWhenBannedDesc	Text	 [new]	Cửa sổ thông báo giờ không đóng khi bị cấm.
Changelog Entries/pouchGamepadNavigationDesc	Text	 [new]	Cải thiện điều hướng các loại túi bằng gấmepad.
Changelog Entries/predictionSwitchDisabledDesc	Text	 [new]	Sửa lỗi khi tắt chế độ dự đoán mạng.
Changelog Entries/projectileLingeringDamageRemovedDesc	Text	 [new]	Loài bò sát thường còn lại của đàn bàn.
Changelog Entries/proximityMaterializerHoeableDesc	Text	 [new]	Máy tạo vật thể gần đó giờ có thể được cuốc.
Changelog Entries/pvpPredictionDisabledDesc	Text	 [new]	Sửa lỗi khi tắt dự đoán ở chế độ PvP.
Changelog Entries/pvpTeamsWrongColorDesc	Text	 [new]	Sửa lỗi màu của các đội PvP bị sai.
Changelog Entries/raakarHomingProjectilesDespawnDesc	Text	 [new]	Đàn tứ bản của Raakar giờ biến mất sau một thời gian.
Changelog Entries/randomizeSecondCreatedCharacterDesc	Text	 [new]	Sửa lỗi nhân vật thứ hai tạo ra không được ngẫu nhiên.
Changelog Entries/rebalancedHandMortarTileDamageDesc	Text	 [new]	Cân bằng lại sát thương lên ở đất của súng cối cầm tay.
Changelog Entries/recolorVoidEffectDesc	Text	 [new]	Thay đổi lại màu của hiệu ứng Void.
Changelog Entries/removeBugBrainDesc	Text	 [new]	Loại bỏ nguyên nhân lõi liên quan đến Bug Brain.
Changelog Entries/removeConsoleLoadingDelayDesc	Text	 [new]	Bộ thời gian trễ khi nạp console.
Changelog Entries/removeDuplicatedSpriteAssetsDesc	Text	 [new]	Loại bỏ các sprite trung lập.
Changelog Entries/renamedFishingWorkbenchDesc	Text	 [new]	Đổi tên bản chế tạo câu cá.
Changelog Entries/rewordCrossplayMenuOptionDesc	Text	 [new]	Viết lại câu chữ trong tùy chọn crossplay trên menu.
Changelog Entries/scarabWingsBalanceDesc	Text	 [new]	Cân bằng lại cạnh bờ hung.
Changelog Entries/scrollNotWorkingHighFramerateDesc	Text	 [new]	Sửa lỗi cuộn chuột không hoạt động khi fps cao.
Changelog Entries/selectContentBundleWithGamepadDesc	Text	 [new]	Cho phép chọn gói nội dung bằng gamepad.
Changelog Entries/serverUpdateTrackerToleranceDesc	Text	 [new]	Tăng sai số cho bộ kiểm tra cập nhật server.
Changelog Entries/shieldBlockExplosiveDamageDesc	Text	 [new]	Lá chắn giờ có thể chặn sát thương vụ nổ.
Changelog Entries/shimmeringMerchantSceneDesc	Text	 [new]	Thêm khung cảnh cho Thương nhân Lung linh.
Changelog Entries/shockwaveAttacksNotCorrectWallCheckDesc	Text	 [new]	Sửa lỗi kiểm tra tường sai của các đòn sóng xung kích.
Changelog Entries/showAmountOfAvailableMaterialsDesc	Text	 [new]	Hiển thị số lượng vật liệu đang có.
Changelog Entries/shredderGiveFullScrapPartsDesc	Text	 [new]	Máy nghiền giờ trả ra đầy đủ linh kiện phế liệu.
Changelog Entries/signIconHideLabelsDesc	Text	 [new]	Thêm tùy chọn ấn nhân cho các biểu tượng trên biển báo.
Changelog Entries/skillTreeSFXVolumeDesc	Text	 [new]	Thêm điều chỉnh âm lượng hiệu ứng âm thanh cho cây kỹ năng.
Changelog Entries/skipNoLongerPotionDesc	Text	 [new]	Sửa lỗi bỏ qua không còn sử dụng thuốc.
Changelog Entries/sleepInBedDesc	Text	 [new]	Thêm mô tả cho việc ngủ trên giường.
Changelog Entries/sleepingWhileTeleportingDesc	Text	 [new]	Sửa lối ngữ trong lúc dịch chuyển.
Changelog Entries/sleepyTimerDesc	Text	 [new]	Sửa lỗi bộ đệm trạng thái buồn ngủ.
Changelog Entries/slightlyDecreasedQuillRifleDamageDesc	Text	 [new]	Giảm nhẹ sát thương của Sùng Bút Long.
Changelog Entries/snailsCanBeDamagedByDrillsFixDesc	Text	 [new]	Sửa lỗi ốc không thể bị máy khoan làm sát thương.
Changelog Entries/spawningInPassageToFastDesc	Text	 [new]	Sửa lỗi sinh ra nhanh quá trọng lưới hành lang.
Changelog Entries/stabilityWallBossDesc	Text	 [new]	Cải thiện tính ổn định của boss Vạn Tượng.
Changelog Entries/startlightNautilusRPCDesc	Text	 [new]	Sửa lỗi RPC của Nautilus Sao sáng.
Changelog Entries/steamOfflineWorldsDesc	Text	 [new]	Thêm khả năng chơi thế giới khi ngoài tuyến Steam.
Changelog Entries/steamWorkshopLoadsElevatedAccessCorrectlyDesc	Text	 [new]	Steam Workshop giờ nạp đúng quyền truy cập nâng cao.
Changelog Entries/stoneCavelingTilesAppearDifferentAgainDesc	Text	 [new]	Các ô da của Caveling trở lại hiển thị khác nhau một lần nữa.
Changelog Entries/switch2FixShadowsNotWorkingDesc	Text	 [new]	Sửa lỗi bóng tối không hoạt động trên Nintendo Switch 2.
Changelog Entries/switchSaveCrashDesc	Text	 [new]	Sửa lỗi crash khi lưu trên Nintendo Switch.
Changelog Entries/switchSaveSizeCrashDesc	Text	 [new]	Sửa lỗi crash do tập tin lưu qua lớn trên Switch.
Changelog Entries/switchSaveSlotCorruptionDesc	Text	 [new]	Sửa lỗi ở lưu trên Switch bị hỏng.
Changelog Entries/switchTextureResolutionChangeDesc	Text	 [new]	Thay đổi độ phân giải kết cấu trên Switch.
Changelog Entries/tempJobInWorldSavesDesc	Text	 [new]	Sửa lỗi công việc tạm thời trong thất tinh lưu thế giới.
Changelog Entries/textLocalizationFixesDesc	Text	 [new]	Sửa lỗi văn bản và bản dịch.
Changelog Entries/threeNewPotionsDesc	Text	 [new]	Thêm 3 loại thuốc mới.
Changelog Entries/tileDamageNoScaleWithExplosiveDamageDesc	Text	 [new]	Sát thương lên ô đất không còn tỷ lệ với sát thương vụ nổ.
Changelog Entries/titanShrineGuidanceExplanationDesc	Text	 [new]	Thêm giải thích hướng dẫn cho Đền thờ Titan.
Changelog Entries/titanShrineThroughContentBundleDesc	Text	 [new]	Cho phép thêm Đèn thờ Titan thông qua gói nội dung.
Changelog Entries/titansBreathHoverTextFixDesc	Text	 [new]	Sửa lỗi văn bản chỉ định của vũ khí Titan Breath.
Changelog Entries/toggleLockInventoryManagementCrashDesc	Text	 [new]	Sửa lỗi crash khi bật tắt khóa quản lý túi đó.
Changelog Entries/toggleLockInventoryManagementUnresponsiveDesc	Text	 [new]	Sửa lỗi bắt tắt khóa quản lý túi đồ không phản hồi.
Changelog Entries/twoNewExcavationMaterialsDesc	Text	 [new]	Thêm 2 vật liệu mới ở Khu khai quật.
Changelog Entries/uniqueAmberBoulderSceneDesc	Text	 [new]	Thêm khung cảnh đặc biệt cho Hòn Hồ phác.
Changelog Entries/unity2022362upgradeDesc	Text	 [new]	Cập nhật Unity lên phiên bản 2022.3.62.
Changelog Entries/unity6000059UpgradeDesc	Text	 [new]	Cập nhật Unity lên phiên bản 6000.0.59.
Changelog Entries/unity600058f2upgradeDesc	Text	 [new]	Cập nhật Unity lên phiên bản 6000.0.58f2.
Changelog Entries/unityAddressables273UpgradeDesc	Text	 [new]	Cập nhật Addressables lên phiên bản 2.7.3.
Changelog Entries/unityCollections252upgradeDesc	Text	 [new]	Cập nhật Collections lên phiên bản 2.5.2.
Changelog Entries/unityEntities139upgradeDesc	Text	 [new]	Cập nhật Entities lên phiên bản 1.3.9.
Changelog Entries/unityNetcode140upgradeDesc	Text	 [new]	Cập nhật Netcode lên phiên bản 1.4.0.
Changelog Entries/unityPhysics139UpgradeDesc	Text	 [new]	Cập nhật Physics lên phiên bản 1.3.9.
Changelog Entries/unloadPlayerCustomizationSheetsDesc	Text	 [new]	Sửa lỗi gò bó các băng tùy chỉnh nhân vật.
Changelog Entries/updateCoreSpeechHydraDesc	Text	 [new]	Cập nhật lời thoại của Lời đối với Hydra.
Changelog Entries/updateGraphicsAttackIndicatorsDesc	Text	 [new]	Cập nhật đồ họa cho các chỉ báo tấn công.
Changelog Entries/updateGraphicsFeathersShellsWingcoversDesc	Text	 [new]	Cập nhật đồ họa cho long, vỏ và cành chè.
Changelog Entries/updateGraphicsGrimyBookshelvesDesc	Text	 [new]	Cập nhật đồ họa cho các kệ sách cũ.
Changelog Entries/updateNameIconCreativeCategoriesDesc	Text	 [new]	Cập nhật tên và biểu tượng của các danh mục sáng tạo.
Changelog Entries/updateScannerGraphicsDesc	Text	 [new]	Cập nhật đồ họa cho các máy quét.
Changelog Entries/updatedSfxForItemsAndUIDesc	Text	 [new]	Cập nhật hiệu ứng âm thanh cho vật phẩm và giao diện.
Changelog Entries/urschleimCrashFixDesc	Text	 [new]	Sửa lỗi crash liên quan đến Schlein.
Changelog Entries/voidHydraForceChestSpawnDesc	Text	 [new]	Hydra Void giờ luôn tạo ra rương.
Changelog Entries/wallBossMultipleSummoningIdolsDesc	Text	 [new]	Boss Vạn Tường giờ hỗ trợ nhiều tướng triệu hồi.
Changelog Entries/wallBossSummonScansAllMarkersDesc	Text	 [new]	Boss Vạn Tượng quét tất cả các điểm đánh dấu khi triệu hồi.
Changelog Entries/wallLightBulbRepaintableToTealDesc	Text	 [new]	Bóng đèn tường giờ có thể sơn lại bằng màu xanh teal.
Changelog Entries/wallsPlacedOnProximitySensorsDesc	Text	 [new]	Cho phép đặt tượng lên các cảm biến nội vùng.
Changelog Entries/weaponSecondaryScalesWithSkillsDesc	Text	 [new]	Vũ khí phụ giờ tăng sức mạnh theo kỹ năng.
Changelog Entries/weaponSpriteConsistencyDesc	Text	 [new]	Đồng bộ hình ảnh của các loại vũ khí.
Changelog Entries/xboxCreativeNotShowingDesc	Text	 [new]	Sửa lỗi danh mục sáng tạo không hiển thị trên Xbox.
Changelog Entries/xboxSeriesCrystalBiomeShaderDesc	Text	 [new]	Sửa lỗi shader của lòng đĩa pha lê trên Xbox Series.
ClassicMode	Text	 	Cơ điện
ClassicModeDesc	Text	 	Thế giới cổ điển sẽ không còn được hỗ trợ và phần lớn nội dung 1.0 sẽ không truy cập được. Rất nên tạo thế giới bằng các chế độ khác.
ClearFilteringTitle	Text	 [new]	Xóa bỏ lọc
CombineMaterials	Text	 	Kết hợp nguyên liệu
ConditionEffect/ApplyBurning	Text	 	{0} sát thương thiêu đốt
ConditionEffect/ApplyDamageEverySecond	Text	 	{0} sát thương mỗi giây
ConditionEffect/ApplyPoisoned	Text	 	Cơ đốc, giảm 75% lượng hồi máu nhận được
ConditionEffect/ApplySlowedBySlime	Text	 	Giảm {0}% tốc độ di chuyển của mục tiêu trong 4 giây
ConditionEffect/Armor	Text	 	{0} giáp
ConditionEffect/ArmorPercentage	Text	 	{0}% giáp
ConditionEffect/ChanceOnHitToKnockback	Text	 	{0}% cơ hội đẩy lùi
ConditionEffect/ChanceToGainExtraCookedFood	Text	 	{0}% cơ hội nhận thêm món ăn
ConditionEffect/CritChance	Text	 	{0}% cơ hội chí mạng
ConditionEffect/CriticalDamagePercentage	Text	 	{0}% sát thương chí mạng
ConditionEffect/DamageEverySecond	Text	 	{0} sát thương mỗi giây
ConditionEffect/DamageEveryThirdSecond	Text	 	{0} sát thương mỗi 3 giây
ConditionEffect/DamagePercentageAgainstBosses	Text	 [new]	Tăng X% sát thương khi đánh boss
ConditionEffect/DodgeChance	Text	 	{0}% cơ hội né đòn
ConditionEffect/ExplosivesDamage	Text	 	{0}% sát thương chất nổ
ConditionEffect/Fishing	Text	 	{0} câu cá
ConditionEffect/Glowing	Text	 	{0} độ phát sáng
ConditionEffect/HarvestChance	Text	 	{0}% sản lượng thu hoạch
ConditionEffect/HealOverTime	Text	 	{0} máu mỗi giây
ConditionEffect/Health	Text	 	{0} máu
ConditionEffect/Hunger	Text	 	{0} thức ăn
ConditionEffect/ImmuneToSlimeSlow	Text	 	Miễn nhiễm hiệu ứng làm chậm của slime
ConditionEffect/LifeOnHit	Text	 	{0} máu mỗi đòn cận chiến trúng
ConditionEffect/LifeOnMinionHit	Text	 [new]	Tra X máu khi lính đánh trúng
ConditionEffect/LifeOnPetHit	Text	 [new]	Trả X máu khi thú cưng đánh trúng
ConditionEffect/MagicBarrier	Text	 	{0} khiển phép
ConditionEffect/ManaRegen	Text	 	{0} mana mỗi giây
ConditionEffect/MaxHealth	Text	 	{0} máu tối đa
ConditionEffect/MaxMana	Text	 	{0} mana tối đa
ConditionEffect/MaxMinions	Text	 	{0} số tay sai tối đa
ConditionEffect/MeleeAttackSpeed	Text	 	{0}% tốc độ cận chiến
ConditionEffect/MeleeDamage	Text	 	{0}% sát thương cận chiến
ConditionEffect/Mining	Text	 	{0} sát thương khai khoáng
ConditionEffect/MiningSpeed	Text	 	{0}% tốc độ đào
ConditionEffect/MinionAttackSpeed	Text	 	{0}% tốc độ tấn công của tay sai
ConditionEffect/MinionCritChance	Text	 	{0}% cơ hội chí mạng của tay sai
ConditionEffect/MinionDamage	Text	 	{0} sát thương tay sai
ConditionEffect/MinionDamagePercentage	Text	 	{0}% sát thương tay sai
ConditionEffect/MinionLifespan	Text	 	{0}% thời gian tồn tại của tay sai
ConditionEffect/MovementSpeed	Text	 	{0}% tốc độ di chuyển
ConditionEffect/PhysicalMeleeDamage	Text	 	{0}% sát thương vật lý cận chiến
ConditionEffect/PhysicalRangeDamage	Text	 	{0}% sát thương vật lý đánh xa
ConditionEffect/Poisoned	Text	 	Giảm 75% lượng hồi máu nhận được
ConditionEffect/RangeAttackSpeed	Text	 	{0}% tốc độ đánh xa
ConditionEffect/RangeDamage	Text	 	{0}% sát thương đánh xa
ConditionEffect/ReducedDamageFromBosses	Text	 	{0}% giám sát thường từ trùm
ConditionEffect/ThornsDamage	Text	 	{0} sát thương gai
ConditionEffectDesc/ApplyBurning	Text	 	Gây hiệu ứng thiêu đốt lên kẻ địch mà bạn gây sát thương. Hiệu ứng thiêu đốt gây {0} sát thương cho kẻ địch mỗi 2 giây.
ConditionEffectDesc/Armor	Text	 	Giám sát thương nhân vào, tối đa {0} sát thương. Kẻ địch luôn gây tối thiểu 25% sát thương của chúng.
ConditionEffectDesc/ChanceOnHitToKnockback	Text	 	Đòn cận chiến có {0}% cơ hội đẩy lùi kẻ địch.
ConditionEffectDesc/ChanceToGainExtraCookedFood	Text	 	Khi lấy món ăn từ nồi nấu, mỗi món lấy ra có {0}% cơ hội nhận thêm một món nữa.
ConditionEffectDesc/CritChance	Text	 	Đòn tấn công cơ {0}% cơ hội gây thêm 50% sát thương.
ConditionEffectDesc/CriticalDamagePercentage	Text	 	Gây thêm {0}% sát thương khi chí mạng. Sát thương chí mạng cơ bản là 50%.
ConditionEffectDesc/DamagePercentageAgainstBosses	Text	 [new]	Tầng phần trạm sát thương gồm lên khi tiêu diệt trong lúc chặn đứng
ConditionEffectDesc/DodgeChance	Text	 	{0}% cơ hội né mọi đòn tấn công. Cơ hội né tối đa là 90%.
ConditionEffectDesc/ExplosivesDamage	Text	 	Chất nổ gây thêm {0}% sát thương.
ConditionEffectDesc/ExtraHealFromSleepPercentage	Text	 [new]	Phần trăm hồi máu thêm khi ngủ
ConditionEffectDesc/Fishing	Text	 	Kỹ năng câu cá cao hơn cho phép câu cá ở khu vực cấp cao hơn, đồng thời giảm thời gian cho cá cần cẩu ở khu vực cấp thấp hơn.
ConditionEffectDesc/Glowing	Text	 	Tỏa sáng trong phạm vi {0} o.
ConditionEffectDesc/HarvestChance	Text	 	Khi thu hoạch, bạn nhận thêm trung bình {0}% cây trồng.
ConditionEffectDesc/HealAfterSleep	Text	 [new]	Hồi máu sau khi ngủ
ConditionEffectDesc/HealOverTime	Text	 	Hồi {0} máu mỗi giây.
ConditionEffectDesc/LifeOnHit	Text	 	Hồi {0} máu khi đánh trúng kẻ địch bằng đòn cận chiến.
ConditionEffectDesc/MagicBarrier	Text	 	Hấp thụ tối đa {0} sát thương nhân vào. Khiển phép tu hồi phục sau một lúc không nhận sát thương.
ConditionEffectDesc/ManaRegen	Text	 	Hồi {0} mana mỗi giây. Tốc độ hồi mana cơ bản là 10.0 mana mỗi giây.
ConditionEffectDesc/MaxHealth	Text	 	Lượng máu tối đa là {0}.
ConditionEffectDesc/MaxMana	Text	 	Lượng mana tối đa là {0}.
ConditionEffectDesc/MaxMinions	Text	 	Bạn có thể triệu hồi tối đa {0} tay sai.
ConditionEffectDesc/MeleeAttackSpeed	Text	 	Bản đánh nhanh hơn {0}% với vũ khí cận chiến.
ConditionEffectDesc/MeleeDamage	Text	 	Đòn cận chiến gây {0}.
ConditionEffectDesc/MeleeDamageFormat	Text	{0} is replaced with the values and type of damage. i.e physical or magic. So for example:Melee attacks deal 12-15 magic damage.	Đòn cận chiến gây {0}.
ConditionEffectDesc/Mining	Text	 	Gay {0} sát thương lên tường và vật thể cần đào mới phá hủy được.
ConditionEffectDesc/MiningSpeed	Text	 	Bán đảo nhanh hơn {0}% với cược.
ConditionEffectDesc/MinionAttackSpeed	Text	 	Tay sai tấn công nhanh hơn {0}%.
ConditionEffectDesc/MinionCritChance	Text	 	Đòn tấn công của tay sai cơ {0}% cơ hội gây thêm 50% sát thương.
ConditionEffectDesc/MinionDamagePercentage	Text	 	Tay sai gây thêm {0}% sát thương.
ConditionEffectDesc/MinionLifespan	Text	 	Tay sai tồn tại lâu hơn {0}% trước khi biến mất.
ConditionEffectDesc/MovementSpeed	Text	 	Di chuyển voi {0}% tốc độ di chuyển cơ bản.
ConditionEffectDesc/RangeAttackSpeed	Text	 	Bản bản nhanh hơn {0}% với vũ khí đánh xa.
ConditionEffectDesc/RangeDamage	Text	 	Đòn đánh xa gây {0}.
ConditionEffectDesc/RangeDamageFormat	Text	 	Đòn đánh xa gây {0}.
ConditionEffectDesc/ReducedDamageFromBosses	Text	 	Giảm {0}% sát thương nhân từ trùm.
ConditionEffectDesc/ThornsDamage	Text	 	Kẻ tấn công cận chiến nhân {0} sát thương khi tấn công.
Conditions/AcidDamage	Text	 	{0} sát thương axit mỗi giây, xuyên giáp
Conditions/AdditionalChanceOnCritToSpawnThunderBeam	Text	 	{0}% cơ hội cộng thêm kích hoạt sức mạnh linh hồn Azeos
Conditions/AdditionalChanceOnHitToSpawnScarabBossProjectile	Text	 	{0}% cơ hội cộng thêm kích hoạt sức mạnh linh hồn Ra-Akar
Conditions/AdditionalChanceOnRangeHitToSpawnOctopusBossProjectile	Text	 	{0}% cơ hội cộng thêm kích hoạt sức mạnh linh hồn Omoroth
Conditions/AllDamageIncrease	Text	 	{0}% sát thương
Conditions/AmassThenReciprocateDamage	Text	 [new]	Tích tụ rồi trả lại sát thương
Conditions/ApplyBurning	Text	 	{0} sát thương thiêu đốt khi đánh trúng
Conditions/ApplyBurningIfBurning	Text	 [new]	Thi triển Lửa cháy lên kẻ địch đang cháy
Conditions/ApplyDrenchedInOil	Text	 [new]	Thi triển Dầu
Conditions/ApplyPetAttackSpeedIncrease	Text	 	{0}% tốc độ tấn công cho thú cưng của bạn
Conditions/ApplyPetBuffsIncrease	Text	 	{0}% hiệu quả của các hiệu ứng thiên phụ thú cưng
Conditions/ApplyPetCritChanceIncrease	Text	 	{0}% cơ hội chí mạng cho thú cưng của bạn
Conditions/ApplyPetCritDamageIncrease	Text	 	{0}% sát thương chí mạng cho thú cưng của bạn
Conditions/ApplyPetDamageIncrease	Text	 	{0}% sát thương do thú cưng của bạn gây ra
Conditions/ApplySlipperyMovementWhenHit	Text	 	Kẻ tấn công cận chiến bị trốn trượt khi tấn công bạn
Conditions/ApplySlowedBySlime	Text	 	Giảm {0}% tốc độ di chuyển của mục tiêu trong 4 giây
Conditions/ApplySnare	Text	 	Trói chân
Conditions/ArmorIncrease	Text	Text shown on gear stat or buff. for example '+45 armor' where {0} is replaced with the number	{0} giáp
Conditions/ArmorIncreaseFromMovementSpeed	Text	 	{0}% giáp theo luồng tốc độ di chuyển tăng thêm hiện tại
Conditions/ArmorPercentageIncrease	Text	 	{0}% giáp
Conditions/AttackSpeed	Text	 	{0}% tốc độ tấn công cận chiến và đánh xa
Conditions/AuraApplyBurning	Text	 	Mỗi kẻ địch gần đó bị thiêu đốt {0} sát thương mỗi 2 giây
Conditions/AuraApplyDamageDecrease	Text	 	{0}% sát thương do mỗi kẻ địch gần đó gây ra
Conditions/AuraApplyDamageIncrease	Text	 	{0}% sát thương do bắn và mỗi đồng minh gần đó gây ra
Conditions/AuraApplyHealingOverTime	Text	 	{0} máu mỗi giây cho bạn và mỗi đồng minh gần đó
Conditions/AuraApplyMovementSpeedDecrease	Text	 	Tốc độ di chuyển của mỗi kẻ địch gần đó giảm {0}%
Conditions/AuraApplyRadioactiveDamageOverTime	Text	 	Mỗi kẻ địch gần đó nhận {0} sát thương phóng xạ mỗi 2 giây
Conditions/AuraMovementSpeedDecrease	Text	 	{0}% tốc độ di chuyển do hào quang gần đó
Conditions/AuraRadioactiveDamageOverTime	Text	 	{0} sát thương phóng xạ mỗi 2 giây
Conditions/AuraVoidDamagePercentageOverTime	Text	 	{0}% máu thanh sát thương hư không mỗi giây
Conditions/BlueGlow	Text	Description for items that make player glow when eating it. For example '+5 glow' where +5 refers to the intensity/range of the light	{0} ánh sáng xanh dương
Conditions/BuffsFromQualitySleep	Text	 [new]	Nhận hiệu ứng khi ngủ ngon
Conditions/Burning	Text	 	{0} sát thương thiếu đợt mỗi 2 giây
Conditions/ChanceForAdditionalOre	Text	 	{0}% cơ hội nhận thêm quặng từ tượng chứa quặng
Conditions/ChanceForExtraCookedFoodToBeRare	Text	 	{0}% cơ hội món ăn nhân thêm khi nấu là loại hiếm
Conditions/ChanceForOreOnMiningWall	Text	 	{0}% cơ hội nhân loại quặng phổ biến trong bức tường đang đào khi phá tường
Conditions/ChanceForPolishedJewelry	Text	 	{0}% cơ hội nhân bản đánh bóng của vật phẩm chế tạo tại bản kim hoàn
Conditions/ChanceForRandomLootFromWall	Text	 	{0}% cơ hội rơi vật phẩm giá trị từ bất kỳ bức tường nào được đào
Conditions/ChanceOnCritToSpawnThunderBeam	Text	 	{0}% cơ hội tạo tia sét khi chí mạng cận chiến
Conditions/ChanceOnHitToApplySlipperyMovement	Text	 	{0}% cơ hội gây trơn trượt khi đánh trúng
Conditions/ChanceOnHitToGainMeleeAttackSpeed	Text	 	{0}% cơ hội khi đánh trúng cận chiến tăng 50% tốc độ tấn công cận chiến trong thời gian ngắn
Conditions/ChanceOnHitToIncreaseRangeDamage	Text	 	{0}% cơ hội khi đánh trúng cận chiến tăng 30% sát thương đánh xa
Conditions/ChanceOnHitToKillTargetWithLowerHealth	Text	 	{0}% cơ hội khi đánh trúng tiêu diệt ngay mục tiêu có lượng máu thấp hơn bạn
Conditions/ChanceOnHitToKnockback	Text	 	{0}% cơ hội đẩy lùi
Conditions/ChanceOnHitToSpawnScarabBossProjectile	Text	 	{0}% cơ hội khi đánh trúng cận chiến hoặc đánh xa tạo viên đạn cổ xưa bám theo mục tiêu và gây sát thương khi va chạm
Conditions/ChanceOnHitToStun	Text	 [new]	Có cơ hội làm choáng khi đánh trúng
Conditions/ChanceOnKillToSummonGhost	Text	 	{0}% cơ hội triệu hồi hơn mà Caveling khi tiêu diệt kẻ địch
Conditions/ChanceOnMeleeHitToStun	Text	 	{0}% cơ hội làm choáng mục tiêu khi đánh trúng cận chiến
Conditions/ChanceOnRangeHitToSpawnOctopusBossProjectile	Text	 	{0}% cơ hội tạo lốc xoáy khi đánh trúng từ xa
Conditions/ChanceOnRangeShotToApplySlowedBySlime	Text	 	20% cơ hội làm chậm mục tiêu {0}% khi đánh trúng từ xa
Conditions/ChanceOnRangeShotToStun	Text	 	{0}% cơ hội làm choáng mục tiêu khi đánh trúng từ xa
Conditions/ChanceOnShotToGainCriticalHitChance	Text	 	{0}% cơ hội khi đánh trúng từ xa tăng 100% cơ hội chí mạng trong thời gian ngắn
Conditions/ChanceOnShotToIncreaseMeleeDamage	Text	 	{0}% cơ hội khi đánh trúng từ xa tăng 30% sát thương cận chiến
Conditions/ChanceToAddRandomConditionOnHit	Text	 	Cơ hội cao gây một hiệu ứng ngẫu nhiên khi đánh trúng
Conditions/ChanceToApplyCharmed	Text	 	Mê hoặc mục tiêu trong 20 giây
Conditions/ChanceToApplyPoisonOnBlock	Text	 	{0}% cơ hội gây độc khi chấn đòn cận chiến, giảm 75% lượng hồi máu kẻ địch nhận được
Conditions/ChanceToApplyPoisoned	Text	 	{0}% cơ hội gây độc khi đánh trúng, giảm 75% lượng hồi máu kẻ địch nhận được
Conditions/ChanceToConsumeBurning	Text	 	{0}% cơ hội khi đánh trúng hấp thụ hiệu ứng thiêu đốt của mục tiêu và gây ngay toàn bộ sát thương thiêu đốt độ
Conditions/ChanceToDealTripleDamage	Text	 	{0}% cơ hội gây sát thương gặp ba khi đánh trúng
Conditions/ChanceToDropExplosivesComponents	Text	 [new]	Có cơ hội rớt linh kiện chất nổ
Conditions/ChanceToGainExtraCookedFood	Text	 	{0}% cơ hội nhận thêm món ăn
Conditions/ChanceToGainExtraItemFromAlchemy	Text	 	{0}% cơ hội nhận thêm vật phẩm khi chế tạo tại bàn giả kim hoặc máy chưng cất
Conditions/ChanceToGainExtraItemFromBaseBuilding	Text	 	{0}% cơ hội nhận thêm vật phẩm khi chế tạo tường, sàn, cầu hoặc hàng rào
Conditions/ChanceToGainRarePlant	Text	 	{0}% cơ hội cây do bán trồng trở thành cây vàng
Conditions/ChanceToGetDoubleFish	Text	 	{0}% cơ hội nhân đôi cá khi cậu được cá
Conditions/ChanceToNotConsumeExplosives	Text	 [new]	Có cơ hội không tiêu hao chất nổ
Conditions/ChanceToNotConsumeWaterCan	Text	 	{0}% cơ hội không tốn nước khi dùng bình tưới
Conditions/ChanceToPreserveBait	Text	 	{0}% cơ hội không mất mỗi khi cầu được cả
Conditions/ChanceToRestoreHealthOnMeleeHit	Text	 	10% cơ hội hồi {0}% máu khi đánh trúng cận chiến
Conditions/ChanceToShootShockWaveOnBlock	Text	 	{0}% cơ hội khí chặn đơn phóng ra sóng xung kích gây sát thương bằng luồng đa chân
Conditions/ChanceToSpawnFireOnAttack	Text	 [new]	Có cơ hội tạo lửa khi tấn công
Conditions/ChanceToSpawnNapalmFromExplosives	Text	 [new]	Có cơ hội tạo napalm từ chất nổ
Conditions/ChanceToSpawnNapalmOnExplosion	Text	 [new]	Có cơ hội tạo napalm khi nổ
Conditions/ChannelVoidBreach	Text	 [new]	Đạn vào lối Hư Không
Conditions/CheatDeath	Text	 	{0}% cơ hội hỏi một ít máu thay vì chết khi nhân sát thương chi tử
Conditions/ClosedEyes	Text	 [new]	Nhắm mắt
Conditions/CritChance	Text	 	{0}% cơ hội chí mạng
Conditions/CritDamageIncreaseAgainstBurning	Text	 	{0}% sát thương chí mạng lên mục tiêu đang cháy
Conditions/CriticalDamagePercentageIncrease	Text	 	{0}% sát thương chí mạng
Conditions/DamageIncreaseAgainstBurning	Text	 	{0}% sát thương lên mục tiêu đang cháy
Conditions/DamageIncreaseAgainstPoisoned	Text	 	{0}% sát thương lên mục tiêu trúng độc
Conditions/DamageIncreaseAgainstStunned	Text	 	{0}% sát thương lên mục tiêu bị choáng
Conditions/DamageIncreaseFromRunning	Text	 	{0}% sát thương nhỏ chảy
Conditions/DamageIncreaseIfBurning	Text	 [new]	Tăng sát thương nếu đang chạy
Conditions/DealAoeFireDamageOnBlock	Text	 	Gay {0} sát thương lên mọi kẻ địch gần đó khi chặn đòn bằng khiên
Conditions/DiggingIncrease	Text	 	{0} sát thương xúc đất
Conditions/DodgeChance	Text	 	{0}% cơ hội né đòn
Conditions/DodgeIncreaseFromStandingStill	Text	 	{0}% cơ hội né đòn khi đứng yên
Conditions/DrainLessHunger	Text	 	Giảm {0}% thức ăn tiêu hao khi chạy
Conditions/DrenchedInOil	Text	 [new]	Dầu
Conditions/DurabilityIncreaseAfterMiningOre	Text	 	Hồi {0} độ bền cho công cụ khi phá tường chứa quặng
Conditions/EquipmentDurabilityLastsLonger	Text	 	{0}% cơ hội không mật độ bên trang bị khi nhận sát thương
Conditions/ExplosionIncreaseMeleeDamage	Text	 [new]	Vụ nổ tăng sát thương cận chiến
Conditions/ExplosivesApplyOilOnGround	Text	 [new]	Chất nổ thi triển dầu xuống đất
Conditions/ExtraHarvestChance	Text	 	{0}% sản lượng thu hoạch
Conditions/ExtraHealFromSleepPercentage	Text	 [new]	Hồi máu thêm phần trăm khi ngủ
Conditions/FishBitesFaster	Text	 	Cá (và các thứ khác) cần cẩu nhanh hơn {0}%
Conditions/FishStartsCloserToBeReeledIn	Text	 	Cá bắt đầu gần hơn {0}% khi kéo về
Conditions/GainArmorAtLowHealth	Text	 	{0}% giáp khí màu thấp
Conditions/GainAttackSpeedBoostAfterDodge	Text	 	{0}% tốc độ tấn công cận chiến và đánh xa trong thời gian ngắn sau khi né đòn
Conditions/GainAttackSpeedFromMissingHealth	Text	 	Tốc độ tấn công tăng 0.2% cho mỗi phần trăm máu đã mất
Conditions/GainCriticalHitChanceFromStandingStill	Text	 	{0}% cơ hội chí mạng sau khi đứng yên trong thời gian ngắn
Conditions/GainDamageIncreaseAfterMining	Text	 	{0}% sát thương trong thời gian ngắn sau khi đào tường
Conditions/GainDamageIncreaseAtLowHealth	Text	 	{0}% sát thương khi máu thấp
Conditions/GainDamageIncreaseAtMaxHealth	Text	 	{0}% sát thương khi đầy máu
Conditions/GainDamageIncreaseFromRunning	Text	 	{0}% sát thương sau khi chạy liên tục trong thời gian ngắn
Conditions/GainDodgeIncreaseWhileStandingStill	Text	 	{0}% cơ hội né đòn sau khi đứng yên trong thời gian ngắn
Conditions/GainExtraIndustryItems	Text	 	{0} vật phạm nhân thêm khi chế tạo đường ray, dây điện hoặc băng chuyền
Conditions/GainHealthRegenWhileBelowHalfHealth	Text	 	Hồi {0} máu mỗi giây khi dưới nửa máu tối đa
Conditions/GainIncreasedBossDamageFromEatingFish	Text	 	{0}% sát thương lên trùm sau khi ăn cá hoặc món ăn làm từ cá
Conditions/GainIncreasedMaxHealthFromAllSkillPoints	Text	 	{0}% tổng điểm kỹ năng được cộng vào máu tối đa
Conditions/GainIncreasedMaxHealthFromPet	Text	 	{0}% máu khi trang bị thú cưng
Conditions/GainMagicDamagePercentageBoostAfterCrit	Text	 	{0}% sát thương phép trong thời gian ngắn khi chí mạng
Conditions/GainManaFromExplosion	Text	 [new]	Nhận mana từ vụ nổ
Conditions/GainManaOnCrit	Text	 [new]	Nhân mana khi chí mạng
Conditions/GainManaPercentageOnCrit	Text	 	Hồi {0}% mana khi chí mạng
Conditions/GainManaPercentageOnDamageTaken	Text	 	Hồi {0}% mana khi nhận sát thương
Conditions/GainMeleeAttackSpeedFromCookedFood	Text	 	{0}% tốc độ tấn công cận chiến khi ăn món ăn da nâu
Conditions/GainMeleeDamageAsLongAsNotTakenDamage	Text	 	{0}% sát thương cận chiến khi không nhân sát thương trực tiếp trong một lúc
Conditions/GainMeleeDamageFromHitting	Text	 	Nhân 2% sát thương cận chiến mỗi lần đánh trúng kẻ địch, cộng dồn tối đa {0} lần
Conditions/GainMeleeDamageIncreaseFromHittingSameTarget	Text	 	Nhân {0}% sát thương cận chiến khi đánh trúng liên tiếp cùng một mục tiêu
Conditions/GainMoreFoodFromCookedFood	Text	 	{0}% thức ăn từ món ăn đã nấu
Conditions/GainMoreFoodFromPlants	Text	 	{0}% thức ăn khi ăn thực vật hoặc món ăn làm từ thực vật
Conditions/GainMovementSpeedFromRunningConsistently	Text	 	{0}% tốc độ di chuyển sau khi chạy liên tục trong thời gian ngắn
Conditions/GainRangeAttackSpeedPerMinion	Text	 	{0}% tốc độ đánh xa cho mỗi tay sai đang hoạt động
Conditions/GainRangeDamageFromShooting	Text	 	Nhân 2% sát thương đánh xa mỗi lần bắn trúng kẻ địch, cộng dồn tối đa {0} lần
Conditions/GainRangeDamageIncreaseFromStandingStill	Text	 	{0}% sát thương đánh xa sau khi đứng yên trong thời gian ngắn
Conditions/GainRemainingManaAsMagicDamagePercentage	Text	 	Tối đa {0}% sát thương phép dựa trên lượng mana còn lại
Conditions/GainSleepFromStandingStill	Text	 [new]	Nạp thể lực khi đứng yên
Conditions/GodMode	Text	 	Bạn đang ở chế độ bất tử
Conditions/GreenGlow	Text	 [new]	Phát sáng màu xanh
Conditions/HealOnMinionDespawn	Text	 	Tay sai hỏi cho bạn {0}% máu khi biến mất
Conditions/HealOverTime	Text	For example '+5 health every second'	{0} máu mỗi giây
Conditions/HealOverTimePercentage	Text	For example '+5% health every second'	{0}% máu mỗi giây
Conditions/HealingPotionAddHealOverTime	Text	 	Thuốc hồi máu hồi thêm {0}% lượng máu nhận từ thuốc theo thời gian
Conditions/HealthAddition	Text	{0} will be replaced by +10 for example so it says +10 health which can appear on an item description	{0} máu
Conditions/HealthAdditionPercentage	Text	 	{0}% máu
Conditions/HealthReduction	Text	 	{0} máu
Conditions/HungerAddition	Text	 	{0} thức ăn
Conditions/HungerAdditionOnHarvest	Text	 	{0} thức ăn nhận được khi thu hoạch cây trồng
Conditions/ImmuneToAcid	Text	 	Miễn nhiễm sát thương axit
Conditions/ImmuneToBurning	Text	 	Miễn nhiễm thiêu đốt
Conditions/ImmuneToDamageAfterRespawn	Text	 	Miễn nhiễm sát thương
Conditions/ImmuneToMold	Text	 	Miễn nhiễm nhiễm mốc
Conditions/ImmuneToOil	Text	 [new]	Miễn nhiễm dầu
Conditions/ImmuneToPoison	Text	 	Miễn nhiễm độc
Conditions/ImmuneToRadioactiveDamage	Text	 	Miễn nhiễm sát thương phóng xạ
Conditions/ImmuneToSlimeSlow	Text	 	Miễn nhiễm hiệu ứng làm chậm của slime
Conditions/ImmuneToSlipperyMovement	Text	 	Miễn nhiễm trơn trượt
Conditions/ImmuneToStun	Text	 	Miễn nhiễm choáng
Conditions/IncreaseCritChanceAfterPoisonApply	Text	 	{0}% cơ hội chí mạng trong thời gian ngắn sau khi gây độc thành công
Conditions/IncreaseManaCostAndMagicDamagePercentage	Text	 [new]	Tăng phi mana và sát thương phép theo phần trăm
Conditions/IncreaseManaCostAndMagicDamagePercentagePerSecond	Text	 [new]	Tăng phí mana và sát thương phép mỗi giây
Conditions/IncreaseSequenceExplosionTotalMaxExplosionsOnHit	Text	 [new]	Tăng số vụ nổ tối đa trong chuỗi khi đánh trúng
Conditions/IncreasedAppliedStunDuration	Text	 	{0}% thời gian choàng gây ra
Conditions/IncreasedArmorPercentageWhileAdjacentToWater	Text	 	{0}% giáp khí ở cạnh nước
Conditions/IncreasedBoatSpeed	Text	 	{0}% tốc độ thuyền
Conditions/IncreasedBurningDamagePercentage	Text	 [new]	Tăng sát thương Lúa chạy theo phần trăm
Conditions/IncreasedChanceForHigherRarityFish	Text	 	{0}% cơ hội cá hiếm hơn cần câu
Conditions/IncreasedChanceToGetFish	Text	 	{0}% cơ hội cá mắc câu
Conditions/IncreasedChanceToGetFishLoot	Text	 	{0}% cơ hội cầu được vật phẩm giá trị hoặc do khác không phải cả khi cầu
Conditions/IncreasedChanceToSpawnMinionOnHit	Text	 	{0}% cơ hội tạo tay sai khi đánh trúng kẻ địch
Conditions/IncreasedCharmDuration	Text	 	{0}% thời gian hiệu lực của hiệu ứng mẹ hoặc gây ra
Conditions/IncreasedDamageAgainstBosses	Text	 	{0}% sát thương lên trùm
Conditions/IncreasedDamageBasedOnTargetRemainingHealth	Text	 	Gây thêm tối đa {0}% sát thương dựa trên lượng máu còn lại của mục tiêu
Conditions/IncreasedDamageTakenPercentage	Text	 	{0}% sát thương nhận vào
Conditions/IncreasedDashDuration	Text	 	{0}% thời gian lượt
Conditions/IncreasedExplosivesDamage	Text	 	{0}% sát thương chất nổ
Conditions/IncreasedExplosivesRadiusPercentage	Text	 [new]	Tầng bán kính chất nổ theo phần trăm
Conditions/IncreasedFishing	Text	 	{0} câu cá
Conditions/IncreasedHealOnMinionDamage	Text	 	Hồi {0}% theo sát thương tấn công của tay sai
Conditions/IncreasedHealthRegenEffectiveness	Text	 	{0}% lượng hồi máu từ hiệu ứng hồi máu theo thời gian
Conditions/IncreasedMagicDamagePercentage	Text	 	{0}% sát thương phép
Conditions/IncreasedMagicDamagePercentageFromAdjacentWater	Text	 [new]	Tăng sát thương phép khi sát nước
Conditions/IncreasedMagicDamagePercentageWhileAdjacentToWater	Text	 [new]	Tăng sát thương phép khi dùng cần nước
Conditions/IncreasedMagicDamageToMinionDamage	Text	 	Sát thương tay sai tăng thêm bằng {0}% lượng sát thương phép tăng thêm của bạn
Conditions/IncreasedManaRegen	Text	 	{0} mana mỗi giây
Conditions/IncreasedManaRegenEffectiveness	Text	 	{0}% tốc độ hồi mana
Conditions/IncreasedMaxHealth	Text	 	{0} máu tối đa
Conditions/IncreasedMaxHealthPermanent	Text	 	{0} máu tối đa
Conditions/IncreasedMaxMana	Text	 	{0} mana tối đa
Conditions/IncreasedMaxMinions	Text	 	{0} số tay sai tối đa
Conditions/IncreasedMinionAttackSpeed	Text	 	{0}% tốc độ tấn công của tay sai
Conditions/IncreasedMinionBossDamagePercentage	Text	 [new]	Tăng sát thương của lính khi đánh boss
Conditions/IncreasedMinionCountAsMagicBarrier	Text	 	{0} khiển phép cho mỗi tay sai đang hoạt động
Conditions/IncreasedMinionCountAsMagicDamagePercentage	Text	 	{0}% sát thương phép cho mỗi tay sai đang hoạt động
Conditions/IncreasedMinionCritChance	Text	 	{0}% cơ hội chí mạng của tay sai
Conditions/IncreasedMinionCritDamagePercentage	Text	 [new]	Tăng sát thương chí mạng của lính
Conditions/IncreasedMinionDamage	Text	 	{0} sát thương tay sai
Conditions/IncreasedMinionDamagePercentage	Text	 	{0}% sát thương tay sai
Conditions/IncreasedMinionLifespanPercentage	Text	 	{0}% thời gian tồn tại của tay sai
Conditions/IncreasedPickUpRadius	Text	 	{0}% phạm vi nhặt đồ
Conditions/IncreasedRodRange	Text	 	{0}% tầm quăng cần câu
Conditions/InfectedWithMold	Text	 	{0}% tốc độ di chuyển, nhiễm mốc làm tốc độ di chuyển chậm dần
Conditions/KillsIncreaseCritChance	Text	 	Tiêu diệt kẻ địch tăng 3% cơ hội chỉ mạng, cộng dồn tối đa 5 lần
Conditions/KingOfSlimes	Text	 	Bạn là vua của loại slime
Conditions/LarvaDisguise	Text	 	Cải trang thành ấu trùng
Conditions/LifeOnHit	Text	 	{0} máu mỗi đòn cận chiến trúng
Conditions/LifeOnMinionHit	Text	 [new]	Trả máu khi lính đánh trúng
Conditions/LifeOnPetHit	Text	 [new]	Trả máu khi thú cưng đánh trúng
Conditions/LightningGunChainLightning	Text	 	Khi nhắm vào kẻ địch, tia sét sẽ lan sang 3 kẻ địch khác gần đó
Conditions/LongerCookedFoodBuffs	Text	 	{0}% thời gian hiệu lực của hiệu ứng từ món ăn
Conditions/LookLikeGhost	Text	 	Trong bạn như một hồn ma
Conditions/Love	Text	 	Mang lại cho bạn cảm giác ấm áp trong tim
Conditions/MagicBarrier	Text	 	{0} khiên phép
Conditions/MagicBarrierAsManaRegen	Text	 	Hồi {0}% khiên phép thành mana mỗi giây
Conditions/MagicBarrierAsManaRegenPercentage	Text	 	{0}% khiến phép được cộng vào tốc độ hồi mana
Conditions/ManaAdditionPercentage	Text	 [new]	Tầng mana theo phần trăm
Conditions/ManaBarrier	Text	 	{0}% sát thương nhận vào được hấp thụ bởi lượng mana của bạn
Conditions/ManaOnHit	Text	 [new]	Nhân mana khi đánh trúng
Conditions/MeleeAttackSpeedIncrease	Text	 	{0}% tốc độ tấn công cận chiến
Conditions/MeleeDamageIncrease	Text	{0} will be replaced by +10 for example so it says +10 damage which can appear on an item description	{0}% sát thương cận chiến
Conditions/MiningIncrease	Text	 	{0} sát thương khai khoáng
Conditions/MiningPercentageIncrease	Text	 	{0}% sát thương khai khoáng
Conditions/MiningSpeedIncrease	Text	 	{0}% tốc độ đào
Conditions/MinionsExplodeAsTheyDespawn	Text	 [new]	Lính phát nổ khi biến mất
Conditions/MovementSpeedBoostAfterDodge	Text	 	{0}% tốc độ di chuyển trong thời gian ngắn sau khi né đón
Conditions/MovementSpeedBoostAfterMining	Text	 	{0}% tốc độ di chuyển trong thời gian ngắn sau khi đào tường
Conditions/MovementSpeedDecrease	Text	 	{0}% tốc độ di chuyển
Conditions/MovementSpeedIncrease	Text	 	{0}% tốc độ di chuyển
Conditions/MovementSpeedIncreaseFromRunningConsistently	Text	 	{0} tốc độ di chuyển nhỏ chạy liên tục
Conditions/OrangeGlow	Text	 	{0} độ phát sáng
Conditions/PercentageOfFishingAsRange	Text	 	{0}% kỹ năng câu cá được cộng vào sát thương đánh xa
Conditions/PercentageOfMagicBarrierAsMagicDamage	Text	 	{0}% khiến phép được cộng vào sát thương phép
Conditions/PercentageOfMiningAsMelee	Text	 	{0}% sát thương đào được cộng vào sát thương cận chiến
Conditions/PetChanceToGainManaOnAttack	Text	 	{0}% cơ hội hồi mana khi đánh trúng
Conditions/PhysicalMeleeDamageIncrease	Text	 	{0}% sát thương vật lý cận chiến
Conditions/PhysicalRangeDamageIncrease	Text	 	{0}% sát thương vật lý đánh xa
Conditions/PiercingProjectiles	Text	 	Đạn xuyên qua {0} mục tiêu
Conditions/PinkGlow	Text	 	{0} ánh sáng hồng
Conditions/Poisoned	Text	 	Giảm 75% lượng hồi máu nhận được
Conditions/RangeAttackSpeedIncrease	Text	 	{0}% tốc độ đánh xa
Conditions/RangeDamageIncrease	Text	 	{0}% sát thương đánh xa
Conditions/ReadyToAmassThenReciprocateDamage	Text	 [new]	Sẵn sàng tích tụ rồi trả lại sát thương
Conditions/RedGlowingEyes	Text	 	Mặt bàn phát sáng đỏ
Conditions/ReducedAnvilEquipmentCosts	Text	 	Chế tạo và sửa chữa vật phẩm tại để tốn ít hơn {0}% nguyên liệu
Conditions/ReducedDamageFromBosses	Text	 	Giảm {0}% sát thương nhận từ trùm
Conditions/ReducedDamageFromExplosions	Text	 [new]	Giảm sát thương từ vụ nổ
Conditions/ReducedImpactOfSlipperyMovement	Text	 	Giảm {0}% tác động của trơn trượt
Conditions/ReducedImpactOfSlowedBySlime	Text	 	Giảm {0}% tác động làm chậm của slime
Conditions/ReducedMagicBarrierRegenDelayPercentage	Text	 	Giảm {0}% thời gian chờ hỏi khiến phép
Conditions/ReducedManaRegenDelayPercentage	Text	 	Giảm {0}% thời gian chờ hồi mana
Conditions/RemovePoison	Text	 	Loại bỏ mọi chất độc khỏi người uống
Conditions/SeedDropChance	Text	 	{0}% cơ hội nhân hạt giống khi thu hoạch cây trồng
Conditions/ShortMovementSpeedBoost	Text	 	{0}% tốc độ di chuyển trong thời gian ngắn
Conditions/Sleeping	Text	 	Chim vào giấc ngủ
Conditions/SlipperyMovement	Text	 	Bạn đang di chuyển trơn trượt
Conditions/SlipperyMovementFromGround	Text	 	Mặt đất trơn trượt
Conditions/SlowedBySlime	Text	 	{0}% tốc độ di chuyển do slime
Conditions/SnareAndStunDurationReduction	Text	 	Giảm {0}% thời gian bị trói chân và choáng
Conditions/Snared	Text	Can also be translated from 'immobilized' or other similar word meaning that character can't move	Bị trói chân
Conditions/Snowing	Text	 	Bản cảm nhận mùa đông đang ôm lấy mình
Conditions/SpawnExplosionOnDamageTaken	Text	 	Gay {0} sát thương lên mọi kẻ địch gần đó khi nhận sát thương
Conditions/StackedCritChance	Text	 	{0}% cơ hội chí mạng
Conditions/StarvingDamageDecrease	Text	 	Giảm {0}% sát thương và máu tối đa do đói
Conditions/StarvingHealthDecrease	Text	 	Giảm {0}% máu tối đa do đói
Conditions/StarvingMovementSpeedDecrease	Text	 	{0}% tốc độ di chuyển do đói
Conditions/StrongerWellFedBuffs	Text	 	Hiệu ứng nổ bùng mạnh hơn {0}%
Conditions/Stunned	Text	 	Choang
Conditions/Suffocating	Text	 	Ngạt thở
Conditions/ThornsDamage	Text	 	{0} sát thương gai
Conditions/ThornsDamageAddedToMeleeAndRange	Text	 	Sát thương gai được cộng vào sát thương cận chiến và đánh xa của bạn
Conditions/ToolDurabilityLastsLonger	Text	 	{0}% cơ hội không mật độ bền khi dùng công cụ và vũ khí
Conditions/VisibleOreDistanceIncrease	Text	 	{0} ô khoảng cách nhìn thấy quặng
Conditions/VoidGlow	Text	 [new]	Phật sang Hư Không
Conditions/WellFedBuffsThresholdReduction	Text	 	Nhãn hiệu ứng nổ bụng ở mức thức ăn thấp hơn {0}%
Conditions/WellFedDamageIncrease	Text	 	{0}% sát thương và máu tối đa nhờ nó bụng
Conditions/WellFedHealthIncrease	Text	 	{0}% máu tối đa nhờ no bụng
Conditions/WellFedManaRegenerationPercentage	Text	 	{0}% tốc độ hồi mana nhờ no bụng
Conditions/WellFedMovementSpeedIncrease	Text	 	{0}% tốc độ di chuyển nhờ no bụng
ConsoleCommands/AllItemsReinforced	Text	 [new]	Tất cả vật phẩm đã được gia cường
ConsoleCommands/AllItemsRepaired	Text	 [new]	Tất cả vật phẩm đã được sửa chữa
ConsoleCommands/AllItemsSetToLevel	Text	 [new]	Tất cả vật phẩm đã đạt cấp độ như yêu cầu
ConsoleCommands/AmountMustBeLargerThanZero	Text	 [new]	Số lượng phải lớn hơn 0
ConsoleCommands/CannotSpawn	Text	 [new]	Không thể triệu hồi vật phẩm này
ConsoleCommands/CannotSpawnCookedFood	Text	 [new]	Không thể triệu hồi đồ ăn da nâu. Hãy đúng lệnh cho đồ ăn sống trước
ConsoleCommands/ClearedInventory	Text	 [new]	Đã xóa toàn bộ túi đồ
ConsoleCommands/CollectionNotFound	Text	 [new]	Không tìm thấy bộ sưu tập này
ConsoleCommands/ConsolePermissionsWarning	Text	 [new]	Tùy chọn Console này bị tắt do không đủ quyền
ConsoleCommands/ManualCameraDisabled	Text	 [new]	Đã tắt điều khiển camera thủ công
ConsoleCommands/ManualCameraEnabled	Text	 [new]	Đã bắt điều khiển camera thủ công
ConsoleCommands/MeleeHitBoxDisabled	Text	 [new]	Đã tắt hitbox đánh cận chiến
ConsoleCommands/MeleeHitBoxEnabled	Text	 [new]	Đã bật hitbox đánh cận chiến
ConsoleCommands/MustBeInGame	Text	 [new]	Lệnh này chỉ dùng được khi đang trong trận chơi
ConsoleCommands/NearbyEnemiesKilled	Text	 [new]	Đã tiêu diệt tất cả kẻ địch ở gần
ConsoleCommands/NoObjectWithName	Text	 [new]	Không có vật thể nào mang tên đó
ConsoleCommands/NoVariationUsingDefault	Text	 [new]	Không có biến thể nào, đang đứng mặc định
ConsoleCommands/PlayerInvincible	Text	 [new]	Người chơi đang bất tử
ConsoleCommands/PlayerMoved	Text	 [new]	Đã di chuyển người chơi
ConsoleCommands/PlayerVincible	Text	 [new]	Người chơi không còn bất tử
ConsoleCommands/SetBaseMaxHealth	Text	 [new]	Đã đặt máu tối đa cơ bản
ConsoleCommands/SetHealth	Text	 [new]	Đã đặt máu của người chơi
ConsoleCommands/SetHunger	Text	 [new]	Đã đặt độ đói của người chơi
ConsoleCommands/SetMana	Text	 [new]	Đã đạt mana của người chơi
ConsoleCommands/SetSkill	Text	 [new]	Đã đạt kỹ năng cho người chơi
ConsoleCommands/Spawned	Text	 [new]	Đã triệu hồi thành công
ConsoleCommands/SupermanDisabled	Text	 [new]	Đã tắt chế độ siêu nhân
ConsoleCommands/SupermanEnabled	Text	 [new]	Đã bật chế độ siêu nhân
ConsoleCommands/UnlimitedManaDisabled	Text	 [new]	Đã tắt mana vô hạn
ConsoleCommands/UnlimitedManaEnabled	Text	 [new]	Đã bật mana vô hạn
ConsoleCommands/VersionTextEnabled	Text	 [new]	Đã hiển thị văn bản phiên bản
Consoles/AccountRestricted	Text	 	Tài khoản của bạn bị hạn chế. Bạn không thể chơi trực tuyến.
Consoles/BlockedUser	Text	 	Người dùng bị chặn
Consoles/ConfirmSendInvites	Text	 	Gửi lời mời đến {0}?
Consoles/ConnectionErrorGeneric	Text	 	Đã xảy ra lỗi khi kết nối vào trò chơi.
Consoles/ConnectionListenFailed	Text	 	Không thể bắt đầu lắng nghe kết nối đến. Vui lòng kiểm tra kết nối internet của bạn.
Consoles/ConnectionTimeout	Text	 	Kết nối mạng đã hết thời gian chờ.
Consoles/ConnectionToLost	Text	 	Đã mất kết nối mạng đen {0}.
Consoles/ContentFromBlockedUser	Text	 	Nội dung bị cấm
Consoles/Crossplay	Text	 	Chơi chéo nền tảng
Consoles/Eula61	Text	 	CHẤP NHẬN
Consoles/Eula62	Text	 	TU CHOI
Consoles/GameX_ps	Text	 	Trục X cần điều khiển trái
Consoles/GameX_switch	Text	 	Trục X cần điều khiển trái
Consoles/GameX_xbox	Text	 	Trục X cần điều khiển trái
Consoles/GameY_ps	Text	 	Trực Y cần điều khiển trái
Consoles/GameY_switch	Text	 	Trực Y cần điều khiển trái
Consoles/GameY_xbox	Text	 	Trực Y cần điều khiển trái
Consoles/GamepadSpeakerPS	Text	 	Loa
Consoles/InviteAcceptFailed	Text	 	Đã xảy ra lỗi khi xử lý lỗi mới.
Consoles/InviteOnly	Text	 	Phiên chỉ dành cho người được mời
Consoles/InvitePlayers	Text	 	Mọi người chơi
Consoles/InvitesFailed	Text	 	Gửi lời mời đến {0} thất bại
Consoles/InvitesSent	Text	 	Đã gửi lời mời đến {0} thành công
Consoles/LightBarPS	Text	 	Thanh đến
Consoles/MissingPrivilege	Text	 	Ban thiếu một quyền cần thiết. Không thể tiếp tục.
Consoles/MissingPrivilegeReason	Text	 	Ban thiếu quyền {0}. Không thể tiếp tục.
Consoles/NewPatchAvailable	Text	 	Đã cơ bản và mới. Vui lòng tải về để sử dụng các tính năng trực tuyến.
Consoles/NintendoSwitchOnline	Text	 	Nintendo Switch Online
Consoles/NoInvitableUsers	Text	 	Không có người chơi nào để mời
Consoles/PlayStationNetwork	Text	 	PlayStation™Network
Consoles/RightJoyStickX_ps	Text	 	Trục X cần điều khiển phải
Consoles/RightJoyStickX_switch	Text	 	Trục X cần điều khiển phải
Consoles/RightJoyStickX_xbox	Text	 	Trục X cần điều khiển phải
Consoles/RightJoyStickY_ps	Text	 	Trực Y cần điều khiển phải
Consoles/RightJoyStickY_switch	Text	 	Trực Y cần điều khiển phải
Consoles/RightJoyStickY_xbox	Text	 	Trực Y cần điều khiển phải
Consoles/RightJoystickBack_ps	Text	 	Cần điều khiển phải: quay lại
Consoles/RightJoystickBack_switch	Text	 	Cần điều khiển phải: quay lại
Consoles/RightJoystickBack_xbox	Text	 	Cần điều khiển phải: quay lại
Consoles/RightJoystickForward_ps	Text	 	Cần điều khiển phải về trước
Consoles/RightJoystickForward_switch	Text	 	Cần điều khiển phải về trước
Consoles/RightJoystickForward_xbox	Text	 	Cần điều khiển phải về trước
Consoles/RightJoystickLeft_ps	Text	 	Cần điều khiển phải sang trái
Consoles/RightJoystickLeft_switch	Text	 	Cần điều khiển phải sang trái
Consoles/RightJoystickLeft_xbox	Text	 	Cần điều khiển phải sang trái
Consoles/RightJoystickRight_ps	Text	 	Cần điều khiển phải sang phải
Consoles/RightJoystickRight_switch	Text	 	Cần điều khiển phải sang phải
Consoles/RightJoystickRight_xbox	Text	 	Cần điều khiển phải sang phải
Consoles/SelectSession	Text	 	Chôn phiên
Consoles/SessionCreateFailed	Text	 	Tào phiên thất bại.
Consoles/SessionFull	Text	 	Phiên bản đang có tham gia đã dạy.
Consoles/SessionFullWithPlayerCount	Text	 [new]	Phiên chơi này đã dạy (tối đa {0} người chơi)
Consoles/SessionJoinFailed	Text	 	Tham gia phiên nhiều người chơi thất bại.
Consoles/SessionStartFailed	Text	 	Không thể bắt đầu phiền nhiễu người chơi. Vui lòng kiểm tra kết nối internet của bạn.
Consoles/SettingControllerSpeaker	Text	Indicates the speaker on the DualShock 4 or DualSense Controller	Loa tay cầm
Consoles/SettingVibrationNintendoSwitch	Text	 	Rừng HD
Consoles/ShowButtonHintsNintendo	Text	 	Hiện gợi ý nút
Consoles/ShowButtonHintsPlayStation	Text	 	Hiện gợi ý nút
Consoles/ShowButtonHintsXbox	Text	 	Hiện gợi ý nút
Consoles/StartGameOffline	Text	 	Bắt đầu chơi ngoại tuyến
Consoles/TriggerEffects	Text	 [new]	Kích hoạt hiệu ứng
Consoles/UgcLastEditedBy	Text	 	Tác giả: {0}
Consoles/XboxNetwork	Text	 	Mạng Xbox
Consoles/clickToActivateConsoles	Text	 	Nhân {0} để kích hoạt.
Consoles/clickToDeactivateConsoles	Text	 	Nhân {0} để hủy kích hoạt.
Consoles/elementAssignmentPrePollingWindowMessage_ps	Text	 	Trước tiên hãy đưa tất cả cần và trực về vị trí giữa hoặc số không rơi nhấn nút bất kỳ, hoặc cho hết giờ.
Consoles/elementAssignmentPrePollingWindowMessage_switch	Text	 	Trước tiên hãy đưa tất cả cần và trực về vị trí giữa hoặc số không rơi nhấn nút bất kỳ, hoặc cho hết giờ.
Consoles/elementAssignmentPrePollingWindowMessage_xbox	Text	 	Trước tiên hãy đưa tất cả cần và trực về vị trí giữa hoặc số không rơi nhấn nút bất kỳ, hoặc cho hết giờ.
Consoles/joystickElementAssignmentPollingWindowMessage_ps	Text	 	Bây giờ nhận một nút hoặc di chuyển một trục để gắn cho {0}.
Consoles/joystickElementAssignmentPollingWindowMessage_switch	Text	 	Bây giờ nhận một nút hoặc di chuyển một trục để gắn cho {0}.
Consoles/joystickElementAssignmentPollingWindowMessage_xbox	Text	 	Bây giờ nhận một nút hoặc di chuyển một trục để gắn cho {0}.
Consoles/portalGoToDescConsoles	Text	 	Nhân {0} để dịch chuyển đến cổng này.
Consoles/pressAnyButtonNintendoSwitch	Text	 	Nhấn nút bất kỳ
Consoles/pressAnyButtonPS4	Text	 	Nhấn nút bất kỳ
Consoles/pressAnyButtonXbox	Text	 	Nhấn nút bất kỳ
Consoles/skillInfoConsoles	Text	 	Nhân {0} để mở rộng cây tài năng.
Consoles/vanityToggleVisibilityConsoles	Text	 	Nhân {0} đề bạt/tắt hiển thị trang bị
ContentBundles/AbioticFactor	Text	 [new]	Abiotic Factor
ContentBundles/AbioticFactorDesc	Text	 [new]	Cho phép nội dung Abiotic Factor xuất hiện trong thế giới của bạn.
ContentBundles/BiomeStatues	Text	 [new]	Tượng các long địa
ContentBundles/BiomeStatuesDesc	Text	 [new]	Thêm các tượng đại diện cho những khu vực vào thế giới.
ContentBundles/GiantCicadaBossDungeon	Text	 [new]	Hầm ngục Ve sầu khổng lồ
ContentBundles/GiantCicadaBossDungeonDesc	Text	 [new]	Thêm hầm ngục của Ve sầu khổng lồ vào thế giới.
ContentBundles/GuaranteedOases	Text	 [new]	Đảm bảo Oasis
ContentBundles/GuaranteedOasesDesc	Text	 [new]	Đảm bảo các Oasis luôn xuất hiện trong thế giới của bạn.
ContentBundles/NatureBiomeCicadas	Text	 [new]	Ve sầu Khu thiên nhiên
ContentBundles/NatureBiomeCicadasDesc	Text	 [new]	Thêm Ve sầu thiên nhiên vào Khu thiên nhiên.
ControlMapper/A4	Text	 	A4
ControlMapper/A4S	Text	 	A#4
ControlMapper/A5	Text	 	A5
ControlMapper/A5S	Text	 	A#5
ControlMapper/AccelerateVehicle	Text	 	Tăng tốc xe
ControlMapper/Assign	Text	 [new]	Gán phím
ControlMapper/AssignJoystickMessagePC	Text	 [new]	Nhấn phím hoặc di chuyển cần điều khiển để gắn cho hành động này
ControlMapper/AssignJoystickMessagePlaystation	Text	 [new]	Nhấn nút hoặc di chuyển cần điều khiển để gắn cho hành động này
ControlMapper/AssignJoystickMessageSwitch	Text	 [new]	Nhấn nút hoặc di chuyển cần điều khiển để gắn cho hành động này
ControlMapper/AssignJoystickMessageXbox	Text	 [new]	Nhấn nút hoặc di chuyển cần điều khiển để gắn cho hành động này
ControlMapper/B4	Text	 	B4
ControlMapper/B5	Text	 	B5
ControlMapper/C4	Text	 	C4
ControlMapper/C4S	Text	 	C#4
ControlMapper/C5	Text	 	C5
ControlMapper/C5S	Text	 	C#5
ControlMapper/CharacterAimDown	Text	 [new]	Nhằm xuống
ControlMapper/CharacterAimLeft	Text	 [new]	Nham trai
ControlMapper/CharacterAimRight	Text	 [new]	Nhằm phải
ControlMapper/CharacterAimUp	Text	 [new]	Nhầm lên
ControlMapper/CharacterMoveDown	Text	 [new]	Di chuyển xuống
ControlMapper/CharacterMoveLeft	Text	 [new]	Di chuyển sang trại
ControlMapper/CharacterMoveRight	Text	 [new]	Di chuyển sang phải
ControlMapper/CharacterMoveUp	Text	 [new]	Di chuyển lên
ControlMapper/CoreEnhanceCategory	Text	 [new]	CoreEnhance
ControlMapper/CoreEnhanceDescription	Text	 [new]	Phím tắt CoreEnhance
ControlMapper/CoreEnhance_ClearDropItem	Text	 [new]	Vứt vật phẩm
ControlMapper/CoreEnhance_ContainerHighLight	Text	 [new]	Đánh dấu vật chứa
ControlMapper/CoreEnhance_MoveChest	Text	 [new]	Di chuyển rương
ControlMapper/CoreEnhance_QuickOpenLockedChest	Text	 [new]	Mở nhanh rương bị khóa
ControlMapper/CoreLibCategory	Text	 [new]	CoreLib
ControlMapper/CoreLibDescription	Text	 [new]	Tùy chỉnh phím cho các mod dùng thư viện CoreLib
ControlMapper/CoreLib_CompleteKey	Text	 [new]	Hoàn tất tổ hợp
ControlMapper/CoreLib_DownKey	Text	 [new]	Phím chọn xuống
ControlMapper/CoreLib_ToggleQC	Text	 [new]	Bật/tắt chế độ chế nhanh
ControlMapper/CoreLib_UpKey	Text	 [new]	Phím chọn lên
ControlMapper/D4	Text	 	D4
ControlMapper/D4S	Text	 	D#4
ControlMapper/D5	Text	 	D5
ControlMapper/D5S	Text	 	D#5
ControlMapper/DefaultCategory	Text	 	Mặc định
ControlMapper/DefaultDescription	Text	 [new]	Phím dùng trong Core Keeper
ControlMapper/DropSelectedItem	Text	 	Thả vật phẩm ra thế giới
ControlMapper/E4	Text	 	E4
ControlMapper/E5	Text	 	E5
ControlMapper/EquipPreset1	Text	 	Dừng bộ trang bị 1
ControlMapper/EquipPreset2	Text	 	Dừng bộ trang bị 2
ControlMapper/EquipPreset3	Text	 	Dừng bộ trang bị 3
ControlMapper/EquipSlot1	Text	 	Trang bị ở 1
ControlMapper/EquipSlot10	Text	 	Trang bị ở 10
ControlMapper/EquipSlot2	Text	 	Trang bị ở 2
ControlMapper/EquipSlot3	Text	 	Trang bị ở 3
ControlMapper/EquipSlot4	Text	 	Trang bị ở 4
ControlMapper/EquipSlot5	Text	 	Trang bị ở 5
ControlMapper/EquipSlot6	Text	 	Trang bị ở 6
ControlMapper/EquipSlot7	Text	 	Trang bị ở 7
ControlMapper/EquipSlot8	Text	 	Trang bị ở 8
ControlMapper/EquipSlot9	Text	 	Trang bị ở 9
ControlMapper/F4	Text	 	F4
ControlMapper/F4S	Text	 	F#4
ControlMapper/F5	Text	 	F5
ControlMapper/F5S	Text	 	F#5
ControlMapper/G4	Text	 	G4
ControlMapper/G4S	Text	 	G#4
ControlMapper/G5	Text	 	G5
ControlMapper/G5S	Text	 	G#5
ControlMapper/GameCancel	Text	 	Đóng
ControlMapper/GameConfirm	Text	 	Xác nhận
ControlMapper/GameInteract	Text	 	Tấn công
ControlMapper/GameMenu	Text	 	Mở menu
ControlMapper/GameNextItem	Text	 	Trang bị vật phẩm kế tiếp
ControlMapper/GamePreviousItem	Text	 	Trang bị vật phẩm trước đó
ControlMapper/GameSecondInteract	Text	 	Dùng vật phẩm
ControlMapper/GameX	Text	 	Trục X joystick trái
ControlMapper/GameY	Text	 	Trực Y joystick trái
ControlMapper/Honk	Text	 	Bám còi xe
ControlMapper/HotbarSwapModifierPC	Text	 [new]	Phím bổ trợ đổi thanh công cụ (PC)
ControlMapper/HotbarSwapModifierPlaystation	Text	 [new]	Phím bổ trợ đổi thanh công cụ (PlayStation)
ControlMapper/HotbarSwapModifierSwitch	Text	 [new]	Phím bổ trợ đổi thanh công cụ (Switch)
ControlMapper/HotbarSwapModifierXbox	Text	 [new]	Phím bổ trợ đổi thanh công cụ (Xbox)
ControlMapper/IngameCategory	Text	 [new]	Trong trận chơi
ControlMapper/IngameDescription	Text	 [new]	Phím sử dụng khi đang chơi
ControlMapper/InventoryCategory	Text	 [new]	Túi đồ
ControlMapper/InventoryDescription	Text	 [new]	Phím sử dụng trong túi đồ
ControlMapper/ItemBrowser-ShowSourcesPC	Text	 [new]	Trình duyệt vật phẩm: Hiển thị nguồn
ControlMapper/ItemBrowser-ShowTechnicalInfoPC	Text	 [new]	Trình duyệt vật phẩm: Hiển thị thông tin kỹ thuật
ControlMapper/ItemBrowser-ShowUsagesPC	Text	 [new]	Trình duyệt vật phẩm: Hiển thị cách dùng
ControlMapper/ItemBrowser-SpawnItemPC	Text	 [new]	Trình duyệt vật phẩm: Phát vật phẩm
ControlMapper/ItemBrowser-ToggleBrowserPC	Text	 [new]	Trình duyệt vật phẩm: Bật/tắt trình duyệt
ControlMapper/ItemBrowser-ToggleTileGridPC	Text	 [new]	Trình duyệt vật phẩm: Bật/tắt lưới ô
ControlMapper/MapMoveDown	Text	 [new]	Cuốn bản đồ xướng
ControlMapper/MapMoveLeft	Text	 [new]	Cuốn bản đồ sang trái
ControlMapper/MapMoveRight	Text	 [new]	Cuốn bản đồ sang phải
ControlMapper/MapMoveUp	Text	 [new]	Cuốn bản đồ lên
ControlMapper/MapNextMarker	Text	 [new]	Điểm đánh dấu tiếp theo
ControlMapper/MapPing	Text	 	Ping bản đồ
ControlMapper/MapPreviousMarker	Text	 [new]	Điểm đánh dấu trước đó
ControlMapper/MapViewCategory	Text	 [new]	Bản đồ
ControlMapper/MapViewDescription	Text	 [new]	Phím sử dụng khi xem bản đồ
ControlMapper/MenuDown	Text	 	UI trong game: xuống
ControlMapper/MenuLeft	Text	 	UI trong game: trái
ControlMapper/MenuRight	Text	 	UI trong game: phải
ControlMapper/MenuUp	Text	 	UI trong game: lên
ControlMapper/Mods	Text	 [new]	Mods
ControlMapper/ModsCategory	Text	 [new]	Mods
ControlMapper/ModsCategoryDesc	Text	 [new]	Tùy chỉnh phím cho các mod
ControlMapper/ModsDescription	Text	 [new]	Phím do các mod bổ sung
ControlMapper/MoveBackward	Text	 	Di lui
ControlMapper/MoveFaster	Text	 	Di chuyển nhanh trong chế độ sáng tạo
ControlMapper/MoveForward	Text	 	Đi tới
ControlMapper/MoveLeft	Text	 	Đi sang trái
ControlMapper/MoveRight	Text	 	Đi sang phải
ControlMapper/MoveUp	Text	 	Đi tới
ControlMapper/MusicInstrumentCategory	Text	 	Nhạc cụ
ControlMapper/MusicInstrumentDescription	Text	 [new]	Phím sử dụng khi chơi nhạc cụ
ControlMapper/ObjectInteract	Text	 	Tương tác với vật thể
ControlMapper/OctaveChange	Text	 	Tầng quang tâm trên tay cầm
ControlMapper/OpenChat	Text	 	Mở khung chất
ControlMapper/PickUp10	Text	 	Nhất / thả 10 vật phẩm
ControlMapper/PickUpAllItems	Text	 	Nhất / thả tất cả vật phẩm
ControlMapper/PickUpHalf	Text	 	Nhất / thả một nửa số vật phẩm
ControlMapper/PickUpItems	Text	 	Nhất / thả vật phẩm
ControlMapper/PlacementPlusCategory	Text	 [new]	Placement Plus
ControlMapper/PlacementPlusDescription	Text	 [new]	Tùy chỉnh phím cho mod Placement Plus
ControlMapper/PlacementPlus_ChangeOrientation	Text	 [new]	Đổi hướng đặt
ControlMapper/PlacementPlus_ChangeToolMode	Text	 [new]	Đổi chế độ công cụ đất
ControlMapper/PlacementPlus_DecreaseSize	Text	 [new]	Giảm kích thước vùng đất
ControlMapper/PlacementPlus_IncreaseSize	Text	 [new]	Tăng kích thước vùng đất
ControlMapper/PlacementPlus_ReplaceButton	Text	 [new]	Thay thế vùng đang đặt
ControlMapper/PlacementPlus_ReverseDirection	Text	 [new]	Đảo ngược hướng đất
ControlMapper/QuickMoveItems	Text	 	Chuyển vật phẩm sang túi đồ khác hoặc trang bị
ControlMapper/QuickPotionBuff	Text	 [new]	Dùng nhanh thuốc tăng cường
ControlMapper/QuickPotionEat	Text	 [new]	Uống nhanh thuốc
ControlMapper/QuickPotionHeal	Text	 [new]	Dùng nhanh thuốc hồi máu
ControlMapper/QuickPotionMana	Text	 [new]	Dùng nhanh thuốc hồi mana
ControlMapper/QuickPotionsCategory	Text	 [new]	Dùng nhanh thuốc
ControlMapper/QuickPotionsDescription	Text	 [new]	Phím tắt dùng nhanh thuốc
ControlMapper/QuickStack	Text	 	Chuyển vật phẩm đã có sẵn vào kho chứa
ControlMapper/QuickSwapTorch	Text	 	Tám đổi sang được
ControlMapper/ReassignRemoveMessage	Text	 [new]	Nhấn phím để thay thế hoặc Esc để hủy bỏ
ControlMapper/ReassignRemoveTitle	Text	 [new]	Gán lại hoặc gỡ phím
ControlMapper/RemoveAssignmentMessage	Text	 [new]	Chọn phím mới hoặc nhấn Esc để giữ nguyên phím hiện tại
ControlMapper/ResetNotification	Text	 [new]	Đã đặt lại phím về mặc định
ControlMapper/ReverseVehicle	Text	 	Lùi xe
ControlMapper/RightJoyStickX	Text	 	Trục X joystick phải
ControlMapper/RightJoyStickY	Text	 	Trực Y joystick phải
ControlMapper/RightJoystickBack	Text	 	Joystick phải: lùi
ControlMapper/RightJoystickForward	Text	 	Joystick phải: tiền
ControlMapper/RightJoystickLeft	Text	 	Joystick phải: trái
ControlMapper/RightJoystickRight	Text	 	Joystick phải: phải
ControlMapper/Rotate	Text	 	Xoay
ControlMapper/Sort	Text	 	Sắp xếp túi đồ
ControlMapper/SplitStack	Text	 	Tách chống vật phẩm
ControlMapper/StopPlayingInstrument	Text	 	Ngừng chơi nhạc
ControlMapper/Timeout	Text	 [new]	Hết thời gian chờ gán phím. Hãy thử lại.
ControlMapper/ToggleInventory	Text	 	Bật/tắt túi đồ
ControlMapper/ToggleLocking	Text	 [new]	Khóa/mở khóa vật phẩm
ControlMapper/ToggleMap	Text	 	Bật/tắt bản đồ
ControlMapper/ToggleShortCutsWindow	Text	 	Bật/tắt cửa sổ phím tắt
ControlMapper/ToggleShortCutsWindowPC	Text	 [new]	Bật/tắt cửa sổ phím tắt (PC)
ControlMapper/ToggleShortCutsWindowPlaystation	Text	 [new]	Bật/tắt cửa sổ phím tắt (PlayStation)
ControlMapper/ToggleShortCutsWindowSwitch	Text	 [new]	Bật/tắt cửa sổ phím tắt (Switch)
ControlMapper/ToggleShortCutsWindowXbox	Text	 [new]	Bật/tắt cửa sổ phím tắt (Xbox)
ControlMapper/ToggleSpectatedPlayer	Text	Toggles which player is being spectated. Can be used after dying as hard core character.	Đội người chơi đang theo dõi
ControlMapper/ToggleUI	Text	 	Bật/tắt giao diện trong game
ControlMapper/TrashItem	Text	 	Vứt bỏ vật phẩm đã chọn
ControlMapper/UIInteract	Text	 	Tương tác UI
ControlMapper/UIModifierKeys	Text	 	Phím bổ trợ UI túi đồ, dùng để thao tác nhấc/thả vật phẩm
ControlMapper/UIModifierKeysCategory	Text	 [new]	Phím bổ trợ giao diện
ControlMapper/UIModifierKeysDescription	Text	 [new]	Phím bổ trợ dùng trong giao diện
ControlMapper/UISecondInteract	Text	 	Tương tác UI phụ
ControlMapper/UseOffHand	Text	 	Dùng tay phụ
ControlMapper/VehicleCategory	Text	 [new]	Phương tiện
ControlMapper/VehicleDescription	Text	 [new]	Phím sử dụng khi điều khiển phương tiện
ControlMapper/ZoomInMap	Text	 	Phòng tổ bản đồ
ControlMapper/ZoomOutMap	Text	 	Thu nhỏ bản đồ
ControlMapper/actionColumnLabel	Text	 	Thao tác
ControlMapper/add	Text	 	Thêm
ControlMapper/alt	Text	 	Alt
ControlMapper/assignControllerButtonLabel	Text	 	Gắn tay cầm
ControlMapper/assignControllerWindowMessage	Text	 	Nhấn nút bất kỳ hoặc gạt cần trên tay cầm bàn muốn đứng.
ControlMapper/assignControllerWindowTitle	Text	 	Chốn tay cầm
ControlMapper/assignedControllersGroupLabel	Text	 	Tay cầm đã gắn:
ControlMapper/calibrateAxisStep1WindowMessage	Text	 	Đưa {0} vẽ giữa hoặc vẽ 0 rồi nhấn nút bất kỳ, hoặc cho hết giờ.
ControlMapper/calibrateAxisStep1WindowTitle	Text	 	Hiệu chỉnh điểm 0
ControlMapper/calibrateAxisStep2WindowMessage	Text	 	Gạt {0} qua toàn bộ phạm vi rồi nhấn nút bất kỳ, hoặc cho hết giờ.
ControlMapper/calibrateAxisStep2WindowTitle	Text	 	Hiệu chỉnh phạm vi
ControlMapper/calibrateControllerButtonLabel	Text	 	Hiệu chỉnh
ControlMapper/calibrateControllerWindowTitle	Text	 	Hiệu chỉnh tay cầm
ControlMapper/calibrateWindow_calibrateButtonLabel	Text	 	Hiệu chỉnh
ControlMapper/calibrateWindow_deadZoneSliderLabel	Text	 	Vùng chết:
ControlMapper/calibrateWindow_invertToggleLabel	Text	 	Đảo chiều
ControlMapper/calibrateWindow_sensitivitySliderLabel	Text	 	Độ nhạy:
ControlMapper/calibrateWindow_zeroSliderLabel	Text	 	Điểm 0:
ControlMapper/command	Text	 	Command
ControlMapper/control	Text	 	Control
ControlMapper/controllerAssignmentConflictWindowMessage	Text	{0} = Joystick Name. {1} = Other Player Name. {2} = This Player Name	{0} đã được gán cho {1}. Bạn có muốn gắn tay cầm này cho {2} không?
ControlMapper/controllerAssignmentConflictWindowTitle	Text	 	Gắn tay cầm
ControlMapper/controllerColumnLabel	Text	 	Tay cầm
ControlMapper/controllerSettingsGroupLabel	Text	 	Tay cầm:
ControlMapper/default	Text	 	Mặc định
ControlMapper/doneButtonLabel	Text	 	Xong
ControlMapper/elementAlreadyInUseBlocked	Text	 	{0} đang được dùng và không thể thay thế.
ControlMapper/elementAlreadyInUseCanReplace	Text	 	{0} đang được dùng. Bạn có muốn thay thế không?
ControlMapper/elementAlreadyInUseCanReplace_conflictAllowed	Text	 	{0} đang được dùng. Bạn có muốn thay thế không? Bạn cũng có thể nhấn lại phím này.
ControlMapper/elementAssignmentConflictWindowMessage	Text	 	Xung đột gán phím
ControlMapper/elementAssignmentPrePollingWindowMessage	Text	 	Trước tiên, đưa mỗi cần và trục về giữa hoặc về 0 rồi nhấn nút bất kỳ, hoặc cho hết giờ.
ControlMapper/inputBehaviorSettingsButtonLabel	Text	 	Độ nhạy
ControlMapper/inputBehaviorSettingsWindowTitle	Text	 	Cài đặt độ nhạy
ControlMapper/joystickElementAssignmentPollingWindowMessage	Text	 	Bây giờ nhận một nút hoặc gạt một trục để gắn cho {0}.
ControlMapper/joystickElementAssignmentPollingWindowMessage_fullAxisFieldOnly	Text	 	Bây giờ gạt một trục để gần chỗ {0}.
ControlMapper/keyboardColumnLabel	Text	 	Bàn phím
ControlMapper/keyboardElementAssignmentPollingWindowMessage	Text	 	Nhấn một phím để gán cho {0}. Có thể dùng cả phím bổ trợ. Để gán riêng một phím bổ trợ, hãy giữ phím đó trong 1 giây.
ControlMapper/mapCategoriesGroupLabel	Text	 	Danh mục:
ControlMapper/mouseAssignmentConflictWindowMessage	Text	 	Chuột đã được gán cho {0}. Bạn có muốn gắn chuột cho {1} không?
ControlMapper/mouseAssignmentConflictWindowTitle	Text	 	Gan chuột
ControlMapper/mouseColumnLabel	Text	 	Chuột
ControlMapper/mouseElementAssignmentPollingWindowMessage	Text	 	Nhận một nút chuột hoặc di chuyển một trục để gán cho {0}
ControlMapper/mouseElementAssignmentPollingWindowMessage_fullAxisFieldOnly	Text	 	Di chuyển một trục để gắn chỗ {0}.
ControlMapper/none	Text	 	Không có
ControlMapper/okay	Text	 	OK
ControlMapper/playersGroupLabel	Text	 	Người chơi:
ControlMapper/remove	Text	 	Xóa
ControlMapper/removeControllerButtonLabel	Text	 	Xóa
ControlMapper/restoreDefaultsButtonLabel	Text	 	Khôi phục mặc định
ControlMapper/restoreDefaultsWindowMessage_multiPlayer	Text	 	Thao tác này sẽ khôi phục cấu hình điều khiển mặc định cho tất cả người chơi. Bạn có chắc chắn không?
ControlMapper/restoreDefaultsWindowMessage_onePlayer	Text	 	Thao tác này sẽ khôi phục cấu hình điều khiển mặc định. Bạn có chắc chắn không?
ControlMapper/restoreDefaultsWindowTitle	Text	 	Khôi phục mặc định
ControlMapper/separator	Text	 	+
ControlMapper/settingsGroupLabel	Text	 	Cài đặt:
ControlMapper/shift	Text	 	Shift
ControlMapper/swap	Text	 	Hoán đổi
CookFoodToDiscover	Text	 	Nấu ăn để bắt đầu khám phá công thức
CooldownMin	Text	 	Hồi chiêu {0} phút
CooldownMinSec	Text	 	Hồi chiêu {0} phút {1} giây
CooldownSec	Text	 	Hồi chiêu {0} giây
CopyGameInfo	Text	 [new]	Sao chép thông tin trận chơi
CoreEnhance/Config	Text	 [new]	Cấu hình CoreEnhance
CoreEnhance_Config/Accelerate	Text	 [new]	Tăng tốc
CoreEnhance_Config/Automation	Text	 [new]	Tự động hóa
CoreEnhance_Config/Infinity	Text	 [new]	Vô hạn
CoreEnhance_Config/Misc	Text	 [new]	Khác
CoreEnhance_Config/Pet	Text	 [new]	Thú cưng
CoreEnhance_Config/Quick	Text	 [new]	Nhanh
CoreEnhance_Config_Accelerate/Casting	Text	 [new]	Tăng tốc niệm phép
CoreEnhance_Config_Accelerate/CastingDesc	Text	 [new]	Rút ngắn thời gian niệm phép.
CoreEnhance_Config_Accelerate/Crafting	Text	 [new]	Tăng tốc chế tạo
CoreEnhance_Config_Accelerate/CraftingAnimals	Text	 [new]	Tăng tốc chế tạo vật nuôi
CoreEnhance_Config_Accelerate/CraftingAnimalsDesc	Text	 [new]	Rút ngắn thời gian chế tạo vật nuôi.
CoreEnhance_Config_Accelerate/CraftingDesc	Text	 [new]	Rút ngắn thời gian chế tạo.
CoreEnhance_Config_Accelerate/CraftingFishingNet	Text	 [new]	Tăng tốc chế tạo lưới câu
CoreEnhance_Config_Accelerate/CraftingFishingNetDesc	Text	 [new]	Rút ngắn thời gian chế tạo lưới câu.
CoreEnhance_Config_Accelerate/Level	Text	 [new]	Cấp độ
CoreEnhance_Config_Accelerate/LevelValue	Text	 [new]	Giá trị cấp độ
CoreEnhance_Config_Accelerate/Merchant	Text	 [new]	Tăng tốc thương nhân
CoreEnhance_Config_Accelerate/MerchantValue	Text	 [new]	Giá trị thương nhân
CoreEnhance_Config_Accelerate/MerchantValueDesc	Text	 [new]	Điều chỉnh thời gian làm mới giao dịch của thương nhân.
CoreEnhance_Config_Accelerate/Plant	Text	 [new]	Tăng tốc trồng cây
CoreEnhance_Config_Accelerate/Portal	Text	 [new]	Tăng tốc cổng dịch chuyển
CoreEnhance_Config_Accelerate/Titan	Text	 [new]	Tăng tốc triệu hồi Titan
CoreEnhance_Config_Accelerate/TitanValue	Text	 [new]	Giá trị Titan
CoreEnhance_Config_Accelerate/TitanValueDesc	Text	 [new]	Điều chỉnh thời gian triệu hồi Titan.
CoreEnhance_Config_Automation/Door	Text	 [new]	Cửa tự động
CoreEnhance_Config_Automation/FishingNetCanGetItem	Text	 [new]	Lưới câu có thể nhận vật phẩm
CoreEnhance_Config_Automation/FishingNetCanGetItemValue	Text	 [new]	Vật phẩm lưới câu có thể nhận
CoreEnhance_Config_Automation/FishingNetNoCritter	Text	 [new]	Lưới câu không bắt sinh vật
CoreEnhance_Config_Automation/FishingNetNoCritterDesc	Text	 [new]	Ngăn lưới câu bắt sinh vật.
CoreEnhance_Config_Automation/GoldenPlantToSeed	Text	 [new]	Chuyển cây vàng thành hạt giống
CoreEnhance_Config_Automation/GoldenPlantToSeedDesc	Text	 [new]	Cho phép chuyển cây vàng thành hạt giống.
CoreEnhance_Config_Automation/GoldenPlantToSeedValue	Text	 [new]	Loại hạt giống cây vàng
CoreEnhance_Config_Automation/GoldenPlantToSeedValueDesc	Text	 [new]	Chọn loại hạt giống nhận được khi chuyển cây vàng.
CoreEnhance_Config_Automation/Salvage	Text	 [new]	Tự động thu hồi
CoreEnhance_Config_Automation/SalvageAmount	Text	 [new]	Số lượng thu hồi
CoreEnhance_Config_Automation/SalvageAmountDesc	Text	 [new]	Số lượng vật phẩm nhận được khi thu hồi.
CoreEnhance_Config_Automation/SalvageTimer	Text	 [new]	Thời gian thu hồi
CoreEnhance_Config_Automation/SalvageTimerDesc	Text	 [new]	Thời gian chờ giữa các lần thu hồi.
CoreEnhance_Config_Infinity/Arena	Text	 [new]	Đấu trường
CoreEnhance_Config_Infinity/ArenaDesc	Text	 [new]	Cho phép sử dụng tính năng vô hạn trong đấu trường.
CoreEnhance_Config_Infinity/ArenaValue	Text	 [new]	Giá trị đấu trường
CoreEnhance_Config_Infinity/ArenaValueDesc	Text	 [new]	Thiết lập giá trị áp dụng trong đấu trường.
CoreEnhance_Config_Infinity/BossScan	Text	 [new]	Quét boss
CoreEnhance_Config_Infinity/BossScanDesc	Text	 [new]	Quét boss để hiển thị thông tin.
CoreEnhance_Config_Infinity/BossScanValue	Text	 [new]	Giá trị quét boss
CoreEnhance_Config_Infinity/BossScanValueDesc	Text	 [new]	Thiết lập giá trị quét boss.
CoreEnhance_Config_Infinity/Boulder	Text	 [new]	Tảng đá
CoreEnhance_Config_Infinity/Durability	Text	 [new]	Độ bền vô hạn
CoreEnhance_Config_Infinity/DurabilityValue	Text	 [new]	Giá trị độ bền
CoreEnhance_Config_Infinity/Minion	Text	 [new]	Lính triệu hồi
CoreEnhance_Config_Misc/ChainMining	Text	 [new]	Đào liên kết
CoreEnhance_Config_Misc/ChainMiningAdsorption	Text	 [new]	Hút vật phẩm khi đào liên kết
CoreEnhance_Config_Misc/ChainMiningAdsorptionDesc	Text	 [new]	Tự động hút vật phẩm rơi ra khi đào liên kết.
CoreEnhance_Config_Misc/ChainMiningGiveExp	Text	 [new]	Nhận kinh nghiệm
CoreEnhance_Config_Misc/ChainMiningNeedPlayer	Text	 [new]	Cần người chơi
CoreEnhance_Config_Misc/ChainMiningNeedPlayerDesc	Text	 [new]	Yêu cầu người chơi ở gần khi đào liên kết.
CoreEnhance_Config_Misc/ChainMiningTarget	Text	 [new]	Mục tiêu đào liên kết
CoreEnhance_Config_Misc/ChainWood	Text	 [new]	Đốn gỗ liên kết
CoreEnhance_Config_Misc/ContainerDisplay	Text	 [new]	Hiển thị vật chứa
CoreEnhance_Config_Misc/ContainerDisplayDesc	Text	 [new]	Hiển thị nội dung của vật chứa.
CoreEnhance_Config_Misc/DeathNoDrop	Text	 [new]	Không rơi đồ khi chết
CoreEnhance_Config_Misc/IgnoreModifySledgeRange	Text	 [new]	Bỏ qua tầm búa đã điều chỉnh
CoreEnhance_Config_Misc/IgnoreRayChecksForPickup	Text	 [new]	Bỏ qua kiểm tra tia khi nhặt đồ
CoreEnhance_Config_Misc/ModifySledgeRange	Text	 [new]	Điều chỉnh tầm búa
CoreEnhance_Config_Misc/ModifySledgeRangeValue	Text	 [new]	Giá trị tầm búa
CoreEnhance_Config_Misc/ModifySledgeRangeValueDesc	Text	 [new]	Điều chỉnh tầm ảnh hưởng của búa.
CoreEnhance_Config_Misc_ChainMiningTarget/OreAndWood	Text	 [new]	Quặng và gỗ
CoreEnhance_Config_Misc_ChainMiningTarget/OreOnly	Text	 [new]	Chỉ quặng
CoreEnhance_Config_Misc_ChainMiningTarget/WoodOnly	Text	 [new]	Chỉ gỗ
CoreEnhance_Config_Pet/ResetSkin	Text	 [new]	Đặt lại ngoại hình
CoreEnhance_Config_Pet/ResetSkinDesc	Text	 [new]	Đặt lại ngoại hình thú cưng.
CoreEnhance_Config_Pet/RollSkill	Text	 [new]	Đổi kỹ năng
CoreEnhance_Config_Pet/RollSkillDesc	Text	 [new]	Cho phép đổi lại kỹ năng thú cưng.
CoreEnhance_Config_Pet/TalentDisplay	Text	 [new]	Hiển thị thiên phú
CoreEnhance_Config_Pet/TalentDisplayDesc	Text	 [new]	Hiển thị thiên phú của thú cưng.
CoreEnhance_Config_Quick/MoveChestContent	Text	 [new]	Di chuyển vật phẩm trong rương
CoreEnhance_Config_Quick/MoveChestContentDesc	Text	 [new]	Di chuyển nhanh vật phẩm giữa các rương.
CoreEnhance_Config_Quick/OpenLockedChest	Text	 [new]	Mở rương bị khóa
CoreEnhance_Config_Quick/OpenLockedChestDesc	Text	 [new]	Cho phép mở nhanh rương bị khóa.
CoreEnhance_Config_Quick/OpenLockedMelody	Text	 [new]	Mở giai điệu bị khóa
CoreEnhance_Config_Quick/OpenLockedMelodyDesc	Text	 [new]	Cho phép mở nhanh giai điệu bị khóa.
CoreLib/Items	Text	 [new]	Vật phẩm
CreativeMode	Text	 	Sáng tạo
CreativeModeDesc	Text	 	Thỏa sức tưởng tượng trong một thế giới trống trải, vô hạn.
Credits/AccountDirector	Text	 	Giám Đốc Khách Hàng
Credits/AcquisitionManager	Text	 	Quản lý thu mua
Credits/Actors	Text	 [new]	Diễn viên
Credits/AdditionalActors	Text	 [new]	Diễn viên bổ sung
Credits/AdditionalArt	Text	 	Mỹ Thuật Bổ Sung
Credits/AdditionalAudio	Text	 	Âm Thanh Bồ Sung
Credits/AdditionalEditors	Text	 [new]	Biên tập bổ sung
Credits/AdditionalGameDesign	Text	 	Thiết Kế Game Bổ Sung
Credits/AdditionalLeads	Text	 [new]	Trưởng nhóm bổ sung
Credits/AdditionalProduction	Text	 	Sản Xuất Bò Súng
Credits/AdditionalProgramming	Text	 	Lập Trình Bổ Sung
Credits/AdditionalRecording	Text	 [new]	Thu âm bổ sung
Credits/AdditionalSFX	Text	 	Hiếu Ứng Âm Thanh Bổ Sung
Credits/AdditionalWriting	Text	 	Biên Kịch Bờ Súng
Credits/AdminAssistant	Text	 [new]	Trợ lý hành chính
Credits/AmazingModeratorTeam	Text	 	Đội ngũ kiểm duyệt tuyệt vời
Credits/Animation	Text	 	Hoạt Hình
Credits/Animators	Text	 	Họa Sĩ Hoạt Hình
Credits/Art	Text	 	Mỹ Thuật
Credits/ArtAndEffects	Text	 	Mỹ Thuật và Hiếu Ứng
Credits/ArtDirector	Text	 	Giám Đốc Mỹ Thuật
Credits/Artists	Text	 	Họa Sĩ
Credits/AssistantCommunityManager	Text	 [new]	Trợ lý Quản lý Cộng đồng
Credits/AssociateArtDirector	Text	 [new]	Giám đốc nghệ thuật liên kết
Credits/AssociateProducer	Text	 	Nhà Sản xuất Phụ
Credits/AssociateProductManager	Text	 	Quản lý Sản phẩm Phụ
Credits/Association71Consulting	Text	 	"""Hợp tác với Studio Marketing & PR 
 71 Consulting"""
Credits/AssociationAceAgency	Text	 	"""Hợp tác với Studio Bản địa hóa 
ACE Agency"""
Credits/AssociationDreamLoop	Text	 	Hợp tác với Studio Chuyển nền Console. Dreamloop Games
Credits/AssociationEnzyme	Text	 	"""Hợp tác với Studio Kiểm thử Tương thích 
 Enzyme"""
Credits/AssociationKeywordsIndia	Text	 	"""Hợp tác với Studio PC FQA 
Keywords India"""
Credits/AssociationLionbridge	Text	 	"""Hợp tác với Studio QA cho PC và Console 
Lionbridge Games"""
Credits/AssociationLionbridgeLQA	Text	 	"""Hợp tác với Studio LQA cho PC và Console 
Lionbridge Games"""
Credits/AssociationLocalizeDirect	Text	 	"""Hợp tác với Studio LQA cho PC 
LocalizeDirect"""
Credits/AssociationOhCreative	Text	 	"""Hợp tác với Studio Marketing 
OH Creative"""
Credits/AssociationPiktiv	Text	 [new]	Hợp tác với Piktiv
Credits/AssociationPlaytropic	Text	 	"""Hợp tác với Studio FQA cho PC và Console 
Playtropic Video Game Services"""
Credits/AssociationTestify	Text	 	"""Hợp tác với Studio Kiểm thử 
Testify"""
Credits/AudioAndMusic	Text	 	Âm thanh và Âm nhạc
Credits/AudioDesigners	Text	 	Thiết kế Âm thanh
Credits/CEO	Text	 	CEO
Credits/COO	Text	 	COO
Credits/ChiefAcquisitionsProductionOfficer	Text	 	Giám đốc Thu mua & Sản xuất
Credits/ChiefPortfolioOfficer	Text	 [new]	Giám đốc danh mục đầu tư
Credits/ChiefSalesOfficer	Text	 [new]	Giám đốc phụ trách bán hàng
Credits/ChineseSimplifiedLQATester	Text	 	Người Kiểm thử LQA Tiếng Trung (Giản thể)
Credits/ChineseTraditionalLQATester	Text	 	Người Kiểm thử LQA Tiếng Trung (Phồn thể)
Credits/CommunityManager	Text	 	Quản lý Cộng đồng
Credits/CommunityProgramsCoordinator	Text	 [new]	Điều phối chương trình cộng đồng
Credits/CompatibilityTesting	Text	 	Kiểm thử Tương thích
Credits/ComplianceEngineer	Text	 	Kỹ sư Tuân thủ
Credits/ComplianceTestLead	Text	 	Trưởng nhóm Kiểm thử Tuân thủ
Credits/ConsolePorting	Text	 	Chuyển nền Console
Credits/CoreKeeper	Text	 	Core Keeper
Credits/CoreSupporters	Text	 	Người Ủng hộ Cốt lõi
Credits/CreativeDirector	Text	 	Giám đốc Sáng tạo
Credits/CreativeLead	Text	 [new]	Trưởng nhóm sáng tạo
Credits/CreativeProducer	Text	 [new]	Nhà sản xuất sáng tạo
Credits/CustomerSupport	Text	 [new]	Hỗ trợ khách hàng
Credits/DevOps	Text	 	DevOps
Credits/DevelopedBy	Text	 	Phát triển bởi
Credits/DevelopmentDirector	Text	 	Giám đốc Phát triển
Credits/DigitalMarketingManager	Text	 [new]	Quản lý Marketing số
Credits/DigitalMarketingSpecialist	Text	 [new]	Chuyên viên Marketing số
Credits/Director	Text	 [new]	Giám đốc
Credits/DirectorOfGames	Text	 [new]	Giám đốc trò chơi
Credits/Editors	Text	 [new]	Biên tập
Credits/EngineeringManager	Text	 	Quản lý Kỹ thuật
Credits/EuropeanSpanishLQATester	Text	 	Người Kiểm thử LQA Tiếng Tây Ban Nha (Châu Âu)
Credits/FQATestAssociates	Text	 [new]	Nhân viên kiểm thử FQA
Credits/FQATestLead	Text	 [new]	Trưởng nhóm kiểm thử FQA
Credits/FinanceAssistant	Text	 [new]	Trợ lý tài chính
Credits/FinanceDirector	Text	 	Giám đốc Tài chính
Credits/FinanceHRDirector	Text	 	Giám đốc Tài chính & Nhân sự
Credits/FinanceTeam	Text	 	Đội Tài chính
Credits/FinancialController	Text	 [new]	Kiểm soát tài chính
Credits/FormerCEO	Text	 [new]	Nguyên Giám đốc điều hành
Credits/FormerCOO	Text	 [new]	Nguyên Giám đốc vận hành
Credits/FormerSalesAndContentAnalyst	Text	 [new]	Nguyên Nhân viên phân tích bán hàng và nội dung
Credits/FrenchLQATester	Text	 	Người Kiểm thử LQA Tiếng Pháp
Credits/GameDesign	Text	 	Thiết kế Game
Credits/GameDirector	Text	 	Giám đốc Game
Credits/GameScout	Text	 [new]	Người tuyển trạch trò chơi
Credits/GameplayAndDesign	Text	 	Lối chơi và Thiết kế
Credits/GameplayDesigners	Text	 	Thiết kế Lối chơi
Credits/GameplayDirector	Text	 	Giám đốc Lối chơi
Credits/GameplayProgrammers	Text	 	Lập trình Lối chơi
Credits/GermanLQATester	Text	 	Người Kiểm thử LQA Tiếng Đức
Credits/HeadGameScout	Text	 [new]	Trưởng nhóm tuyển trạch trò chơi
Credits/HeadOfDigitalCommerce	Text	 [new]	Trưởng bộ phận thương mại số
Credits/HeadofProductMarketing	Text	 	Trưởng phòng Marketing Sản phẩm
Credits/InfluencerManager	Text	 [new]	Quản lý influencer
Credits/ItalianLQATester	Text	 	Người Kiểm thử LQA Tiếng Ý
Credits/JapaneseLQATester	Text	 	Người Kiểm thử LQA Tiếng Nhật
Credits/JuniorAccountManager	Text	 [new]	Quản lý tài khoản tập sự
Credits/KoreanLQATester	Text	 	Người Kiểm thử LQA Tiếng Hàn
Credits/LQARussianTester	Text	 	Người Kiểm thử LQA Tiếng Nga
Credits/LQATestDirector	Text	 	Giám đốc Kiểm thử LQA
Credits/LQATestManager	Text	 	Quản lý Kiểm thử LQA
Credits/LQATesters	Text	 	Người Kiểm thử LQA
Credits/LQAUkrainianTester	Text	 	Người Kiểm thử LQA Tiếng Ukraina
Credits/LeadAnimator	Text	 	Trưởng nhóm hoạt họa
Credits/LeadAnimators	Text	 	Trưởng nhóm hoạt họa
Credits/LeadArtist	Text	 	Trưởng nhóm Mỹ thuật
Credits/LeadAssociateProducer	Text	 	Trưởng nhóm Sản xuất Phụ
Credits/LeadComposer	Text	 	Nhà Soạn nhạc Chính
Credits/LeadGameplay	Text	 	Trưởng nhóm Lối chơi
Credits/LeadGameplayProgrammer	Text	 [new]	Trưởng nhóm lập trình gameplay
Credits/LeadProducer	Text	 	Nhà Sản xuất Chính
Credits/LeadProducerLiveOps	Text	 [new]	Trưởng nhóm sản xuất LiveOps
Credits/LeadProgrammer	Text	 	Lập Trịnh Viễn Chinh
Credits/LeadRenderingProgrammer	Text	 	Lập trình viên kết xuất chính
Credits/LeadTechnicalProgrammer	Text	 [new]	Trưởng nhóm lập trình kỹ thuật
Credits/LevelDesigners	Text	 	Thiết Kế Mẫn Chơi/Thế Giới
Credits/Localisation	Text	 	Bản Địa Hóa
Credits/MarketingDirector	Text	 	Giám Đốc Marketing
Credits/MarketingMaterial	Text	 	Tài liệu marketing
Credits/ModdingSupport	Text	 [new]	Hỗ trợ Mod
Credits/Music	Text	 	Âm Nhạc
Credits/NarrativeAndPlot	Text	 	Cốt Truyện và Kịch Bản
Credits/OperationsAssistantManager	Text	 	Trợ lý quản lý vận hành
Credits/OperationsManager	Text	 	Quản lý vận hành
Credits/PCFQA	Text	 	FQA PC
Credits/PCLQA	Text	 	LQA PC
Credits/PCandConsoleFQA	Text	 	FQA PC và Console
Credits/PCandConsoleQA	Text	 	QA PC và Console
Credits/PRAndCommunications	Text	 	PR và Truyền Thông
Credits/PartneredFireshine	Text	 	"""Hợp tác với Nhà Phật Hạnh 
Fireshine Games"""
Credits/PartneredUnity	Text	 	Hợp tác với Unity Technologies
Credits/PlayFab	Text	 [new]	PlayFab
Credits/PortingProgrammers	Text	 	Lập trình viên chuyển nền tảng
Credits/PortugueseBrazilianLQATester	Text	 	Người kiểm thử LQA tiếng Bồ Đào Nha (Brazil)
Credits/Producer	Text	 	Nhà Sản Xuất
Credits/Producers	Text	 	Nhà Sản Xuất
Credits/ProductManager	Text	 	Quản lý sản phẩm
Credits/Production	Text	 	Sản Xuất
Credits/ProductionAssistant	Text	 	Trợ Lý Sản Xuất
Credits/ProductionBabies	Text	 [new]	Các bể ra đời trong thời gian sản xuất
Credits/ProductionDirector	Text	 	Giám Đốc Sản Xuất
Credits/ProductionSupport	Text	 	Hỗ Trợ Sản Xuất
Credits/ProductionandCommunitySupport	Text	 [new]	Hỗ trợ Sản xuất và Cộng đồng
Credits/Programmer	Text	 	Lập trình viên
Credits/Programming	Text	 	Lập Trinh
Credits/ProgrammingConsultant	Text	 	Cố Vấn Lập Trinh
Credits/ProjectManager	Text	 	Quản lý dự án
Credits/PublishedBy	Text	 	Phát hành bởi
Credits/PublishingBusinessDevelopmentManager	Text	 [new]	Quản lý Phát triển Kinh doanh Xuất bản
Credits/QADirector	Text	 	Giám Đốc QA
Credits/QALeadandProjectSupport	Text	 [new]	Trưởng nhóm QA và Hỗ trợ dự án
Credits/QATester	Text	 	Người kiểm thử QA
Credits/QAandCommunitySupport	Text	 [new]	QA và Hỗ trợ cộng đồng
Credits/QualityAssuranceCoordinator	Text	 	Điều Phối Đàm Bảo Chất Lượng
Credits/RecordingLead	Text	 [new]	Trưởng nhóm thu âm
Credits/ReleaseManager	Text	 	Quản Lý Phát Hành
Credits/RenderingProgrammers	Text	 	Lập Trình Viện Kết Xuất
Credits/RussianLQATester	Text	 [new]	Kiểm thử LQA tiếng Nga
Credits/SFX	Text	 	Hiếu Ứng Âm Thanh
Credits/SalesDirector	Text	 	Giám Đốc Kinh Doanh
Credits/SalesManager	Text	 	Quản lý kinh doanh
Credits/SceneMakers	Text	 	Dung Canh
Credits/SeniorAccountManager	Text	 [new]	Quản lý tài khoản cao cấp
Credits/SeniorBrandManager	Text	 	Quản lý thương hiệu cấp cao
Credits/SeniorClientPartner	Text	 	Đối Tác Khách Hàng Cấp Cao
Credits/SeniorFinanceAssistant	Text	 [new]	Trợ lý tài chính cao cấp
Credits/SeniorGameScout	Text	 [new]	Người tuyển trạch trò chơi cấp cao
Credits/SeniorGlobalTestManager	Text	 [new]	Quản lý kiểm thử toàn cầu cao cấp
Credits/SeniorLQATestLead	Text	 	Trưởng Nhóm Kiểm Thử LQA Cấp Cao
Credits/SeniorMarketingAndCommunicationsManager	Text	 [new]	Quản lý Marketing và Truyền thông cao cấp
Credits/SeniorPRConsultant	Text	 [new]	Tư vấn PR cao cấp
Credits/SeniorProducer	Text	 	Nhà Sản Xuất Cấp Cao
Credits/SeniorProductManager	Text	 	Quản lý sản phẩm cấp cao
Credits/SeniorProgrammeManager	Text	 	Quản lý chương trình cấp cao
Credits/SeniorProjectManager	Text	 	Quản lý dự án cấp cao
Credits/SeniorQATester	Text	 	Người kiểm thử QA cấp cao
Credits/SeniorSalesManager	Text	 	Quản lý kinh doanh cấp cao
Credits/SeniorSoftwareEngineer	Text	 	Kỹ sư phần mềm cấp cao
Credits/SeniorTestDirector	Text	 	Giám Đốc Kiểm Thủ Cấp Cao
Credits/SeniorTestManager	Text	 	Quản lý kiểm thử cấp cao
Credits/SeniorTesters	Text	 	Người kiểm thử cấp cao
Credits/SeventyOneConsulting	Text	 	71 Consulting
Credits/SocialMediaAndCommunityManager	Text	 	Quản lý mạng xã hội và cộng đồng
Credits/SoftwareEngineer	Text	 	Kỹ sư phần mềm
Credits/SpecialThanks	Text	 	Lời cảm ơn đặc biệt
Credits/Tech	Text	 	Kỹ Thuật
Credits/TechnicalArtists	Text	 	Họa Sĩ Kỹ Thuật
Credits/TechnicalDirector	Text	 	Giám Đốc Kỹ Thuật
Credits/TechnicalLead	Text	 	Trưởng nhóm Kỹ thuật
Credits/TechnicalProgrammers	Text	 	Lập trình viên Kỹ thuật
Credits/TestLeads	Text	 	Trưởng nhóm Kiểm thử
Credits/Testers	Text	 	Người kiểm thử
Credits/ThaiFont	Text	 	Phòng chủ Thái
Credits/ThaiLQATester	Text	 	Người kiểm thử LQA tiếng Thái
Credits/ThanksForPlaying	Text	 	Cảm ơn bạn đã chơi!
Credits/TrailerTeam	Text	 [new]	Nhóm trailer
Credits/UkrainianLQATester	Text	 [new]	Người kiểm thử LQA tiếng Ukraina
Credits/UserTesting	Text	 	Kiểm thử người dùng
Credits/Writers	Text	 	Người viết kịch bản
Credits/Writing	Text	 	Viết kịch bản
CreditsNames/ACE	Text	 	ACE Agency
CreditsNames/AdamBajguz	Text	 [new]	Adam Bajguz
CreditsNames/AdamBogun	Text	 	Adam Bogun
CreditsNames/AdamJarochowski	Text	 [new]	Adam Jarochowski
CreditsNames/AdonaiMason	Text	 [new]	Adonai Mason
CreditsNames/AdonaíMason	Text	 	Adonai Mason
CreditsNames/AdrianPfaffenhausen	Text	 	Adrian Pfaffenhausen
CreditsNames/AgataPisarczyk	Text	 	Agata Pisarczyk
CreditsNames/Aharon	Text	 [new]	Aharon
CreditsNames/AleksyKaczmarzyk	Text	 [new]	Aleksy Kaczmarzyk
CreditsNames/AlenGazibegovic	Text	 [new]	Alen Gazibegovic
CreditsNames/AlexLewis	Text	 [new]	Alex Lewis
CreditsNames/AlexanderMa	Text	 	Alexander Ma
CreditsNames/AlikBeckles	Text	 	Alik Beckles
CreditsNames/AllaDouneva	Text	 [new]	Alla Douneva
CreditsNames/An7hen	Text	 	An7hen
CreditsNames/AndersGullmarsvik	Text	 [new]	Anders Gullmarsvik
CreditsNames/AndisBerzins	Text	 [new]	Andis Berzins
CreditsNames/AndreasAckermann	Text	 	Andreas Ackermann
CreditsNames/AndreeaSandu	Text	 	Andreea Sandu
CreditsNames/AndrewGlass	Text	 	Andrew Glass
CreditsNames/AndrewSaraev	Text	 	Andrew Saraev
CreditsNames/AndyBrammal	Text	 	Andy Brammal
CreditsNames/AnkeFormann	Text	 	Anke Formann
CreditsNames/AnnaWeber	Text	 	Anna Weber
CreditsNames/ArtemNevinchanyi	Text	 [new]	Artem Nevinchanyi
CreditsNames/Arvid	Text	 [new]	Arvid
CreditsNames/AtillaBertiz	Text	 [new]	Atilla Bertiz
CreditsNames/AudreyAnnDesrosiersDrainville	Text	 	Audrey-Ann Desrosiers Drainville
CreditsNames/August	Text	 [new]	August
CreditsNames/AustinEdwards	Text	 	Austin Edwards
CreditsNames/AxM	Text	 	Ax M.
CreditsNames/Az011	Text	 	Az011
CreditsNames/AzurDawn	Text	 	AzurDawn
CreditsNames/BabygirlTess	Text	 [new]	Babygirl Tess
CreditsNames/Beach	Text	 	Beach
CreditsNames/BeckyStow	Text	 [new]	Becky Stow
CreditsNames/BettinaR	Text	 	Bettina R.
CreditsNames/BoValdemar	Text	 [new]	Bo Valdemar
CreditsNames/BrandonCraigTurner	Text	 	Brandon Craig-Turner
CreditsNames/BrianFoote	Text	 [new]	Brian Foote
CreditsNames/BridieDaniels	Text	 	Bridie Daniels
CreditsNames/BugsyRabbit2004	Text	 	BugsyRabbit2004
CreditsNames/Burgle	Text	 [new]	Burgle
CreditsNames/CarlWilliamLindkvist	Text	 [new]	Carl William Lindkvist
CreditsNames/CarriganTessSevedge	Text	 [new]	Carrigan Tess Sevedge
CreditsNames/CatrionaBarber	Text	 [new]	Catriona Barber
CreditsNames/Cedric	Text	 	Cedric
CreditsNames/CedricSchmitt	Text	 	Cedric Schmitt
CreditsNames/ChantelleLarmond	Text	 	Chantelle Larmond
CreditsNames/CharlesFontaine	Text	 	Charles Fontaine
CreditsNames/CharlotteKelly	Text	 	Charlotte Kelly
CreditsNames/ChengbeierWu	Text	 [new]	Chengbeier Wu
CreditsNames/ChiaNingLu	Text	 	Chia-ning Lu
CreditsNames/Chie	Text	 [new]	Chie
CreditsNames/ChipNoe	Text	 	ChipNoe
CreditsNames/Chloryne	Text	 [new]	Chloryne
CreditsNames/ChoiYakChangMin	Text	 [new]	Choi Yak Chang Min
CreditsNames/ChrisGlover	Text	 	Chris Glover
CreditsNames/ChristaStewart	Text	 	Christa Stewart
CreditsNames/ChristianMarkowicz	Text	 	Christian Markowicz
CreditsNames/ChristophHeilmair	Text	 [new]	Christoph Heilmair
CreditsNames/ClaireMalette	Text	 	Claire Malette
CreditsNames/CormacBrennan	Text	 	Cormac Brennan
CreditsNames/CrystalLiuReeder	Text	 	Crystal Liu Reeder
CreditsNames/CuthbertMuriro	Text	 [new]	Cuthbert Muriro
CreditsNames/DaisyTreloar	Text	 [new]	Daisy Treloar
CreditsNames/DakonTheMad	Text	 	Dakon The Mad
CreditsNames/DamianDomach	Text	 	Damian Domach
CreditsNames/DamianHinds	Text	 	Damian Hinds
CreditsNames/DamianKennett	Text	 [new]	Damian Kennett
CreditsNames/DanJenkins	Text	 	Dan Jenkins
CreditsNames/DanielCuevasSheu	Text	 	Daniel Cuevas Sheu
CreditsNames/DanielDudek	Text	 	Daniel Dudek
CreditsNames/DanielPereira	Text	 	Daniel Pereira
CreditsNames/DanielSmagowski	Text	 	Daniel Smagowski
CreditsNames/DanieldeKretser	Text	 	Danielde Kretser
CreditsNames/Daresiel	Text	 [new]	Daresiel
CreditsNames/DaveScammell	Text	 	Dave Scammell
CreditsNames/DavidLindqvist	Text	 	David Lindqvist
CreditsNames/DavidWalker	Text	 	David Walker
CreditsNames/DavidWallsten	Text	 	David Wallsten
CreditsNames/DavisHill	Text	 [new]	Davis Hill
CreditsNames/DawidMajchrzak	Text	 [new]	Dawid Majchrzak
CreditsNames/DawnDream	Text	 [new]	Dawn Dream
CreditsNames/DeanJones	Text	 	Dean Jones
CreditsNames/DominikaMazurek	Text	 	Dominika Mazurek
CreditsNames/DreamloopGames	Text	 	Dreamloop Games
CreditsNames/Driad	Text	 [new]	Driad
CreditsNames/EetuHipponen	Text	 	Eetu Hipponen
CreditsNames/ElsaLi	Text	 	Elsa Li
CreditsNames/Enchae	Text	 	Enchae
CreditsNames/Enzyme	Text	 	Enzyme
CreditsNames/EricRanki	Text	 	Eric Ranki
CreditsNames/EvgeniyaPrykaszczyk	Text	 	Evgeniya Prykaszczyk
CreditsNames/ExplosiveAlan	Text	 [new]	Explosive Alan
CreditsNames/FaunaPup	Text	 [new]	Fauna Pup
CreditsNames/FelixWestin	Text	 	Felix Westin
CreditsNames/Fireshine	Text	 	Fireshine Games
CreditsNames/FrancoisFortier	Text	 	Francois Fortier
CreditsNames/FredericDussault	Text	 [new]	Frederic Dussault
CreditsNames/FredrikPrantare	Text	 	Fredrik Prantare
CreditsNames/FriendsAndFamily	Text	 	Friends and Families
CreditsNames/FrédéricDussault	Text	 	Frederic Dussault
CreditsNames/GarryWilliams	Text	 	Garry Williams
CreditsNames/Genos	Text	 	Genos
CreditsNames/Gingnia	Text	 [new]	Gingnia
CreditsNames/GrzegorzKukawka	Text	 [new]	Grzegorz Kukawka
CreditsNames/GustavoBatista	Text	 	Gustavo Batista
CreditsNames/HeewanShin	Text	 	Heewan Shin
CreditsNames/HermanAppelgren	Text	 	Herman Appelgren
CreditsNames/HortenseGambino	Text	 	Hortense Gambino
CreditsNames/Huabun	Text	 	Huabun
CreditsNames/IbrarGhias	Text	 	Ibrar Ghias
CreditsNames/IliyasJorio	Text	 	Iliyas Jorio
CreditsNames/ItipatTherdchitpaisarn	Text	 	Itipat Therdchitpaisarn
CreditsNames/Ivfivasu	Text	 	Ivfivasu
CreditsNames/JakubKubik	Text	 [new]	Jakub Kubik
CreditsNames/JakubKwiatek	Text	 [new]	Jakub Kwiatek
CreditsNames/JakubLoboda	Text	 [new]	Jakub Loboda
CreditsNames/JakubTucholski	Text	 	Jakub Tucholski
CreditsNames/JakubWojciechowski	Text	 [new]	Jakub Wojciechowski
CreditsNames/JakubŁoboda	Text	 	Jakub Łoboda
CreditsNames/JamesCato	Text	 	James Cato
CreditsNames/JamieFinch	Text	 [new]	Jamie Finch
CreditsNames/JaroslawGawedaScibior	Text	 [new]	Jaroslaw Gaweda Scibior
CreditsNames/JarosławGawędaŚcibior	Text	 	Jarosław Gaweda-Scibior
CreditsNames/JasonMan	Text	 	Jason Man
CreditsNames/JasonRock	Text	 	Jason Rock
CreditsNames/JasperTannerBarnes	Text	 [new]	Jasper Tanner Barnes
CreditsNames/JenniferWeiher	Text	 	Jennifer Weiher
CreditsNames/JeremyWong	Text	 [new]	Jeremy Wong
CreditsNames/JinnJezewska	Text	 [new]	Jinn Jezewska
CreditsNames/JoeFazzino	Text	 	Joe Fazzino
CreditsNames/JoeGoddardHowell	Text	 [new]	Joe Goddard Howell
CreditsNames/JohannesAhlstrom	Text	 [new]	Johannes Ahlstrom
CreditsNames/JohannesAhlström	Text	 	Johannes Ahlstrom
CreditsNames/JonathanGeer	Text	 	Jonathan Geer
CreditsNames/JoniLappalainen	Text	 	Joni Lappalainen
CreditsNames/Joor111	Text	 	Joor111
CreditsNames/JoshuaForde	Text	 	Joshua Forde
CreditsNames/JoshuaGarrity	Text	 	Joshua Garrity
CreditsNames/JoshuaLowe	Text	 	Joshua Lowe
CreditsNames/Jp3r	Text	 	Jp3r
CreditsNames/JuanDavidRinconSaavedra	Text	 [new]	Juan David Rincon Saavedra
CreditsNames/JuliaSpinola	Text	 [new]	Julia Spinola
CreditsNames/JulianBird	Text	 	Julian Bird
CreditsNames/JulianSeifertOlszewski	Text	 	Julian Seifert-Olszewski
CreditsNames/JulianVoith	Text	 [new]	Julian Voith
CreditsNames/JuneeYu	Text	 	Junee Yu
CreditsNames/KAPedersen	Text	 [new]	KA Pedersen
CreditsNames/KacperOrzechowski	Text	 	Kacper Orzechowski
CreditsNames/Karillya	Text	 	Karillya
CreditsNames/KatarzynaCeglinska	Text	 [new]	Katarzyna Ceglinska
CreditsNames/KatarzynaCeglińska	Text	 	Katarzyna Ceglinska
CreditsNames/KatieClark	Text	 [new]	Katie Clark
CreditsNames/KeenanKnight	Text	 	Keenan Knight
CreditsNames/KerrynFrean	Text	 [new]	Kerryn Frean
CreditsNames/KevinBarile	Text	 	Kevin Barile
CreditsNames/KevinKjellen	Text	 [new]	Kevin Kjellen
CreditsNames/KevinKjellén	Text	 	Kevin Kjellen
CreditsNames/KeywordsIndia	Text	 	Keywords India
CreditsNames/KimmoKaisla	Text	 	Kimmo Kaisla
CreditsNames/KishmarSmith	Text	 	Kishmar Smith
CreditsNames/Kittco36	Text	 	Kittco36
CreditsNames/KobeMarshall	Text	 	Kobe Marshall
CreditsNames/KristanWalcott	Text	 	Kristan Walcott
CreditsNames/KristianSivonen	Text	 	Kristian Sivonen
CreditsNames/KseniiaShurdumova	Text	 	Kseniia Shurdumova
CreditsNames/LaertKaralliu	Text	 [new]	Laert Karalliu
CreditsNames/LauraPiest	Text	 	Laura Piest
CreditsNames/LaurentBenskin	Text	 	Laurent Benskin
CreditsNames/LauriKullas	Text	 	Lauri Kullas
CreditsNames/LeeOni	Text	 	Lee~ (Oni)
CreditsNames/LetTheBodyFall	Text	 	LetTheBodyFall
CreditsNames/Lionbridge	Text	 	Lionbridge Games
CreditsNames/LocalizeDirect	Text	 	Localize Direct
CreditsNames/LoicDean	Text	 [new]	Loic Dean
CreditsNames/LoveWessman	Text	 [new]	Love Wessman
CreditsNames/LoïcDéan	Text	 	Loic Dean
CreditsNames/LukaszKrzystofik	Text	 [new]	Lukasz Krzystofik
CreditsNames/LukaszSokalski	Text	 [new]	Lukasz Sokalski
CreditsNames/MaciejKierszka	Text	 	Maciej Kierszka
CreditsNames/MaciejKolodziejczyk	Text	 [new]	Maciej Kolodziejczyk
CreditsNames/MaciejKołodziejczyk	Text	 	Maciej Kołodziejczyk
CreditsNames/MaciejSienkiewicz	Text	 [new]	Maciej Sienkiewicz
CreditsNames/MalikSpringer	Text	 	Malik Springer
CreditsNames/Marcel	Text	 	Marcel
CreditsNames/MarianaChagas	Text	 	Mariana Chagas
CreditsNames/Marine	Text	 	Marine
CreditsNames/MariuszGelnicki	Text	 	Mariusz Gelnicki
CreditsNames/MarkInman	Text	 	Mark Inman
CreditsNames/MartinGronroos	Text	 [new]	Martin Gronroos
CreditsNames/MattieSu	Text	 	Mattie Su
CreditsNames/MaxHallden	Text	 	Max Hallden
CreditsNames/MaximilianBachmeier	Text	 [new]	Maximilian Bachmeier
CreditsNames/MaybeItsYumi	Text	 [new]	Maybe Its Yumi
CreditsNames/MegSpencer	Text	 	Meg Spencer
CreditsNames/MeowX	Text	 	Meow_X
CreditsNames/MichalBlonski	Text	 [new]	Michal Blonski
CreditsNames/MichałBłoński	Text	 	Michał Błonski
CreditsNames/MichelleLewis	Text	 	Michelle Lewis
CreditsNames/MikaelLindhe	Text	 [new]	Mikael Lindhe
CreditsNames/Mistry	Text	 	Mistry
CreditsNames/MollieCorrigan	Text	 [new]	Mollie Corrigan
CreditsNames/MrVilo	Text	 	Mr Vilo
CreditsNames/MushBerry7	Text	 	MushBerry7
CreditsNames/MustacheMan	Text	 	Mustache_Man
CreditsNames/NAS	Text	 	N.A.S
CreditsNames/NadjaBatdorf	Text	 	Nadja Batdorf
CreditsNames/NagataMai	Text	 	Nagata Mai
CreditsNames/NathanTull	Text	 	Nathan Tull
CreditsNames/Nebur7420	Text	 	Nebur7420
CreditsNames/NickPayne	Text	 	Nick Payne
CreditsNames/NickTrout	Text	 	Nick Trout
CreditsNames/NicolaSpinoni	Text	 	Nicola Spinoni
CreditsNames/NiklasWigertz	Text	 	Niklas Wigertz
CreditsNames/NyronBahadur	Text	 	Nyron Bahadur
CreditsNames/OlgaTverdomed	Text	 [new]	Olga Tverdomed
CreditsNames/Omnimetatron	Text	 	Omnimetatron
CreditsNames/OrianDesfontaine	Text	 	Orian Desfontaine
CreditsNames/OskarBorecki	Text	 	Oskar Borecki
CreditsNames/OskarDobrowolski	Text	 	Oskar Dobrowolski
CreditsNames/OskarKarlsson	Text	 [new]	Oskar Karlsson
CreditsNames/OskarTengvall	Text	 	Oskar Tengvall
CreditsNames/OttoKivling	Text	 [new]	Otto Kivling
CreditsNames/Owlunae	Text	 	Owlunae
CreditsNames/PatriciaCuetoGarcia	Text	 [new]	Patricia Cueto Garcia
CreditsNames/PatriciaCuetoGarcía	Text	 	Patricia Cueto Garcia
CreditsNames/PatriciaRamonArias	Text	 [new]	Patricia Ramon Arias
CreditsNames/PatriciaRamónArias	Text	 	Patricia Ramon Arias
CreditsNames/PatrykNeubauer	Text	 	Patryk Neubauer
CreditsNames/PatrykPaduch	Text	 [new]	Patryk Paduch
CreditsNames/PatrykWino	Text	 	Patryk Wino
CreditsNames/PatrykWroblewski	Text	 [new]	Patryk Wroblewski
CreditsNames/PatrykWróblewski	Text	 	Patryk Wroblewski
CreditsNames/PaulAndreRenaud	Text	 [new]	Paul Andre Renaud
CreditsNames/PaulAndréRenaud	Text	 	Paul-Andre Renaud
CreditsNames/PaulinePloch	Text	 	Pauline Ploch
CreditsNames/PawelWill	Text	 	Pawel Will
CreditsNames/PekkaKaski	Text	 	Pekka Kaski
CreditsNames/Piktiv	Text	 [new]	Piktiv
CreditsNames/PiotrStaszewski	Text	 [new]	Piotr Staszewski
CreditsNames/Playtropic	Text	 	Playtropic Videogame Services
CreditsNames/PopKnock	Text	 	PopKnock
CreditsNames/Pugstorm	Text	 	Pugstorm AB
CreditsNames/PugstormProduction	Text	 	A Pugstorm Production
CreditsNames/RafaelNorville	Text	 	Rafael Norville
CreditsNames/RafalRenda	Text	 [new]	Rafal Renda
CreditsNames/RamonMarshall	Text	 	Ramon Marshall
CreditsNames/RanaldoJohn	Text	 	Ranaldo John
CreditsNames/RashawnLewis	Text	 	Rashawn Lewis
CreditsNames/RashoneGaskin	Text	 	Rashone Gaskin
CreditsNames/RasmusJarvela	Text	 	Rasmus Jarvela
CreditsNames/RaymondSealy	Text	 	Raymond Sealy
CreditsNames/RevelationCube	Text	 [new]	Revelation Cube
CreditsNames/RicardoCruzFarah	Text	 	Ricardo Cruz Farah
CreditsNames/RicardoKnight	Text	 	Ricardo Knight
CreditsNames/RicjuanAlleyne	Text	 	Ricjuan Alleyne
CreditsNames/RobFeather	Text	 [new]	Rob Feather
CreditsNames/RobinForsstrom	Text	 	Robin Forsstrom
CreditsNames/RonanTumelty	Text	 	Ronan Tumelty
CreditsNames/RosalinevanSchaik	Text	 	Rosaline van Schaik
CreditsNames/RupasRekasius	Text	 [new]	Rupas Rekasius
CreditsNames/RyanBurke	Text	 	Ryan Burke
CreditsNames/RyanTiller	Text	 	Ryan Tiller
CreditsNames/SaaraKorhonen	Text	 	Saara Korhonen
CreditsNames/Sally	Text	 [new]	Sally
CreditsNames/SamMckie	Text	 	Sam Mckie
CreditsNames/SamuelArzt	Text	 	Samuel Arzt
CreditsNames/SamuelSekandagu	Text	 	Samuel Sekandagu
CreditsNames/SantiagoMesel	Text	 	Santiago Mesel
CreditsNames/SarahDembet	Text	 	Sarah Dembet
CreditsNames/SarahFayMoineau	Text	 	Sarah Fay Moineau
CreditsNames/SarahHoeksma	Text	 	Sarah Hoeksma
CreditsNames/Sav	Text	 [new]	Sav
CreditsNames/SeanCampbell	Text	 	Sean Campbell
CreditsNames/Sebastian	Text	 [new]	Sebastian
CreditsNames/SeveriJokipera	Text	 [new]	Severi Jokipera
CreditsNames/SeveriJokiperä	Text	 	Severi Jokipera
CreditsNames/ShadwayneWilkinson	Text	 	Shadwayne Wilkinson
CreditsNames/ShahJamal	Text	 	Shah Jamal
CreditsNames/ShahrozAziz	Text	 	Shahroz Aziz
CreditsNames/SimonHansson	Text	 [new]	Simon Hansson
CreditsNames/SimonRicard	Text	 	Simon Ricard
CreditsNames/Sophie	Text	 [new]	Sophie
CreditsNames/Sora	Text	 [new]	Sora
CreditsNames/SoulWade	Text	 	Soul Wade
CreditsNames/StarNovayne	Text	 [new]	Star Novayne
CreditsNames/StefanLampinen	Text	 	Stefan Lampinen
CreditsNames/SteveStewart	Text	 	Steve Stewart
CreditsNames/SunNyang	Text	 	Sun_Nyang
CreditsNames/SvenThole	Text	 	Sven Thole
CreditsNames/Svings	Text	 	Svings
CreditsNames/SzymonStajszczak	Text	 	Szymon Stajszczak
CreditsNames/Testify	Text	 	Testify
CreditsNames/Testronic	Text	 	Testronic
CreditsNames/TheDemonQueen	Text	 	The Demon Queen
CreditsNames/ThomasBuck	Text	 	Thomas Buck
CreditsNames/ThomasHofer	Text	 	Thomas Hofer
CreditsNames/ThomasLumeau	Text	 	Thomas Lumeau
CreditsNames/TimSchipper	Text	 	Tim Schipper
CreditsNames/TimothyMcDougall	Text	 	Timothy McDougall
CreditsNames/TinaMoore	Text	 	Tina Moore
CreditsNames/TobyRogers	Text	 [new]	Toby Rogers
CreditsNames/TomKnight	Text	 [new]	Tom Knight
CreditsNames/TomasAhlstrom	Text	 [new]	Tomas Ahlstrom
CreditsNames/TomasAhlström	Text	 	Tomas Ahlstrom
CreditsNames/TommiVikstedt	Text	 	Tommi Vikstedt
CreditsNames/TonyEvans	Text	 	Tony Evans
CreditsNames/TravisZygmunt	Text	 [new]	Travis Zygmunt
CreditsNames/UkitParakitsri	Text	 	Ukit Parakitsri
CreditsNames/UltraLX	Text	 	UltraLX
CreditsNames/VanessaWilliams	Text	 [new]	Vanessa Williams
CreditsNames/VictoriaKrizmanich	Text	 	Victoria K.
CreditsNames/VincentBahnsen	Text	 	Vincent Bahnsen
CreditsNames/VincentCoates	Text	 	Vincent Coates
CreditsNames/VolodymyrBotvin	Text	 	Volodymyr Botvin
CreditsNames/WilliamDouglas	Text	 	William Douglas
CreditsNames/Wither503	Text	 	Wither503
CreditsNames/Wodehouse	Text	 	Wodehouse
CreditsNames/WojciechKania	Text	 	Wojciech Kania
CreditsNames/WojciechNieckarz	Text	 [new]	Wojciech Nieckarz
CreditsNames/Xitlali	Text	 [new]	Xitlali
CreditsNames/YannickNaudThifault	Text	 	Yannick Naud-Thifault
CreditsNames/YaxinLuo	Text	 	Yaxin Luo
CreditsNames/YjariBeckles	Text	 	Yjari Beckles
CreditsNames/YoBroItsSpence	Text	 [new]	Yo Bro Its Spence
CreditsNames/YuanOunuo	Text	 [new]	Yuan Ounuo
CreditsNames/YulianTkachenko	Text	 	Yulian Tkachenko
CreditsNames/YuparetJongsuk	Text	 	Yuparet Jongsuk
CreditsNames/YuriTanaka	Text	 	Yuri Tanaka
CreditsNames/Zar	Text	 	Zar
CreditsNames/Zulander	Text	 	Zulander
CreditsNames/ZuzannaDygas	Text	 [new]	Zuzanna Dygas
CreditsNames/aritsuki	Text	 	aritsuki
CreditsNames/bklyn	Text	 	bklyn
CreditsNames/eralois	Text	 	eralois
CreditsNames/ienonakaniiru	Text	 	ienonakaniiru
CreditsNames/ohCreative	Text	 	ohCreative
CreditsNames/pictelated	Text	 	pictelated
CreditsNames/启示立方体	Text	 	启示立方体
CreditsNames/袁讴诺	Text	 	袁讴诺
CreditsNames/黎明踏梦	Text	 	黎明踏梦
CreditsNames/깅니아	Text	 	깅니아
CreditsNames/최약창민	Text	 	최약창민
Critter	Text	 [new]	Sinh vật
CritterDesc	Text	 [new]	Sinh vật nhỏ có thể bắt và nuôi làm thú cưng.
DemoVersion	Text	{0} will be replaced by the version number	Phiên bản Demo {0}
Destroying	Text	 [new]	Đang phá hủy
DontOverrideSeason	Text	 	Không ghi đè mưa
EarlyAccess	Text	 	Early Access
EarlyAccessVersion	Text	{0} will be replaced by the version number	Phiên bản Early Access {0}
Emotes/AlreadyScanned	Text	 	Mình đã quét cái này rồi
Emotes/CantLeaveWhileItsMoving	Text	Character says this when riding a vehicle such as minecart or boat and tries to jump off while it is moving	Mình không thể rời đi khi nó đang di chuyển
Emotes/CantSleepWhenEnemiesNear	Text	 	Mình không thể ngủ khi kẻ địch ở gần
Emotes/EnemiesScaledDown	Text	 [new]	Đã thu nhỏ các kẻ địch
Emotes/EnemiesScaledUp	Text	 [new]	Đã phóng to các kẻ địch
Emotes/ICantDestroyThisObject	Text	 	Minh không thể phá vật thể này
Emotes/IDontHaveAPet	Text	 	Minh không có thù cung
Emotes/IDontHaveTheRequiredComponents	Text	 	Minh không có đủ linh kiện
Emotes/INeedADrillForThis	Text	 	Minh cần một máy khoan cố định cho việc này
Emotes/INeedBetterToolsForTheseWaters	Text	Means that player needs a better fishing rod or other means of fishing tools	Minh cần dụng cụ tốt hơn cho vùng nước này
Emotes/IShouldEat	Text	 	Mình nên ăn gì đó
Emotes/IShouldGatherMyFriends	Text	The character says this when all other players must be present around the player to proceed with an action	Minh nên tập hợp bạn bè lại.
Emotes/ImHungry	Text	 	Mình đổi qua
Emotes/ItDoesntDoAnything	Text	Shown when trying to interact with something that does'nt work such as the Core when it is not powered up.	Nó chẳng làm gì cả
Emotes/ItsEmpty	Text	Used when for example the water can is empty	Trống rỗng
Emotes/ItsPowerRemainsSealedDesc	Text	 [new]	Sức mạnh của nó vẫn còn bị phong tỏa
Emotes/ItsTooHardINeedADrill	Text	 	Việc này khó quá, mình cần máy khoan.
Emotes/LarvaEmote1	Text	Something the bigger larvas say when interacting with them while disguised as a larva	Đợi!
Emotes/LarvaEmote2	Text	 	Chit chít
Emotes/LarvaEmote3	Text	 	Phải đạo
Emotes/LooksLikeItNeedsEnergy	Text	Energy refers to a building needing ancient electricity	Có vẻ nó cần năng lượng
Emotes/MiningSkillTooLow	Text	 	Kỹ năng đào của mình quá thấp
Emotes/NeedAncientForge	Text	 	Minh phải ở Lò Rèn Cổ Đài
Emotes/NeedHigherMiningSkill	Text	 	Mình cần kỹ năng đào cao hơn
Emotes/NoEnemyNearBait	Text	 [new]	Không có kẻ địch nào ở gần chiếc mới
Emotes/NoMinionToCommand	Text	 [new]	Bạn không có lĩnh nào để ra lệnh
Emotes/NoNearbyGroundToStandOn	Text	 	Không có nền đất gần đây để dùng
Emotes/NoOtherPortals	Text	Shown when there are no other portals to teleport to	Không có công dịch chuyên não khác
Emotes/NoSeeds	Text	 [new]	Không có hạt giống
Emotes/NotEnoughMana	Text	 	Mình hết mana rồi
Emotes/NotFullyCharged	Text	Shown when player tries to interact with a portal that is still charging up	Nó cần thêm thời gian để nạp năng lượng
Emotes/NothingHappens	Text	 	Không có gì xảy ra
Emotes/NothingWasFound	Text	 	Không tìm thấy gì
Emotes/ObjectIsImmuneToDamage	Text	 	Vật thể này miễn nhiễm sát thương
Emotes/ObjectIsIndestructible	Text	 	Vật thể này không thể phá hủy
Emotes/Ouch	Text	 	A!
Emotes/OutOfWater	Text	 	Hết nước
Emotes/PetIsAlreadyMaxLevel	Text	 	Thú cưng đã đạt cấp tối đa
Emotes/PetIsTooFarAway	Text	 	Thu cũng ở quá xa
Emotes/PoweredDown	Text	 	Có vẻ nó đã tắt nguồn
Emotes/Questionmark	Text	 	?
Emotes/ShouldPlaceHandOnWall	Text	 	Mình nên đặt tay lên bức tường
Emotes/StomachFull	Text	 	Búng mình nó càng rơi
Emotes/StopHurtingMe	Text	 	Đừng đánh tôi nữa!
Emotes/TheAncientForge	Text	Quotes around it cause player character is reading it	'Lò Rèn Cỏ Đài'
Emotes/TheFishArentBiting	Text	 	Cá không cắn câu.
Emotes/ThisIsNotMyBed	Text	 	Đây không phải giường của mình
Emotes/ThisWillTakeAWhile	Text	 	Việc này sẽ mất một lúc...
Emotes/ThisWillTakeForever	Text	 	Việc này sẽ mất cả đôi mắt...
Emotes/TutorialBreakWood	Text	 [new]	Đánh vỡ để lấy gỗ
Emotes/TutorialCraftMiningPick	Text	 [new]	Chế tạo cuốc chim
Emotes/TutorialCraftTorch	Text	 [new]	Chế tạo Dược
Emotes/TutorialCraftWorkbench	Text	 [new]	Chế tạo Bàn Làm Việc
Emotes/TutorialSmeltOre	Text	 [new]	Nấu quặng thành thỏi
Emotes/UnlockedInEarlyAccess	Text	 	Đã mở khóa trong Early Access
Emotes/UnlocksAtLaunch	Text	 	"""Tiếp tục hành trình khám phá bên kia bức tường ở bàn 1.0. 
Mở khóa ngay 27 tháng 8 năm 2024."""
Emotes/WaypointActivated	Text	 	Đã kích hoạt điểm dịch chuyển
Error/Authenticating	Text	 	Đáng xác thực.
Error/AuthenticationFailed	Text	 	Xác thực thất bại
Error/BackingStorageFull	Text	 	Ổ đĩa hoặc dung lượng đám mây dạ dày, hay thử xoa bớt
Error/BadInternet	Text	 	Đang gặp sự cố kết nối.
Error/BadProtocolVersion	Text	 	Phiên bản game không khớp
Error/Canceled	Text	 	Thao tác đã bị hủy
Error/CannotJoinSession	Text	Generic error handling used when a user cannot join a session but the platform prohibits us from stating specifically why.	Bạn không thể tham gia phiên này.
Error/CharacterVersionTooHigh	Text	 	Nhân vật này được tạo bằng phiên bản game mới hơn. Vui lòng kiểm tra cập nhật game.
Error/CompileFailed	Text	 	Biên dịch thất bại
Error/ConnectionClose	Text	 	Kết nối đã đóng
Error/ConnectionFailedWith	Text	 	Kết nối thất bại:
Error/ConnectionLost	Text	 [new]	Mất kết nối
Error/CrossplayNotEnabled	Text	 	Chưa bắt crossplay
Error/FailedToLoad	Text	 	Tại thất bại
Error/FileAccess	Text	 	Không thể truy cập tệp
Error/GameNotFound	Text	 	Không tìm thấy game
Error/HostDisableCrossplay	Text	 	Có vẻ crossplay đang gặp sự cố. Bạn có thể nhờ chú phóng tất nó trong cài đặt lối chơi.
Error/HostDoesNotAllowCrossplay	Text	 	Chủ phong không cho phép crossplay
Error/HostIncompatiblePlatform	Text	 	Chủ phong không tương thích với nền tảng của bạn vì không hỗ trợ crossplay.
Error/HostNotReady	Text	 	Chủ phong chưa sẵn sàng
Error/InternalError	Text	 	Lời nói bộ
Error/InvalidAccess	Text	 	Truy cập không hợp lệ
Error/InvalidRpc	Text	 	Thông điệp mạng không hợp lệ
Error/MaxConnectionAttempts	Text	 	Kết nối thất bại sau qua nhiều lần thử
Error/MaxSessionTimeReached	Text	 	Đã đạt thời gian phiên tối đa.
Error/MultiplayerDisabledDueToError	Text	 [new]	Chế độ nhiều người chơi đã bị tắt do lỗi
Error/MultiplayerNonSteamNotAvailable	Text	 	Không hỗ trợ chơi mạng với người chơi ngoài Steam.
Error/MultiplayerNotAvailable	Text	 	Chơi mạng không khả dụng.
Error/NetworkInitFailed	Text	 	Khởi tạo mạng thất bại.
Error/NoNetwork	Text	 	Không có mạng
Error/NoWorldWriteWarning	Text	 	Da {0} phút không có lưu tự động. Nhiều khả năng đã xảy ra lỗi. Nên khởi động lại máy chủ để đảm bảo mọi tiến trình được lưu.
Error/NoWorldWriteWarningEnd	Text	 	Lưu tự động thành công!
Error/PleaseWait	Text	 	Vui lòng cho.
Error/ReconnectAuthentication	Text	 [new]	Đáng xác thực lại...
Error/ReconnectLobby	Text	 [new]	Đang kết nối lại phòng chờ...
Error/ReconnectNetwork	Text	 [new]	Đang kết nối lại mạng...
Error/ReconnectPlatformSession	Text	 [new]	Đang kết nối lại phiên nền tảng...
Error/ReconnectPlayFabNetwork	Text	 [new]	Đang kết nối lại với PlayFab...
Error/ReconnectServerPlayer	Text	 [new]	Đảng kết nối lại máy chủ người chơi...
Error/Reconnecting	Text	 [new]	Đang kết nối lại...
Error/RecreateSession	Text	 [new]	Đang tạo lại phiên chơi...
Error/SaveFileCorrupt	Text	 	Không thể đọc tệp lưu
Error/SessionBlockedBy	Text	Used to denote a session which cannot be entered due to the presence of a player who has blocked the user.	Bạn không thể tham gia phiên này vì có người chơi đã chặn bạn.
Error/SessionContainsBlockedUser	Text	Used to denote a session which cannot be entered due to the presence of a player which has been blocked by the user.	Bạn không thể tham gia phiên này vì có người chơi bạn đã chán.
Error/SessionJoinBanned	Text	 	Bạn không thể tham gia phiên này vì đã bị quản trị viên của phiên cấm.
Error/Timeout	Text	 	Hết thời gian kết nối
Error/Unknown	Text	 	Lỗi không xác định
Error/UserConnected	Text	 	{0} đã kết nối.
Error/UserDisconnected	Text	 	{0} đã ngắt kết nối.
Error/WorldVersionTooHigh	Text	 	Thế giới này được tạo bằng phiên bản game mới hơn. Vui lòng kiểm tra cập nhật game.
Error/reqFailNotificationGPU	Text	 	Cảnh báo: GPU của bạn không đạt yêu cầu tối thiểu. Đồ họa game có thể hiện thì không đúng
ExplorersEdition/ArtBookLink	Text	 [new]	Sách nghệ thuật
ExplorersEdition/ColoringBookLink	Text	 [new]	Sách tô màu
ExplorersEdition/ExplorersGuideLink	Text	 [new]	Cẩm nang khám phá
ExplorersEdition/Instructions	Text	 [new]	Để sử dụng nội dung Explorers Edition, hay mở các tập tin từ cửa hàng hoặc thư mục của trò chơi.
ExplorersEdition/Language	Text	 [new]	Ngôn ngữ
ExplorersEdition/LanguageName	Text	 [new]	Tiếng Việt
ExplorersEdition/SoundtrackLink	Text	 [new]	Nhân sản trường âm
ExplorersEdition/Welcome	Text	 [new]	Chào mừng đến với Explorers Edition
ExplorersEdition/title	Text	 [new]	Explorers Edition
FilteringOn	Text	 [new]	Đang bật bộ lọc
Fish	Text	 [new]	Cá
FishDesc	Text	 [new]	Cá có thể được bắt bằng cần cẩu.
FollowTwitter	Text	 	Theo dõi chúng tôi trên Twitter
FoodAdjectives/AmberLarva	Text	 	Nhiều Thịt
FoodAdjectives/AmberLarvaFemale	Text	 	Nhiều Thịt
FoodAdjectives/AmberLarvaMale	Text	 	Nhiều Thịt
FoodAdjectives/AngleFish	Text	 	Bốc Kin
FoodAdjectives/AngleFishFemale	Text	 	Bốc Kin
FoodAdjectives/AngleFishMale	Text	 	Bốc Kin
FoodAdjectives/AstralJelly	Text	 	Tỉnh Tư
FoodAdjectives/AstralJellyFemale	Text	 	Tỉnh Tư
FoodAdjectives/AstralJellyMale	Text	 	Tỉnh Tư
FoodAdjectives/AtlantianWormHeart	Text	 	Atlantean
FoodAdjectives/AtlantianWormHeartFemale	Text	 	Atlantean
FoodAdjectives/AtlantianWormHeartMale	Text	 	Atlantean
FoodAdjectives/AzureFeatherFish	Text	 	Xanh Da Trời
FoodAdjectives/AzureFeatherFishFemale	Text	 	Xanh Da Trời
FoodAdjectives/AzureFeatherFishMale	Text	 	Xanh Da Trời
FoodAdjectives/BlackSteelUrchin	Text	 	Đến
FoodAdjectives/BlackSteelUrchinFemale	Text	 	Đến
FoodAdjectives/BlackSteelUrchinMale	Text	 	Đến
FoodAdjectives/BloatOat	Text	 	Nổ Bùng
FoodAdjectives/BloatOatFemale	Text	 	Nổ Bùng
FoodAdjectives/BloatOatMale	Text	 	Nổ Bùng
FoodAdjectives/BloatOatRare	Text	 	Ngày
FoodAdjectives/BloatOatRareFemale	Text	 	Ngày
FoodAdjectives/BloatOatRareMale	Text	 	Ngày
FoodAdjectives/BlueCaveGuppy	Text	 	Xanh Dương
FoodAdjectives/BlueCaveGuppyFemale	Text	 	Xanh Dương
FoodAdjectives/BlueCaveGuppyMale	Text	 	Xanh Dương
FoodAdjectives/BombPepper	Text	 	Cây
FoodAdjectives/BombPepperFemale	Text	 	Cây
FoodAdjectives/BombPepperMale	Text	 	Cây
FoodAdjectives/BombPepperRare	Text	 	Cây Nông
FoodAdjectives/BombPepperRareFemale	Text	 	Cây Nông
FoodAdjectives/BombPepperRareMale	Text	 	Cây Nông
FoodAdjectives/BottomTracer	Text	 	Vàng Tươi
FoodAdjectives/BottomTracerFemale	Text	 	Vàng Tươi
FoodAdjectives/BottomTracerMale	Text	 	Vàng Tươi
FoodAdjectives/BrightLavaEater	Text	 	Sáng
FoodAdjectives/BrightLavaEaterFemale	Text	 	Sáng
FoodAdjectives/BrightLavaEaterMale	Text	 	Sáng
FoodAdjectives/BrownDuneTail	Text	 	Nấu
FoodAdjectives/BrownDuneTailFemale	Text	 	Nấu
FoodAdjectives/BrownDuneTailMale	Text	 	Nấu
FoodAdjectives/Carrock	Text	 	Giơn
FoodAdjectives/CarrockFemale	Text	 	Giơn
FoodAdjectives/CarrockMale	Text	 	Giơn
FoodAdjectives/CarrockRare	Text	 	Cung
FoodAdjectives/CarrockRareFemale	Text	 	Cung
FoodAdjectives/CarrockRareMale	Text	 	Cung
FoodAdjectives/CosmicForm	Text	 	Vũ Trụ
FoodAdjectives/CosmicFormFemale	Text	 	Vũ Trụ
FoodAdjectives/CosmicFormMale	Text	 	Vũ Trụ
FoodAdjectives/CrownSquid	Text	 	Đời Vương Miện
FoodAdjectives/CrownSquidFemale	Text	 	Đời Vương Miện
FoodAdjectives/CrownSquidMale	Text	 	Đời Vương Miện
FoodAdjectives/DaggerFin	Text	 	Sắc Bén
FoodAdjectives/DaggerFinFemale	Text	 	Sắc Bén
FoodAdjectives/DaggerFinMale	Text	 	Sắc Bén
FoodAdjectives/DarkLavaEater	Text	 	Tôi
FoodAdjectives/DarkLavaEaterFemale	Text	 	Tôi
FoodAdjectives/DarkLavaEaterMale	Text	 	Tôi
FoodAdjectives/Deepstalker	Text	 	Lập Lành
FoodAdjectives/DeepstalkerFemale	Text	 	Lập Lành
FoodAdjectives/DeepstalkerMale	Text	 	Lập Lành
FoodAdjectives/DevilWorm	Text	 	Quý Quái
FoodAdjectives/DevilWormFemale	Text	 	Quý Quái
FoodAdjectives/DevilWormMale	Text	 	Quý Quái
FoodAdjectives/Egg	Text	 	Ngọn Lạnh
FoodAdjectives/EggFemale	Text	 	Ngọn Lạnh
FoodAdjectives/EggMale	Text	 	Ngọn Lạnh
FoodAdjectives/ElderDragonfish	Text	 	Lão Niên
FoodAdjectives/ElderDragonfishFemale	Text	 	Lão Niên
FoodAdjectives/ElderDragonfishMale	Text	 	Lão Niên
FoodAdjectives/EmeraldFeatherFish	Text	 	Lục Bảo
FoodAdjectives/EmeraldFeatherFishFemale	Text	 	Lục Bảo
FoodAdjectives/EmeraldFeatherFishMale	Text	 	Lục Bảo
FoodAdjectives/GemCrab	Text	 	Long Lãnh
FoodAdjectives/GemCrabFemale	Text	 	Long Lãnh
FoodAdjectives/GemCrabMale	Text	 	Long Lãnh
FoodAdjectives/GiantMushroom	Text	 	Không Lộ
FoodAdjectives/GiantMushroomFemale	Text	 	Không Lộ
FoodAdjectives/GiantMushroomMale	Text	 	Không Lộ
FoodAdjectives/GlowingMushroom	Text	 [new]	Phát sáng
FoodAdjectives/GlowingMushroomFemale	Text	 [new]	Phát sáng
FoodAdjectives/GlowingMushroomMale	Text	 [new]	Phát sáng
FoodAdjectives/GlowingTulipFlower	Text	 	Phật Sáng
FoodAdjectives/GlowingTulipFlowerFemale	Text	 	Phật Sáng
FoodAdjectives/GlowingTulipFlowerMale	Text	 	Phật Sáng
FoodAdjectives/GlowingTulipFlowerRare	Text	 	Rục Rô
FoodAdjectives/GlowingTulipFlowerRareFemale	Text	 	Rục Rô
FoodAdjectives/GlowingTulipFlowerRareMale	Text	 	Rục Rô
FoodAdjectives/GoldenAngleFish	Text	 	Kết Tinh
FoodAdjectives/GoldenAngleFishFemale	Text	 	Kết Tinh
FoodAdjectives/GoldenAngleFishMale	Text	 	Kết Tinh
FoodAdjectives/GoldenDeepstalker	Text	 	Long Lây
FoodAdjectives/GoldenDeepstalkerFemale	Text	 	Long Lây
FoodAdjectives/GoldenDeepstalkerMale	Text	 	Long Lây
FoodAdjectives/GoldenLarvaMeat	Text	 	Sang Bông
FoodAdjectives/GoldenLarvaMeatFemale	Text	 	Sang Bông
FoodAdjectives/GoldenLarvaMeatMale	Text	 	Sang Bông
FoodAdjectives/GoldenTorrentDart	Text	 	Vàng Ông
FoodAdjectives/GoldenTorrentDartFemale	Text	 	Vàng Ông
FoodAdjectives/GoldenTorrentDartMale	Text	 	Vàng Ông
FoodAdjectives/GreenBlisterHead	Text	 	Xanh Lá
FoodAdjectives/GreenBlisterHeadFemale	Text	 	Xanh Lá
FoodAdjectives/GreenBlisterHeadMale	Text	 	Xanh Lá
FoodAdjectives/GreenhornPico	Text	 	Dinh Nhop
FoodAdjectives/GreyDuneTail	Text	 	Xẩm Xít
FoodAdjectives/GreyDuneTailFemale	Text	 	Xẩm Xít
FoodAdjectives/GreyDuneTailMale	Text	 	Xẩm Xít
FoodAdjectives/Grumpkin	Text	 	San Sủi
FoodAdjectives/GrumpkinFemale	Text	 	San Sủi
FoodAdjectives/GrumpkinMale	Text	 	San Sủi
FoodAdjectives/GrumpkinRare	Text	 	Lập Lành
FoodAdjectives/GrumpkinRareFemale	Text	 	Lập Lành
FoodAdjectives/GrumpkinRareMale	Text	 	Lập Lành
FoodAdjectives/HeartBerry	Text	 	Bộ Đường
FoodAdjectives/HeartBerryFemale	Text	 	Bộ Đường
FoodAdjectives/HeartBerryMale	Text	 	Bộ Đường
FoodAdjectives/HeartBerryRare	Text	 	Tuyệt Vối
FoodAdjectives/HeartBerryRareFemale	Text	 	Tuyệt Vối
FoodAdjectives/HeartBerryRareMale	Text	 	Tuyệt Vối
FoodAdjectives/LarvaMeat	Text	 	Nhảy Nhua
FoodAdjectives/LarvaMeatFemale	Text	 	Nhảy Nhua
FoodAdjectives/LarvaMeatMale	Text	 	Nhảy Nhua
FoodAdjectives/LithoTrilobite	Text	 	Giơn Tân
FoodAdjectives/Lunacorn	Text	 	Ông Anh
FoodAdjectives/LunacornFemale	Text	 	Ông Anh
FoodAdjectives/LunacornMale	Text	 	Ông Anh
FoodAdjectives/LunacornRare	Text	 	Rục Rô
FoodAdjectives/LunacornRareFemale	Text	 	Rục Rô
FoodAdjectives/LunacornRareMale	Text	 	Rục Rô
FoodAdjectives/Meat	Text	 	Mem
FoodAdjectives/MeatFemale	Text	 	Mem
FoodAdjectives/MeatMale	Text	 	Mem
FoodAdjectives/Milk	Text	 [new]	Tuổi mất
FoodAdjectives/MilkFemale	Text	 [new]	Tuổi mất
FoodAdjectives/MilkMale	Text	 [new]	Tuổi mất
FoodAdjectives/MilkRare	Text	 [new]	Tuổi mất quý hiếm
FoodAdjectives/MilkRareFemale	Text	 [new]	Tuổi mất quý hiếm
FoodAdjectives/MilkRareMale	Text	 [new]	Tuổi mất quý hiếm
FoodAdjectives/MoldShark	Text	 	Mọc Mèo
FoodAdjectives/MoldSharkFemale	Text	 	Mọc Mèo
FoodAdjectives/MoldSharkMale	Text	 	Mọc Mèo
FoodAdjectives/Mushroom	Text	 	Nhao
FoodAdjectives/MushroomFemale	Text	 	Nhao
FoodAdjectives/MushroomMale	Text	 	Nhao
FoodAdjectives/OrangeCaveGuppy	Text	 	Cấm
FoodAdjectives/OrangeCaveGuppyFemale	Text	 	Cấm
FoodAdjectives/OrangeCaveGuppyMale	Text	 	Cấm
FoodAdjectives/Pewpaya	Text	 	Móng Nước
FoodAdjectives/PewpayaFemale	Text	 	Móng Nước
FoodAdjectives/PewpayaMale	Text	 	Móng Nước
FoodAdjectives/PewpayaRare	Text	 	Ngột Lim
FoodAdjectives/PewpayaRareFemale	Text	 	Ngột Lim
FoodAdjectives/PewpayaRareMale	Text	 	Ngột Lim
FoodAdjectives/Pinegrapple	Text	 	Ngọt
FoodAdjectives/PinegrappleFemale	Text	 	Ngọt
FoodAdjectives/PinegrappleMale	Text	 	Ngọt
FoodAdjectives/PinegrappleRare	Text	 	Móng Ngột
FoodAdjectives/PinegrappleRareFemale	Text	 	Móng Ngột
FoodAdjectives/PinegrappleRareMale	Text	 	Móng Ngột
FoodAdjectives/PinkCoralotl	Text	 	Đỗ San Hô
FoodAdjectives/PinkCoralotlFemale	Text	 	Đỗ San Hô
FoodAdjectives/PinkCoralotlMale	Text	 	Đỗ San Hô
FoodAdjectives/PinkPalaceFish	Text	 	Hồng
FoodAdjectives/PinkPalaceFishFemale	Text	 	Hồng
FoodAdjectives/PinkPalaceFishMale	Text	 	Hồng
FoodAdjectives/PinkhornPico	Text	 	Nhop Nhap
FoodAdjectives/Puffungi	Text	 	Phòng
FoodAdjectives/PuffungiFemale	Text	 	Phòng
FoodAdjectives/PuffungiMale	Text	 	Phòng
FoodAdjectives/PuffungiRare	Text	 	Âm Mộc
FoodAdjectives/PuffungiRareFemale	Text	 	Âm Mộc
FoodAdjectives/PuffungiRareMale	Text	 	Âm Mộc
FoodAdjectives/RiftianLampfish	Text	 	Vực Thăm
FoodAdjectives/RockJaw	Text	 	Cung Đa
FoodAdjectives/RockJawFemale	Text	 	Cung Đa
FoodAdjectives/RockJawMale	Text	 	Cung Đa
FoodAdjectives/RotFish	Text	 	Thời Rùa
FoodAdjectives/RotFishFemale	Text	 	Thời Rùa
FoodAdjectives/RotFishMale	Text	 	Thời Rùa
FoodAdjectives/SandySpikeback	Text	 	Lâm Cát
FoodAdjectives/SandySpikebackFemale	Text	 	Lâm Cát
FoodAdjectives/SandySpikebackMale	Text	 	Lâm Cát
FoodAdjectives/SilverTorrentDart	Text	 	Bắc
FoodAdjectives/SilverTorrentDartFemale	Text	 	Bắc
FoodAdjectives/SilverTorrentDartMale	Text	 	Bắc
FoodAdjectives/SolidSpikeback	Text	 	Chắc Nich
FoodAdjectives/SolidSpikebackFemale	Text	 	Chắc Nich
FoodAdjectives/SolidSpikebackMale	Text	 	Chắc Nich
FoodAdjectives/SpiritVeil	Text	 	Linh Thiêng
FoodAdjectives/SpiritVeilFemale	Text	 	Linh Thiêng
FoodAdjectives/SpiritVeilMale	Text	 	Linh Thiêng
FoodAdjectives/StarlightNautilus	Text	 	Lập Lành
FoodAdjectives/StarlightNautilusFemale	Text	 	Lập Lành
FoodAdjectives/StarlightNautilusMale	Text	 	Lập Lành
FoodAdjectives/Sunrice	Text	 	Rạng Rớ
FoodAdjectives/SunriceFemale	Text	 	Rạng Rớ
FoodAdjectives/SunriceMale	Text	 	Rạng Rớ
FoodAdjectives/SunriceRare	Text	 	Chơi Lối
FoodAdjectives/SunriceRareFemale	Text	 	Chơi Lối
FoodAdjectives/SunriceRareMale	Text	 	Chơi Lối
FoodAdjectives/TealPalaceFish	Text	 	Xanh Mông Kết
FoodAdjectives/TealPalaceFishFemale	Text	 	Xanh Mông Kết
FoodAdjectives/TealPalaceFishMale	Text	 	Xanh Mông Kết
FoodAdjectives/TerraTrilobite	Text	 	Xớp
FoodAdjectives/TornisKingfish	Text	 	Vương Gia
FoodAdjectives/TornisKingfishFemale	Text	 	Vương Gia
FoodAdjectives/TornisKingfishMale	Text	 	Vương Gia
FoodAdjectives/VampireEel	Text	 	Hút Máu
FoodAdjectives/VampireEelFemale	Text	 	Hút Máu
FoodAdjectives/VampireEelMale	Text	 	Hút Máu
FoodAdjectives/VerdantDragonfish	Text	 	Xanh Tươi
FoodAdjectives/VerdantDragonfishFemale	Text	 	Xanh Tươi
FoodAdjectives/VerdantDragonfishMale	Text	 	Xanh Tươi
FoodAdjectives/VoidHydraHeart	Text	 [new]	Dây dinh dưỡng
FoodAdjectives/VoidHydraHeartFemale	Text	 [new]	Dây dinh dưỡng
FoodAdjectives/VoidHydraHeartMale	Text	 [new]	Dây dinh dưỡng
FoodAdjectives/WhiteCoralotl	Text	 	Trang
FoodAdjectives/WhiteCoralotlFemale	Text	 	Trang
FoodAdjectives/WhiteCoralotlMale	Text	 	Trang
FoodAdjectives/YellowBlisterHead	Text	 	Vàng
FoodAdjectives/YellowBlisterHeadFemale	Text	 	Vàng
FoodAdjectives/YellowBlisterHeadMale	Text	 	Vàng
FoodNouns/AmberLarva	Text	 	Hổ Phách
FoodNouns/AngleFish	Text	 	Pha Lê
FoodNouns/AstralJelly	Text	 	Thạch
FoodNouns/AtlantianWormHeart	Text	 	Không Lộ
FoodNouns/AzureFeatherFish	Text	 	Lông vũ
FoodNouns/BlackSteelUrchin	Text	 	Nhím Biển
FoodNouns/BloatOat	Text	 	Yên Mạch
FoodNouns/BloatOatRare	Text	 	Yên Mạch Vàng
FoodNouns/BlueCaveGuppy	Text	 	Cả Bảy Màu
FoodNouns/BombPepper	Text	 	Ớt
FoodNouns/BombPepperRare	Text	 	Ớt Vang
FoodNouns/BottomTracer	Text	 	Cá Rau
FoodNouns/BrightLavaEater	Text	 	Dung Nham
FoodNouns/BrownDuneTail	Text	 	Cồn Cát
FoodNouns/Carrock	Text	 	Da
FoodNouns/CarrockRare	Text	 	Đá Vàng
FoodNouns/CosmicForm	Text	 	Vũ Trụ
FoodNouns/CrownSquid	Text	 	Mục
FoodNouns/DaggerFin	Text	 	Vậy
FoodNouns/DarkLavaEater	Text	 	Dung Nham
FoodNouns/Deepstalker	Text	 	Thợ Săn
FoodNouns/DevilWorm	Text	 	Giun
FoodNouns/Egg	Text	 	Kẽm
FoodNouns/ElderDragonfish	Text	 	Rồng
FoodNouns/EmeraldFeatherFish	Text	 	Lông vũ
FoodNouns/GemCrab	Text	 	Cửa
FoodNouns/GiantMushroom	Text	 	Nam
FoodNouns/GlowingMushroom	Text	 [new]	Năm phát sáng
FoodNouns/GlowingTulipFlower	Text	 	Tulip
FoodNouns/GlowingTulipFlowerRare	Text	 	Tulip Vang
FoodNouns/GoldenAngleFish	Text	 	Pha Lê
FoodNouns/GoldenDeepstalker	Text	 	Thợ Săn
FoodNouns/GoldenLarvaMeat	Text	 	Vàng
FoodNouns/GoldenTorrentDart	Text	 	Phí Tiêu
FoodNouns/GreenBlisterHead	Text	 	Phòng Rớp
FoodNouns/GreenhornPico	Text	 	Nhot
FoodNouns/GreyDuneTail	Text	 	Cồn Cát
FoodNouns/Grumpkin	Text	 	Cục
FoodNouns/GrumpkinRare	Text	 	Cúc Vàng
FoodNouns/HeartBerry	Text	 	Quả Mộng
FoodNouns/HeartBerryRare	Text	 	Móng Vàng
FoodNouns/LarvaMeat	Text	 	Thịt
FoodNouns/LithoTrilobite	Text	 	Hóa Thạch
FoodNouns/Lunacorn	Text	 	Trang
FoodNouns/LunacornRare	Text	 	Trăng Vàng
FoodNouns/Meat	Text	 	Thịt
FoodNouns/Milk	Text	 [new]	Sửa
FoodNouns/MoldShark	Text	 	Cá Mập
FoodNouns/Mushroom	Text	 	Nam
FoodNouns/OrangeCaveGuppy	Text	 	Cả Bảy Màu
FoodNouns/Pewpaya	Text	 	Trái Cây
FoodNouns/PewpayaRare	Text	 	Trại Vàng
FoodNouns/Pinegrapple	Text	 	Nhiệt Đới
FoodNouns/PinegrappleRare	Text	 	Nhiệt Đới Vàng
FoodNouns/PinkCoralotl	Text	 	San Hô
FoodNouns/PinkPalaceFish	Text	 	Cung Điện
FoodNouns/PinkhornPico	Text	 	Nhot
FoodNouns/Puffungi	Text	 	Mốc
FoodNouns/PuffungiRare	Text	 	Mốc Vàng
FoodNouns/RiftianLampfish	Text	 	Khe Nút
FoodNouns/RockJaw	Text	 	Hàm
FoodNouns/RotFish	Text	 	Thời Rùa
FoodNouns/SandySpikeback	Text	 	Gái
FoodNouns/SilverTorrentDart	Text	 	Phí Tiêu
FoodNouns/SolidSpikeback	Text	 	Gái
FoodNouns/SpiritVeil	Text	 	Mạn Chè
FoodNouns/StarlightNautilus	Text	 	Ánh Sao
FoodNouns/Sunrice	Text	 	Mặt Trời
FoodNouns/SunriceRare	Text	 	Mặt Trời Vàng
FoodNouns/TealPalaceFish	Text	 	Cung Điện
FoodNouns/TerraTrilobite	Text	 	Hóa Thạch
FoodNouns/TornisKingfish	Text	 	Vua
FoodNouns/VampireEel	Text	 	Luôn
FoodNouns/VerdantDragonfish	Text	 	Rồng
FoodNouns/VoidHydraHeart	Text	 [new]	Tim Hydra Void
FoodNouns/WhiteCoralotl	Text	 	San Hô
FoodNouns/YellowBlisterHead	Text	 	Phòng Rớp
FoodTypes/Fish	Text	 	Cá
FoodTypes/Meat	Text	 	Khác
FoodTypes/Plant	Text	 	Thực vật
GeneralConfigMenu/AdminOnlyEnableDesc	Text	 [new]	Chỉ quản trị viên mới có thể bật tính năng này.
GeneralConfigMenu/Click	Text	 [new]	Nhấp
GeneralConfigMenu/ClientValue	Text	 [new]	Giá trị máy khách
GeneralConfigMenu/Config	Text	 [new]	Cấu hình
GeneralConfigMenu/ModConfig	Text	 [new]	Cấu hình mod
GeneralConfigMenu/NeedReload	Text	 [new]	Cần tải lại
GeneralConfigMenu/Reset	Text	 [new]	Đặt lại
GeneralConfigMenu/ResetDesc	Text	 [new]	Đặt lại cấu hình về mặc định.
GeneralConfigMenu/Save	Text	 [new]	Lưu
GeneralConfigMenu/SaveDesc	Text	 [new]	Lưu cấu hình.
GeneralConfigMenu/Section	Text	 [new]	Mục
GeneralConfigMenu/ServerValue	Text	 [new]	Giá trị máy chủ
GeneralConfigMenu/Transfer	Text	 [new]	Chuyển
GeneralConfigMenu/TransferDesc	Text	 [new]	Chuyển cấu hình giữa máy khách và máy chủ.
GeneralConfigMenu_AccessLevel/Admin	Text	 [new]	Quản trị viên
GeneralConfigMenu_AccessLevel/AdminDesc	Text	 [new]	Chỉ quản trị viên mới có quyền thay đổi.
GeneralConfigMenu_AccessLevel/Client	Text	 [new]	Máy khách
GeneralConfigMenu_AccessLevel/ClientDesc	Text	 [new]	Cấu hình áp dụng cho máy khách.
GeneralConfigMenu_AccessLevel/Server	Text	 [new]	Máy chủ
GeneralConfigMenu_AccessLevel/ServerDesc	Text	 [new]	Cấu hình áp dụng cho máy chủ.
GeneralConfigMenu_AccessLevel/ViewOnly	Text	 [new]	Chỉ xem
GeneralConfigMenu_AccessLevel/ViewOnlyDesc	Text	 [new]	Chỉ có thể xem, không thể chỉnh sửa.
GeneralConfigMenu_Config/General	Text	 [new]	Chung
GeneralConfigMenu_Config_General/AdminOnly	Text	 [new]	Chỉ quản trị viên
GeneralConfigMenu_Config_General/AdminOnlyDesc	Text	 [new]	Chỉ quản trị viên mới có thể thay đổi cấu hình này.
HardMode	Text	 	Kho
HardModeDesc	Text	 	Đường đầu quái vật mạnh hơn và gặt hái phần thưởng lớn hơn.
HealthBars-Options/ColorDuration	Text	 [new]	Màu thời gian còn lại
HealthBars-Options/ColorHealth	Text	 [new]	Màu thanh màu
HealthBars-Options/ColorMana	Text	 [new]	Màu thanh mana
HealthBars-Options/ColorShield	Text	 [new]	Màu thanh giáp
HealthBars-Options/DisplayOverObjects	Text	 [new]	Hiển thị phía trên vật thể
HealthBars-Options/Header	Text	 [new]	Thanh máu
HealthBars-Options/ResetToDefaults	Text	 [new]	Đặt lại mặc định
HealthBars-Options/ResetToDefaultsDesc	Text	 [new]	Đặt lại tất cả các tùy chọn hiển thị thanh máu về mặc định
HealthBars-Options/ShowCreatureHealth	Text	 [new]	Hiện thị máu của sinh vật
HealthBars-Options/ShowLocalPlayerHealth	Text	 [new]	Hiển thị máu của người chơi địa phương
HealthBars-Options/ShowMinionDuration	Text	 [new]	Hiển thị thời gian tồn tại của lính
HealthBars-Options/ShowOreBoulderProgress	Text	 [new]	Hiển thị tiến trình của quang và dải đá
HealthBars-Options/ShowOtherPlayerHealth	Text	 [new]	Hiển thị máu của người chơi khác
HelmVanitySlot	Text	 	Ở ngoài trắng mũ
Intro/Slide1	Text	 	Ở một nơi xa cách mới chọn khác.
Intro/Slide2	Text	 	Ban thuộc một đoàn thám hiểm đang băng qua khu rừng.
Intro/Slide3	Text	 	Cảm nhận một sự hiện diện kỳ lạ, bạn nhận ra thứ gì đó giữa những tàn cây.
Intro/Slide4	Text	 	Như bị cuốn hút, bạn tiến lại gần đi vật kỳ lạ ấy và đưa tay về phía nó.
Intro/Slide5	Text	 	Khoảnh khắc chạm vào bề mặt nó, một luồng sáng chói lóa nuốt chửng bắn.
ItemBrowser-AnyTileType/ground	Text	 [new]	Đất
ItemBrowser-AnyTileType/pit	Text	 [new]	Họ
ItemBrowser-AnyTileType/smallGrass	Text	 [new]	Cô nhớ
ItemBrowser-AnyTileType/wall	Text	 [new]	Tương
ItemBrowser-AnyTileType/water	Text	 [new]	Nước
ItemBrowser-ButtonHints/AddCollected	Text	 [new]	Đánh dấu đà thu thập
ItemBrowser-ButtonHints/AddFavorite	Text	 [new]	Thêm vào yêu thích
ItemBrowser-ButtonHints/CycleCategoryLeft	Text	 [new]	Danh mục trước
ItemBrowser-ButtonHints/CycleCategoryRight	Text	 [new]	Danh mục tiếp theo
ItemBrowser-ButtonHints/CycleSourceLeft	Text	 [new]	Nguồn trước
ItemBrowser-ButtonHints/CycleSourceRight	Text	 [new]	Nguồn tiếp theo
ItemBrowser-ButtonHints/CycleTabLeft	Text	 [new]	Tab trước
ItemBrowser-ButtonHints/CycleTabRight	Text	 [new]	Tab tiếp theo
ItemBrowser-ButtonHints/DiscoverTemporarily	Text	 [new]	Hiển thị tạm thời
ItemBrowser-ButtonHints/ExcludeFilter	Text	 [new]	Loại trừ khỏi bộ lọc
ItemBrowser-ButtonHints/Give	Text	 [new]	Chợ {0}x
ItemBrowser-ButtonHints/GoBack	Text	 [new]	Quay lại
ItemBrowser-ButtonHints/IncludeFilter	Text	 [new]	Thêm vào bộ lọc
ItemBrowser-ButtonHints/RemoveCollected	Text	 [new]	Đánh dấu là chưa thu thập
ItemBrowser-ButtonHints/RemoveFavorite	Text	 [new]	Xóa khỏi yêu thích
ItemBrowser-ButtonHints/RemoveFilter	Text	 [new]	Xóa bỏ lọc
ItemBrowser-ButtonHints/RestoreDefaults	Text	 [new]	Khôi phục mặc định
ItemBrowser-ButtonHints/SearchClear	Text	 [new]	Xóa nội dung tìm kiếm
ItemBrowser-ButtonHints/SearchHighlight	Text	 [new]	Tổ sáng kết quả tìm kiếm
ItemBrowser-ButtonHints/ViewSource	Text	 [new]	Xem nguồn
ItemBrowser-ButtonHints/ViewUsage	Text	 [new]	Xem cách dùng
ItemBrowser-CatchTypes/Fish	Text	 [new]	Câu cá
ItemBrowser-CatchTypes/Loot	Text	 [new]	Cầu bảo vật
ItemBrowser-ConditionCategoryNames/Appearance	Text	 [new]	Ngoại hình
ItemBrowser-ConditionCategoryNames/Armor	Text	 [new]	Giáp
ItemBrowser-ConditionCategoryNames/Attack Speed	Text	 [new]	Tốc độ tấn công
ItemBrowser-ConditionCategoryNames/Burn	Text	 [new]	Bóng chày
ItemBrowser-ConditionCategoryNames/Charm	Text	 [new]	Bữa
ItemBrowser-ConditionCategoryNames/Cooking	Text	 [new]	Nấu ăn
ItemBrowser-ConditionCategoryNames/Crafting	Text	 [new]	Chế tạo
ItemBrowser-ConditionCategoryNames/Crit	Text	 [new]	Tỉ lệ chi mang
ItemBrowser-ConditionCategoryNames/Crit Damage	Text	 [new]	Sát thương chỉ mạng
ItemBrowser-ConditionCategoryNames/Damage	Text	 [new]	Sát thương
ItemBrowser-ConditionCategoryNames/Damage Taken	Text	 [new]	Giám sát thương
ItemBrowser-ConditionCategoryNames/Damage vs Bosses	Text	 [new]	Sát thương với boss
ItemBrowser-ConditionCategoryNames/Deal Damage	Text	 [new]	Sát thương trực tiếp
ItemBrowser-ConditionCategoryNames/Dodge	Text	 [new]	Né tránh
ItemBrowser-ConditionCategoryNames/Durability	Text	 [new]	Độ bền
ItemBrowser-ConditionCategoryNames/Explosives	Text	 [new]	Chất nổ
ItemBrowser-ConditionCategoryNames/Faction Change	Text	 [new]	Thay đổi phe
ItemBrowser-ConditionCategoryNames/Fishing	Text	 [new]	Câu cá
ItemBrowser-ConditionCategoryNames/Gardening	Text	 [new]	Làm vườn
ItemBrowser-ConditionCategoryNames/Glow	Text	 [new]	Phát sáng
ItemBrowser-ConditionCategoryNames/Heal	Text	 [new]	Hồi phục
ItemBrowser-ConditionCategoryNames/Hunger	Text	 [new]	Còn đời
ItemBrowser-ConditionCategoryNames/Immunity	Text	 [new]	Miễn nhiễm
ItemBrowser-ConditionCategoryNames/Magic	Text	 [new]	Phê thuật
ItemBrowser-ConditionCategoryNames/Mana	Text	 [new]	Mana
ItemBrowser-ConditionCategoryNames/Max Health	Text	 [new]	Máu tối đa
ItemBrowser-ConditionCategoryNames/Mining	Text	 [new]	Khai thác
ItemBrowser-ConditionCategoryNames/Minions	Text	 [new]	Đây tôi
ItemBrowser-ConditionCategoryNames/Movement	Text	 [new]	Di chuyển
ItemBrowser-ConditionCategoryNames/Oil	Text	 [new]	Dấu
ItemBrowser-ConditionCategoryNames/Other	Text	 [new]	Khác
ItemBrowser-ConditionCategoryNames/Pet	Text	 [new]	Thu cung
ItemBrowser-ConditionCategoryNames/Poison	Text	 [new]	Đầu đọc
ItemBrowser-ConditionCategoryNames/Sleep	Text	 [new]	Giấc ngủ
ItemBrowser-ConditionCategoryNames/Spawn Object	Text	 [new]	Tạo thực thể
ItemBrowser-ConditionCategoryNames/Stun and Snare	Text	 [new]	Choang và cầm lễ
ItemBrowser-ConditionCategoryNames/Thorns	Text	 [new]	Gái
ItemBrowser-ConditionCategoryNames/Unique	Text	 [new]	Duy nhất
ItemBrowser-ConditionCategoryNames/Void	Text	 [new]	Khoang không
ItemBrowser-ContentBundleDetails/Classic	Text	 [new]	Thế giới được tạo trong thời kỳ truy cập sớm
ItemBrowser-ContentBundleDetails/EasterEggContributorItemDakon	Text	 [new]	Thế giới được tạo với một seed cụ thể
ItemBrowser-ContentBundleDetails/EasterEggContributorItemDaresiel	Text	 [new]	Thế giới được tạo với một seed cụ thể
ItemBrowser-ContentBundleDetails/EasterEggContributorItemOwlunae	Text	 [new]	Thế giới được tạo với một seed cụ thể
ItemBrowser-ContentBundleDetails/EasterEggItemMakeAWish	Text	 [new]	Thế giới được tạo với một seed cụ thể
ItemBrowser-ContentBundleDetails/EasterEggItemStartScene	Text	 [new]	Thế giới được tạo với một seed cụ thể
ItemBrowser-ContentBundleDetails/FullRelease	Text	 [new]	Thế giới được tạo sau thời kỳ truy cập sớm
ItemBrowser-ContentBundleDetails/GuaranteedAlienArenas	Text	 [new]	Thế giới được tạo sau phiên bản 1.1.2
ItemBrowser-DetailsTabs/Sources	Text	 [new]	Thu được
ItemBrowser-DetailsTabs/Sources_NonObtainable	Text	 [new]	Xuất hiện
ItemBrowser-DetailsTabs/Sources_Show	Text	 [new]	Hiển thị cách thu được
ItemBrowser-DetailsTabs/Sources_Show_NonObtainable	Text	 [new]	Hiển thị cách xuất hiện
ItemBrowser-DetailsTabs/Usages	Text	 [new]	Cách dùng
ItemBrowser-DetailsTabs/Usages_NonObtainable	Text	 [new]	Cách dùng
ItemBrowser-DetailsTabs/Usages_Show	Text	 [new]	Hiển thị cách dùng
ItemBrowser-DetailsTabs/Usages_Show_NonObtainable	Text	 [new]	Hiển thị cách dùng
ItemBrowser-DynamicValues/PlayerCount	Text	 [new]	Giá trị bị ảnh hưởng bởi số lượng người chơi
ItemBrowser-DynamicValues/PlayerCountAndWorldMode	Text	 [new]	Giá trị bị ảnh hưởng bởi chế độ thế giới và số lượng người chơi
ItemBrowser-EntriesAmount/Source	Text	 [new]	{0} nguồn
ItemBrowser-EntriesAmount/Source_Plural	Text	 [new]	{0} nguồn
ItemBrowser-EntriesAmount/Usage	Text	 [new]	{0} cách dùng
ItemBrowser-EntriesAmount/Usage_Plural	Text	 [new]	{0} cách dùng
ItemBrowser-FactionNames/AttacksAllButNotAttacked	Text	 [new]	Tấn công tất cả nhưng không bị tấn công
ItemBrowser-FactionNames/Bird	Text	 [new]	Chim
ItemBrowser-FactionNames/CanOnlyBeAttackedByPlayerOrExplosion	Text	 [new]	Chỉ có thể bị tấn công bởi người chơi hoặc vụ nổ
ItemBrowser-FactionNames/Caveling	Text	 [new]	Caveling
ItemBrowser-FactionNames/CoreBoss	Text	 [new]	Trùm Lõi
ItemBrowser-FactionNames/CrystalCreature	Text	 [new]	Sinh vật tinh thể
ItemBrowser-FactionNames/DesertCaveling	Text	 [new]	Caveling sa mạc
ItemBrowser-FactionNames/Larva	Text	 [new]	Ấu trùng
ItemBrowser-FactionNames/LavaCreature	Text	 [new]	Sinh vật dung nham
ItemBrowser-FactionNames/Merchant	Text	 [new]	Thương nhân
ItemBrowser-FactionNames/MoldInfected	Text	 [new]	Nhiều mốc
ItemBrowser-FactionNames/MushroomEnemy	Text	 [new]	Kế thứ năm
ItemBrowser-FactionNames/NatureCaveling	Text	 [new]	Caveling tự nhiên
ItemBrowser-FactionNames/Neutral	Text	 [new]	Trung lập
ItemBrowser-FactionNames/None	Text	 [new]	Không
ItemBrowser-FactionNames/OnlyAttacksPlayer	Text	 [new]	Chỉ tấn công người chơi
ItemBrowser-FactionNames/PassageEnemy	Text	 [new]	Kẻ thù lộ trình
ItemBrowser-FactionNames/Player	Text	 [new]	Người chơi
ItemBrowser-FactionNames/Robot	Text	 [new]	Robot
ItemBrowser-FactionNames/Scarab	Text	 [new]	Bố hung
ItemBrowser-FactionNames/SeaCaveling	Text	 [new]	Caveling biển
ItemBrowser-FactionNames/SeaCreature	Text	 [new]	Sinh vật biển
ItemBrowser-FactionNames/Slime	Text	 [new]	Slime
ItemBrowser-FactionNames/UnfriendlyAgainstAll	Text	 [new]	Thù địch với tất cả
ItemBrowser-FactionNames/Void	Text	 [new]	Khoang không
ItemBrowser-FactionNames/VoidRobot	Text	 [new]	Robot khoang không
ItemBrowser-FactionNames/VoidScarab	Text	 [new]	Bọ hung khoảng không
ItemBrowser-FilterStates/Exclude	Text	 [new]	Dạng loại trừ
ItemBrowser-FilterStates/Include	Text	 [new]	Đang bao gồm
ItemBrowser-Filters/Damage	Text	 [new]	Sát thương
ItemBrowser-Filters/Damage_AnyDamage	Text	 [new]	Bất kỳ loại sát thương nào
ItemBrowser-Filters/Damage_AnyDamageDesc	Text	 [new]	{0} gây bất kỳ loại sát thương nào
ItemBrowser-Filters/Damage_ExplosiveDamage	Text	 [new]	Sát thương nó
ItemBrowser-Filters/Damage_ExplosiveDamageDesc	Text	 [new]	{0} gây sát thương nổ
ItemBrowser-Filters/Damage_MagicDamage	Text	 [new]	Sát thương phế thuật
ItemBrowser-Filters/Damage_MagicDamageDesc	Text	 [new]	{0} gây sát thương phép cận chiến hoặc tầm xa
ItemBrowser-Filters/Damage_PhysicalMeleeDamage	Text	 [new]	Sát thương vật lý cận chiến
ItemBrowser-Filters/Damage_PhysicalMeleeDamageDesc	Text	 [new]	{0} gây sát thương vật lý tầm gần
ItemBrowser-Filters/Damage_PhysicalRangeDamage	Text	 [new]	Sát thương vật lý đánh xa
ItemBrowser-Filters/Damage_PhysicalRangeDamageDesc	Text	 [new]	{0} gây sát thương vật lý tầm xa
ItemBrowser-Filters/Damage_SummonDamage	Text	 [new]	Sát thương triệu hồi
ItemBrowser-Filters/Damage_SummonDamageDesc	Text	 [new]	{0} gây sát thương triệu hồi
ItemBrowser-Filters/Effect	Text	 [new]	Hiệu ứng
ItemBrowser-Filters/Effect_Effect	Text	 [new]	{0}
ItemBrowser-Filters/Effect_EffectDesc	Text	 [new]	{0} có hiệu ứng trong danh mục {0}
ItemBrowser-Filters/Equipment	Text	 [new]	Trang bị
ItemBrowser-Filters/Equipment_Accessory	Text	 [new]	Phụ kiện
ItemBrowser-Filters/Equipment_AccessoryDesc	Text	 [new]	{0} trang bị trong các ô phụ kiện
ItemBrowser-Filters/Equipment_Armor	Text	 [new]	Giáp
ItemBrowser-Filters/Equipment_ArmorDesc	Text	 [new]	{0} trang bị trong các ô giáp
ItemBrowser-Filters/Equipment_Bag	Text	 [new]	Ba lô
ItemBrowser-Filters/Equipment_BagDesc	Text	 [new]	{0} trang bị trống ở ba lô
ItemBrowser-Filters/Equipment_BreastArmor	Text	 [new]	Giáp ngực
ItemBrowser-Filters/Equipment_BreastArmorDesc	Text	 [new]	{0} trang bị trống ở giáp ngực
ItemBrowser-Filters/Equipment_Helm	Text	 [new]	Mù
ItemBrowser-Filters/Equipment_HelmDesc	Text	 [new]	{0} trang bị trong ô mũ
ItemBrowser-Filters/Equipment_Lantern	Text	 [new]	Đến
ItemBrowser-Filters/Equipment_LanternDesc	Text	 [new]	{0} trang bị trống ở đền
ItemBrowser-Filters/Equipment_Necklace	Text	 [new]	Vòng cổ
ItemBrowser-Filters/Equipment_NecklaceDesc	Text	 [new]	{0} trang bị trống ở vòng cổ
ItemBrowser-Filters/Equipment_OffHand	Text	 [new]	Tây phủ
ItemBrowser-Filters/Equipment_OffHandDesc	Text	 [new]	{0} trang bị trống ở tay phụ
ItemBrowser-Filters/Equipment_PantsArmor	Text	 [new]	Quận
ItemBrowser-Filters/Equipment_PantsArmorDesc	Text	 [new]	{0} trang bị trống ở quân
ItemBrowser-Filters/Equipment_Pet	Text	 [new]	Thu cung
ItemBrowser-Filters/Equipment_PetDesc	Text	 [new]	{0} trang bị trống ở thu cung
ItemBrowser-Filters/Equipment_Pouch	Text	 [new]	Túi
ItemBrowser-Filters/Equipment_PouchDesc	Text	 [new]	{0} trang bị trong các ổ túi
ItemBrowser-Filters/Equipment_Ring	Text	 [new]	Nhân
ItemBrowser-Filters/Equipment_RingDesc	Text	 [new]	{0} trang bị trong các ô nhãn
ItemBrowser-Filters/Equipment_Tool	Text	 [new]	Dụng cụ
ItemBrowser-Filters/Equipment_ToolDesc	Text	 [new]	{0} là dụng cụ
ItemBrowser-Filters/Equipment_Weapon	Text	 [new]	Vũ khí
ItemBrowser-Filters/Equipment_WeaponDesc	Text	 [new]	{0} gây sát thương và không phải là dụng cụ
ItemBrowser-Filters/Faction	Text	 [new]	Phế
ItemBrowser-Filters/Faction_Faction	Text	 [new]	{0}
ItemBrowser-Filters/Faction_FactionDesc	Text	 [new]	{0} thuốc phê {1}
ItemBrowser-Filters/Level	Text	 [new]	Cấp độ
ItemBrowser-Filters/Level_Level	Text	 [new]	Cấp {0}
ItemBrowser-Filters/Level_LevelDesc	Text	 [new]	{0} với cấp độ cơ bản là {1}
ItemBrowser-Filters/Rarity	Text	 [new]	Đồ hiếm
ItemBrowser-Filters/Rarity_Common	Text	 [new]	Phổ biến
ItemBrowser-Filters/Rarity_CommonDesc	Text	 [new]	{0} có độ hiếm: phổ biến
ItemBrowser-Filters/Rarity_Epic	Text	 [new]	Sử thi
ItemBrowser-Filters/Rarity_EpicDesc	Text	 [new]	{0} có độ hiếm: sử thi
ItemBrowser-Filters/Rarity_Legendary	Text	 [new]	Truyền thuyết
ItemBrowser-Filters/Rarity_LegendaryDesc	Text	 [new]	{0} có độ hiếm: truyền thuyết
ItemBrowser-Filters/Rarity_Poor	Text	 [new]	Kẽm
ItemBrowser-Filters/Rarity_PoorDesc	Text	 [new]	{0} có độ hiếm: kem
ItemBrowser-Filters/Rarity_Rare	Text	 [new]	Hiếm
ItemBrowser-Filters/Rarity_RareDesc	Text	 [new]	{0} có độ hiếm: hiếm
ItemBrowser-Filters/Rarity_Uncommon	Text	 [new]	Không phổ biến
ItemBrowser-Filters/Rarity_UncommonDesc	Text	 [new]	{0} có độ hiếm: không phổ biến
ItemBrowser-Filters/Source	Text	 [new]	Nguồn
ItemBrowser-Filters/Source_FromMod	Text	 [new]	Từ {0}
ItemBrowser-Filters/Source_FromModDesc	Text	 [new]	{0} được thêm bởi mod {0}
ItemBrowser-Filters/Source_FromMods	Text	 [new]	Từ các mod
ItemBrowser-Filters/Source_FromModsDesc	Text	 [new]	{0} được thêm bởi bất kỳ mod nào
ItemBrowser-Filters/Source_FromUnknownMod	Text	 [new]	Từ các mod không xác định
ItemBrowser-Filters/Source_FromUnknownModDesc	Text	 [new]	{0} được thêm bởi các mod không xác định
ItemBrowser-Filters/Type	Text	 [new]	Loài
ItemBrowser-Filters/Type_Boss	Text	 [new]	Boss
ItemBrowser-Filters/Type_BossDesc	Text	 [new]	{0} là boss hoặc dây tời của boss
ItemBrowser-Filters/Type_Cattle	Text	 [new]	Gia súc
ItemBrowser-Filters/Type_CattleDesc	Text	 [new]	{0} là gia súc
ItemBrowser-Filters/Type_Critter	Text	 [new]	Động vật nhỏ
ItemBrowser-Filters/Type_CritterDesc	Text	 [new]	{0} là động vật nhỏ
ItemBrowser-Filters/Type_Hostile	Text	 [new]	Thù địch
ItemBrowser-Filters/Type_HostileDesc	Text	 [new]	{0} là thù địch
ItemBrowser-Filters/Type_Merchant	Text	 [new]	Thương nhân
ItemBrowser-Filters/Type_MerchantDesc	Text	 [new]	{0} là thương nhân
ItemBrowser-Filters/Type_Minion	Text	 [new]	Đây tôi
ItemBrowser-Filters/Type_MinionDesc	Text	 [new]	{0} là dây tời
ItemBrowser-Filters/Utility	Text	 [new]	Tiện ích
ItemBrowser-Filters/Utility_Collected	Text	 [new]	Đã thu thập
ItemBrowser-Filters/Utility_CollectedDesc	Text	 [new]	{0} đã được đánh dấu là đã thu thập
ItemBrowser-Filters/Utility_Consumable	Text	 [new]	Đồ dùng một lần
ItemBrowser-Filters/Utility_ConsumableDesc	Text	 [new]	{0} là đồ dùng một lần
ItemBrowser-Filters/Utility_CookingIngredient	Text	 [new]	Nguyên liệu nấu ăn
ItemBrowser-Filters/Utility_CookingIngredientDesc	Text	 [new]	{0} là nguyên liệu nấu ăn
ItemBrowser-Filters/Utility_Craftable	Text	 [new]	Hiện đang chế tạo được
ItemBrowser-Filters/Utility_CraftableDesc	Text	 [new]	{0} hiện có thể chế tạo bằng vật liệu từ túi đồ và rương gần đó
ItemBrowser-Filters/Utility_Discovered	Text	 [new]	Đã phát hiện
ItemBrowser-Filters/Utility_DiscoveredDesc	Text	 [new]	{0} đã được nhặt hoặc bán đã gấp
ItemBrowser-Filters/Utility_InInventory	Text	 [new]	Trong túi đồ
ItemBrowser-Filters/Utility_InInventoryDesc	Text	 [new]	{0} dạng trong túi đồ hoặc rương gần đó
ItemBrowser-Filters/Utility_NoSources	Text	 [new]	Không có nguồn
ItemBrowser-Filters/Utility_NoSourcesDesc	Text	 [new]	{0} không có bất kỳ nguồn nào
ItemBrowser-Filters/Utility_NonObtainable	Text	 [new]	Không thể thu được
ItemBrowser-Filters/Utility_NonObtainableDesc	Text	 [new]	{0} không thể nhất trực tiếp
ItemBrowser-Filters/Utility_Paintable	Text	 [new]	Có thể sơn
ItemBrowser-Filters/Utility_PaintableDesc	Text	 [new]	{0} có thể sơn được
ItemBrowser-Filters/Utility_Placeable	Text	 [new]	Có thể đặt
ItemBrowser-Filters/Utility_PlaceableDesc	Text	 [new]	{0} có thể đặt được
ItemBrowser-Filters/Utility_Technical	Text	 [new]	Kỹ thuật
ItemBrowser-Filters/Utility_TechnicalDesc	Text	 [new]	{0} không có tên hiển thị
ItemBrowser-Filters/VersionAdded	Text	 [new]	Phiên bản
ItemBrowser-Filters/VersionAdded_Version	Text	 [new]	{0}
ItemBrowser-Filters/VersionAdded_VersionDesc	Text	 [new]	{0} được thêm trong bản vanilla {1}
ItemBrowser-General/AmountInInventory	Text	 [new]	{0}x trong túi đồ và rương gần đó
ItemBrowser-General/AmountPerDamage	Text	 [new]	x1 chợ mới {0} sát thương
ItemBrowser-General/AppliesToCreatures	Text	 [new]	Sinh vật
ItemBrowser-General/AppliesToItems	Text	 [new]	Vật phẩm
ItemBrowser-General/AppliesToItemsAndCreatures	Text	 [new]	Vật phẩm/sinh vật
ItemBrowser-General/AvailabilityRequirements	Text	 [new]	Điều kiện ({0}/{1}):
ItemBrowser-General/ChanceForOne	Text	 [new]	Cho một lần
ItemBrowser-General/ChancePerRoll	Text	 [new]	Mỗi lần quay
ItemBrowser-General/Checklist	Text	 [new]	Danh sách kiểm tra
ItemBrowser-General/ChecklistProgress	Text	 [new]	Tiến trình hoàn thành
ItemBrowser-General/ChecklistProgressComplete	Text	 [new]	Bạn đã thu thập mọi thứ!
ItemBrowser-General/Collected	Text	 [new]	Đã thu thập
ItemBrowser-General/CollectedCount	Text	 [new]	{0}/{1} ({2}%) đã thu thập
ItemBrowser-General/Cooking	Text	 [new]	Nấu ăn
ItemBrowser-General/Creatures	Text	 [new]	Sinh vật
ItemBrowser-General/CurrentlyUnavailable	Text	 [new]	Thiếu điều kiện
ItemBrowser-General/Discovered	Text	 [new]	Đã phát hiện
ItemBrowser-General/DiscoveredTemporarily	Text	 [new]	Đang hiển thị tạm thời
ItemBrowser-General/DiscoveredTemporarilySeconds	Text	 [new]	Đã hiển thị tạm thời ({0} giây)
ItemBrowser-General/Favorited	Text	 [new]	Đã yêu thích
ItemBrowser-General/FilteredResults	Text	 [new]	{0}/{1} kết quả
ItemBrowser-General/FilteredResultsDesc	Text	 [new]	({0} đã bị lọc)
ItemBrowser-General/GroundBlockSuffix	Text	 [new]	{0} mặt đất
ItemBrowser-General/GuaranteedPool	Text	 [new]	Bố chính
ItemBrowser-General/Hidden	Text	 [new]	Ẩn
ItemBrowser-General/HideFilters	Text	 [new]	Ẩn bộ lọc
ItemBrowser-General/HideOptions	Text	 [new]	Án tùy chọn
ItemBrowser-General/HighlightResults	Text	 [new]	Làm nổi bật kết quả tìm kiếm
ItemBrowser-General/HighlightResultsDesc	Text	 [new]	Làm nổi bật kết quả tìm kiếm trong túi đồ và vật phẩm lưu trữ của bạn
ItemBrowser-General/History	Text	 [new]	Lịch sử
ItemBrowser-General/Items	Text	 [new]	Vật phẩm và đối tượng
ItemBrowser-General/JumpTo	Text	 [new]	Nhậy đến {0}
ItemBrowser-General/LastAccessed	Text	 [new]	Truy cập lần cuối lúc {0}
ItemBrowser-General/Layout	Text	 [new]	Bố cục
ItemBrowser-General/LayoutGrid	Text	 [new]	Lưới
ItemBrowser-General/LayoutList	Text	 [new]	Danh sách
ItemBrowser-General/MultipleBiomes	Text	 [new]	Nhiều vùng sinh thái:
ItemBrowser-General/NameAndAmountFormat	Text	 [new]	{0} x{1}
ItemBrowser-General/NextSource	Text	 [new]	Nguồn tiếp theo
ItemBrowser-General/NextUsage	Text	 [new]	Cách dùng tiếp theo
ItemBrowser-General/NothingToShow	Text	 [new]	Chưa có gì để hiển thị
ItemBrowser-General/Options	Text	 [new]	Tùy chọn
ItemBrowser-General/PreviousSource	Text	 [new]	Nguồn trước
ItemBrowser-General/PreviousUsage	Text	 [new]	Cách dùng trước
ItemBrowser-General/RandomPool	Text	 [new]	Bộ phủ
ItemBrowser-General/SearchHint	Text	 [new]	Tìm kiếm...
ItemBrowser-General/ShowFilters	Text	 [new]	Hiển thị bộ lọc
ItemBrowser-General/ShowOptions	Text	 [new]	Hiển thị tùy chọn
ItemBrowser-General/Sort	Text	 [new]	Sắp xếp
ItemBrowser-General/SortOrder	Text	 [new]	Thứ tự sắp xếp
ItemBrowser-General/StructureExclusiveDrop	Text	 [new]	Vật rơi riêng của công trình
ItemBrowser-General/StructureExclusiveLoot	Text	 [new]	Chiến lợi phẩm riêng của công trình
ItemBrowser-General/Undiscovered	Text	 [new]	Chưa phát hiện
ItemBrowser-General/WallBlockSuffix	Text	 [new]	{0} tượng
ItemBrowser-Miscellaneous/BombScarabEvent	Text	 [new]	Hiếm khi xuất hiện từ mặt đất khi khám phá Sa mạc khởi đầu
ItemBrowser-Miscellaneous/BossAdds	Text	 [new]	Được tạo ra bởi {0}
ItemBrowser-Miscellaneous/CoreBoss	Text	 [new]	Nằm bên trong Thiên thạch tinh thể
ItemBrowser-Miscellaneous/CreativeOrbLantern	Text	 [new]	Tạo nhân vật chế độ sáng tạo
ItemBrowser-Miscellaneous/FallenRockEvent	Text	 [new]	Rồi từ trần nhà khi sắp hàng đống
ItemBrowser-Miscellaneous/Greggy	Text	 [new]	Tạo nhân vật tên 'Greggy' (phân biệt hoa thường)
ItemBrowser-Miscellaneous/OctopusTentacleEvent	Text	 [new]	Hiếm khi xuất hiện từ nước khi khám phá Biển chìm
ItemBrowser-Miscellaneous/SnarePlant	Text	 [new]	Thỉnh thoảng được trong bồi {0}
ItemBrowser-Miscellaneous/WallBoss	Text	 [new]	Được tạo ra khi tạo thế giới
ItemBrowser-NameOverrides/AFWoodenDestructible_1	Text	 [new]	Thùng gỗ văn phòng lớn
ItemBrowser-NameOverrides/AmberBoulder_0	Text	 [new]	Tầng đá hổ phách
ItemBrowser-NameOverrides/AncientGiant_0	Text	 [new]	Người khó lo cổ đại
ItemBrowser-NameOverrides/BigLarva_1	Text	 [new]	Ấu trùng to to
ItemBrowser-NameOverrides/BirdBoss_1	Text	 [new]	Azeos thức tỉnh
ItemBrowser-NameOverrides/BrokenCore_0	Text	 [new]	Long cốt võ
ItemBrowser-NameOverrides/ConchShell_0	Text	 [new]	Vỏ ốc từ và lớn
ItemBrowser-NameOverrides/CrystalMeteorBoulder_0	Text	 [new]	Đá thiên thạch tinh thể
ItemBrowser-NameOverrides/CrystalMeteor_0	Text	 [new]	Thiên thạch tinh thể
ItemBrowser-NameOverrides/DesertBossStatue_0	Text	 [new]	Gian thờ Ra-Akar
ItemBrowser-NameOverrides/DiggingSpotDesert_0	Text	 [new]	Điểm đảo sa mạc
ItemBrowser-NameOverrides/DiggingSpotExcavation_0	Text	 [new]	Điểm đảo đá Tuff
ItemBrowser-NameOverrides/DiggingSpotLava_0	Text	 [new]	Điểm đảo đã dừng nhằm
ItemBrowser-NameOverrides/DiggingSpotNature_0	Text	 [new]	Điểm đảo có
ItemBrowser-NameOverrides/DiggingSpotSea_0	Text	 [new]	Điểm đảo bãi biển
ItemBrowser-NameOverrides/DiggingSpot_0	Text	 [new]	Điểm đảo
ItemBrowser-NameOverrides/ExcavationBossStatue_0	Text	 [new]	Gian thờ S.A.H.A.B.A.R.
ItemBrowser-NameOverrides/FallingExcavationRockDestructible_0	Text	 [new]	Đá Tuff rơi
ItemBrowser-NameOverrides/FallingRockDestructible_0	Text	 [new]	Đã rơi
ItemBrowser-NameOverrides/FishShoal_0	Text	 [new]	Dân ca
ItemBrowser-NameOverrides/HydraBossStatue_0	Text	 [new]	Gian thờ Hydra
ItemBrowser-NameOverrides/KingGrave_0	Text	 [new]	Mộ vua
ItemBrowser-NameOverrides/LargeShell_0	Text	 [new]	Ammonite khổng lồ
ItemBrowser-NameOverrides/LarvaBossStatue_0	Text	 [new]	Tướng Ghorm kể ngẫu nghiện
ItemBrowser-NameOverrides/LarvaHiveBossStatue_0	Text	 [new]	Tướng Malugaz kẻ bị hư hỏng
ItemBrowser-NameOverrides/Larva_1	Text	 [new]	Ấu trùng tổ
ItemBrowser-NameOverrides/LavaWoodenDestructible_1	Text	 [new]	Thùng gỗ cháy đen lớn
ItemBrowser-NameOverrides/Lava_0	Text	 [new]	Dung nham
ItemBrowser-NameOverrides/NatureBossStatue_0	Text	 [new]	Gian thờ Azeos
ItemBrowser-NameOverrides/NatureCicadaEnemy_0	Text	 [new]	Floracada
ItemBrowser-NameOverrides/NatureDestructible_1	Text	 [new]	Bình hoa lớn
ItemBrowser-NameOverrides/NatureWoodenDestructible_1	Text	 [new]	Thùng gỗ phủ đầy cỏ dại lớn
ItemBrowser-NameOverrides/OctopusTentacle_0	Text	 [new]	Xúc tước của Omoroth
ItemBrowser-NameOverrides/PassageBossStatue_0	Text	 [new]	Gian thờ Nimruza
ItemBrowser-NameOverrides/Player_0	Text	 [new]	Người chơi
ItemBrowser-NameOverrides/PrinceGrave_0	Text	 [new]	Mộ hoàng tử
ItemBrowser-NameOverrides/QueenGrave_0	Text	 [new]	Mộ hoàng hậu
ItemBrowser-NameOverrides/SeaBossStatue_0	Text	 [new]	Gian thờ Omoroth
ItemBrowser-NameOverrides/SeaWoodenDestructible_1	Text	 [new]	Thùng gỗ trôi lớn
ItemBrowser-NameOverrides/SlimeBossStatue_0	Text	 [new]	Tướng Glurch khởi vật ghê tởm
ItemBrowser-NameOverrides/SummonArea_0	Text	 [new]	U vấn triệu hồi
ItemBrowser-NameOverrides/TheCore_0	Text	 [new]	Long cốt
ItemBrowser-NameOverrides/TowerShell_0	Text	 [new]	Vô tặc thanh
ItemBrowser-NameOverrides/Water_0	Text	 [new]	Nước thường
ItemBrowser-NameOverrides/Water_1	Text	 [new]	Nước axit
ItemBrowser-NameOverrides/Water_2	Text	 [new]	Nước mốc
ItemBrowser-NameOverrides/Water_3	Text	 [new]	Nước biển
ItemBrowser-NameOverrides/Water_4	Text	 [new]	Nước long lanh
ItemBrowser-NameOverrides/Water_5	Text	 [new]	Nước lộ trình
ItemBrowser-NameOverrides/WoodenDestructible_1	Text	 [new]	Thùng gỗ lớn
ItemBrowser-ObjectCategoryNames/CattleKelpFood	Text	 [new]	Bất kỳ rong biển nào
ItemBrowser-ObjectCategoryNames/CattlePlantFood	Text	 [new]	Bất kỳ cây trồng được nào
ItemBrowser-ObjectCategoryNames/Critter	Text	 [new]	Bất kỳ động vật nhỏ nào trừ đàn đốm phát sáng
ItemBrowser-ObjectCategoryNames/RareOrHigherCookedFood	Text	 [new]	Bất kỳ món ăn da nâu nào có độ hiểm Hiếm trở lên
ItemBrowser-ObjectCategoryNames/Sand	Text	 [new]	Bất kỳ cát nào
ItemBrowser-ObjectCategoryNames/UncommonOrLowerCookedFood	Text	 [new]	Bất kỳ món ăn da nâu nào có độ hiếm Không phổ biến trở xuống
ItemBrowser-ObjectEntryDescriptions/ArchaeologistDrops_0	Text	 [new]	Từ việc phá bất kỳ tường nào khi kỹ năng Nhà khảo cổ hoạt động
ItemBrowser-ObjectEntryDescriptions/ArchaeologistDrops_1	Text	 [new]	{0}-{1}% cơ hội cho mỗi bức tường
ItemBrowser-ObjectEntryDescriptions/BackgroundPerks_0	Text	 [new]	Nhận được khi tạo nhân vật với nền {0}
ItemBrowser-ObjectEntryDescriptions/BackgroundPerks_1	Text	 [new]	Cung cấp x{0}
ItemBrowser-ObjectEntryDescriptions/Breeding_0	Text	 [new]	Được tạo ra bởi hai con {0} sau khi cả hai ẩn dụ và ở cạnh nhau
ItemBrowser-ObjectEntryDescriptions/Breeding_1	Text	 [new]	cần {0} bữa ăn
ItemBrowser-ObjectEntryDescriptions/Breeding_2	Text	 [new]	{0}% cơ hội di truyền máu của một trong hai cha mẹ ngẫu nhiên
ItemBrowser-ObjectEntryDescriptions/Breeding_3	Text	 [new]	{0}% cơ hội đột biến và nhân màu ngẫu nhiên
ItemBrowser-ObjectEntryDescriptions/Breeding_4	Text	 [new]	- Biết thế {0}: {1}%
ItemBrowser-ObjectEntryDescriptions/Bucketing_0_Liquid	Text	 [new]	Từ việc dùng {0} lên {1}
ItemBrowser-ObjectEntryDescriptions/Bucketing_0_Pit	Text	 [new]	Từ việc dùng {0} chưa {1} lên một cái hồ
ItemBrowser-ObjectEntryDescriptions/CattleProduce_0	Text	 [new]	Được tạo ra bởi {0} sau khi ăn {1} lần
ItemBrowser-ObjectEntryDescriptions/CattleProduce_0_Plural	Text	 [new]	Được tạo ra bởi {0} sau khi ăn {1} lần
ItemBrowser-ObjectEntryDescriptions/CattleProduce_1	Text	 [new]	Thức ăn phù hợp:
ItemBrowser-ObjectEntryDescriptions/CattleProduce_2	Text	 [new]	- {0}
ItemBrowser-ObjectEntryDescriptions/ChallengeArenaReward_0	Text	 [new]	Vật phẩm trống rỗng thường sau khi hoàn thành để trưởng thành đầu
ItemBrowser-ObjectEntryDescriptions/ChallengeArenaReward_0_GuaranteedPool	Text	 [new]	Vật phẩm trống rỗng thường sau khi hoàn thành để trưởng thành đầu (bộ chính)
ItemBrowser-ObjectEntryDescriptions/ChallengeArenaReward_0_RandomPool	Text	 [new]	Vật phẩm trống rỗng thường sau khi hoàn thành để trưởng thành đầu (bộ phụ)
ItemBrowser-ObjectEntryDescriptions/ChallengeArenaReward_1	Text	 [new]	{0}% cơ hội cho x{1}
ItemBrowser-ObjectEntryDescriptions/ChallengeArenaReward_1_BraveMerchant	Text	 [new]	({0}% nếu Thương nhân dũng cảm đã hoạt động trong thế giới)
ItemBrowser-ObjectEntryDescriptions/ChallengeArenaReward_1_ForOne	Text	 [new]	- {0}% cơ hội {1} rơi ra ít nhất một lần, trung bình
ItemBrowser-ObjectEntryDescriptions/ChallengeArenaReward_1_PerRoll	Text	 [new]	- {0}% cơ hội {1} rơi ra mỗi lần quay, trong {2} lần quay
ItemBrowser-ObjectEntryDescriptions/ChallengeArenaReward_2	Text	 [new]	Chỉ có thể rời khi {0} là vùng sinh thái gần nhất trong Vùng hoang dã trù phú Azeos, Biển chìm và Sa mạc khởi đầu
ItemBrowser-ObjectEntryDescriptions/CookingIngredient_0	Text	 [new]	Hiệu ứng cơ bản khí nâu:
ItemBrowser-ObjectEntryDescriptions/Crafting_0_Recipe	Text	 [new]	Được chế tạo bằng {0}
ItemBrowser-ObjectEntryDescriptions/Crafting_0_Station	Text	 [new]	Được chế tạo tại {0}
ItemBrowser-ObjectEntryDescriptions/Crafting_1	Text	 [new]	Nguyên liệu:
ItemBrowser-ObjectEntryDescriptions/Crafting_2	Text	 [new]	- {0} x{1}
ItemBrowser-ObjectEntryDescriptions/Crafting_3	Text	 [new]	Mặt {0} giấy để chế tạo
ItemBrowser-ObjectEntryDescriptions/Crafting_4	Text	 [new]	Cần {0} ở gần
ItemBrowser-ObjectEntryDescriptions/CreatureSummoning_0_ActivatorConsole	Text	 [new]	Triệu hồi bằng cách đặt {0} vào bên trong {1}
ItemBrowser-ObjectEntryDescriptions/CreatureSummoning_0_Azeos	Text	 [new]	Triệu hồi bằng cách đặt {0} bên trong Đấu trường Azeos
ItemBrowser-ObjectEntryDescriptions/CreatureSummoning_0_CastItem	Text	 [new]	Triệu hồi bằng cách dùng {0}
ItemBrowser-ObjectEntryDescriptions/CreatureSummoning_0_LureWithBait	Text	 [new]	Triệu hồi bằng cách đặt {0} ở gần
ItemBrowser-ObjectEntryDescriptions/CreatureSummoning_0_Omoroth	Text	 [new]	Triệu hồi bằng cách câu cá trong xoáy nước tại Đấu trường Omoroth với {0} được trang bị
ItemBrowser-ObjectEntryDescriptions/CreatureSummoning_0_RaAkar	Text	 [new]	Triệu hồi bằng cách đặt {0} bên trong Đấu trường Ra-Akar
ItemBrowser-ObjectEntryDescriptions/CreatureSummoning_0_SummonArea	Text	 [new]	Triệu hồi bằng cách đặt {0} lên (hoặc gan) {1}
ItemBrowser-ObjectEntryDescriptions/CritterCatching_0_SpecificBiome	Text	 [new]	Bắt được trong {0} được đặt trong một trong các vùng sinh thái sau:
ItemBrowser-ObjectEntryDescriptions/CritterCatching_0_SpecificTileset	Text	 [new]	Bắt được trong {0} đặt trên {1}
ItemBrowser-ObjectEntryDescriptions/CritterCatching_1	Text	 [new]	- {0}
ItemBrowser-ObjectEntryDescriptions/CritterCatching_2	Text	 [new]	Mặt {0}-{1} phút để bắt
ItemBrowser-ObjectEntryDescriptions/DropsWhenDamaged_0	Text	 [new]	Rồi ra bơi {0} khi bị sát thương
ItemBrowser-ObjectEntryDescriptions/DropsWhenDamaged_1	Text	 [new]	rời x1 chợ mới {0} sát thương gây ra
ItemBrowser-ObjectEntryDescriptions/DropsWhenDamaged_2	Text	 [new]	Chỉ có thể rơi khi màu ít nhất là {0}/{1}
ItemBrowser-ObjectEntryDescriptions/Drops_0	Text	 [new]	Rồi ra bơi {0}
ItemBrowser-ObjectEntryDescriptions/Drops_0_GuaranteedPool	Text	 [new]	Rồi ra bơi {0} (bộ chính)
ItemBrowser-ObjectEntryDescriptions/Drops_0_RandomPool	Text	 [new]	Rồi ra bơi {0} (bộ phủ)
ItemBrowser-ObjectEntryDescriptions/Drops_1	Text	 [new]	{0}% cơ hội cho x{1}
ItemBrowser-ObjectEntryDescriptions/Drops_1_ForOne	Text	 [new]	- {0}% cơ hội x{1} rơi ra ít nhất một lần, trung bình
ItemBrowser-ObjectEntryDescriptions/Drops_1_PerRoll	Text	 [new]	- {0}% cơ hội x{1} rơi ra mỗi lần quay, trong {2} lần quay
ItemBrowser-ObjectEntryDescriptions/Drops_2	Text	 [new]	Chỉ có thể rời khi {0} là vùng sinh thái gần nhất trong Vùng hoang dã trù phú Azeos, Biển chìm và Sa mạc khởi đầu
ItemBrowser-ObjectEntryDescriptions/Drops_3	Text	 [new]	Chỉ có thể rơi trong {0}
ItemBrowser-ObjectEntryDescriptions/Drops_5	Text	 [new]	Chỉ tìm thấy trong các cạnh sau:
ItemBrowser-ObjectEntryDescriptions/Drops_6	Text	 [new]	- {0} x{1}
ItemBrowser-ObjectEntryDescriptions/Farming_0	Text	 [new]	Được trồng từ {0}
ItemBrowser-ObjectEntryDescriptions/Farming_0_Golden	Text	 [new]	Được trồng từ {0} vàng
ItemBrowser-ObjectEntryDescriptions/Farming_0_Normal	Text	 [new]	Được trồng từ {0} thưởng
ItemBrowser-ObjectEntryDescriptions/Farming_1	Text	 [new]	- Hạt giống cỏ {0}% cơ hội cơ bản trở thành vàng khi trong
ItemBrowser-ObjectEntryDescriptions/Farming_2	Text	 [new]	Mặt {0} phút để lớn
ItemBrowser-ObjectEntryDescriptions/Farming_3	Text	 [new]	- Cơ hội của hạt giống người chơi trống có thể tăng {0}-{1}% khi dùng kỹ năng Làm vườn chuyên gia
ItemBrowser-ObjectEntryDescriptions/Fishing_0_Biome	Text	 [new]	Cầu được từ Nước thường ở {0}
ItemBrowser-ObjectEntryDescriptions/Fishing_0_Liquid	Text	 [new]	Cầu được tu {0} trong bất kỳ vùng sinh thái nào
ItemBrowser-ObjectEntryDescriptions/Fishing_1_Fish	Text	 [new]	{0}% cơ hội cơ bản khí cầu được cả
ItemBrowser-ObjectEntryDescriptions/Fishing_1_Loot	Text	 [new]	{0}% cơ hội cơ bản khi cầu được bảo vật
ItemBrowser-ObjectEntryDescriptions/JewelryCrafter_0	Text	 [new]	Chế tạo {0}
ItemBrowser-ObjectEntryDescriptions/JewelryCrafter_1	Text	 [new]	{0}-{1}% cơ hội, với kỹ năng Chế tác trang sức hoạt động
ItemBrowser-ObjectEntryDescriptions/LockedChestDrops_0	Text	 [new]	Từ việc phá {0} buc tuong trong {1}
ItemBrowser-ObjectEntryDescriptions/LockedChestDrops_1	Text	 [new]	{0}% cơ hội cho mỗi bức tường
ItemBrowser-ObjectEntryDescriptions/Loot_0	Text	 [new]	Lấy được từ {0}
ItemBrowser-ObjectEntryDescriptions/Loot_0_GuaranteedPool	Text	 [new]	Lấy được từ {0} (bộ chính)
ItemBrowser-ObjectEntryDescriptions/Loot_0_RandomPool	Text	 [new]	Lấy được từ {0} (bộ phủ)
ItemBrowser-ObjectEntryDescriptions/Loot_1	Text	 [new]	{0}% cơ hội cho x{1}
ItemBrowser-ObjectEntryDescriptions/Loot_1_ForOne	Text	 [new]	- {0}% cơ hội x{1} rơi ra ít nhất một lần, trung bình
ItemBrowser-ObjectEntryDescriptions/Loot_1_PerRoll	Text	 [new]	- {0}% cơ hội x{1} rơi ra mỗi lần quay, trong {2} lần quay
ItemBrowser-ObjectEntryDescriptions/Loot_2	Text	 [new]	Chỉ có thể rời khi {0} là vùng sinh thái gần nhất trong Vùng hoang dã trù phú Azeos, Biển chìm và Sa mạc khởi đầu
ItemBrowser-ObjectEntryDescriptions/Loot_3	Text	 [new]	Chỉ tìm thấy trong các cạnh sau:
ItemBrowser-ObjectEntryDescriptions/Loot_4	Text	 [new]	- {0} x{1}
ItemBrowser-ObjectEntryDescriptions/Loot_5	Text	 [new]	Chỉ tìm thấy trong các hàng hà sau:
ItemBrowser-ObjectEntryDescriptions/Loot_6	Text	 [new]	- {0}
ItemBrowser-ObjectEntryDescriptions/MerchantSpawning_0	Text	 [new]	Chuyển vào sau khi đặt {0} trong một căn phòng có thể ở được
ItemBrowser-ObjectEntryDescriptions/Merchant_0	Text	 [new]	Mua từ {0} với giá {1} đồng xưa
ItemBrowser-ObjectEntryDescriptions/Merchant_1	Text	 [new]	mỗi lần nhập {0} cái
ItemBrowser-ObjectEntryDescriptions/NaturalSpawnAroundObject_0_AnyBiome	Text	 [new]	Xuất hiện định kỳ quanh {0}, trong bất kỳ vùng sinh thái nào
ItemBrowser-ObjectEntryDescriptions/NaturalSpawnAroundObject_0_SpecificBiome	Text	 [new]	Xuất hiện định kỳ quanh {0}, trong một trong các vùng sinh thái sau:
ItemBrowser-ObjectEntryDescriptions/NaturalSpawnAroundObject_0_SpecificTile	Text	 [new]	Xuất hiện định kỳ quanh {0}, trên {1}
ItemBrowser-ObjectEntryDescriptions/NaturalSpawnAroundObject_1	Text	 [new]	Người chơi phải ở trong vùng sinh thái
ItemBrowser-ObjectEntryDescriptions/NaturalSpawnAroundObject_10	Text	 [new]	Chỉ có thể xuất hiện khi thực thể đang chiến đấu
ItemBrowser-ObjectEntryDescriptions/NaturalSpawnAroundObject_2	Text	 [new]	Chỉ có thể xuất hiện trong {0}
ItemBrowser-ObjectEntryDescriptions/NaturalSpawnAroundObject_3	Text	 [new]	Chi tiết kỹ thuật:
ItemBrowser-ObjectEntryDescriptions/NaturalSpawnAroundObject_4	Text	 [new]	- Bán kính xuất hiện: {0}
ItemBrowser-ObjectEntryDescriptions/NaturalSpawnAroundObject_5	Text	 [new]	- Bán kính biến mất: {0}
ItemBrowser-ObjectEntryDescriptions/NaturalSpawnAroundObject_6	Text	 [new]	- Giới hạn xuất hiện (trong bán kính): {0}
ItemBrowser-ObjectEntryDescriptions/NaturalSpawnAroundObject_7	Text	 [new]	- Thời gian hồi chiêu xuất hiện: {0}-{1} giây
ItemBrowser-ObjectEntryDescriptions/NaturalSpawnAroundObject_8	Text	 [new]	- Thời gian hồi chiêu xuất hiện sau khi đạt giới hạn: {0}-{1} giây
ItemBrowser-ObjectEntryDescriptions/NaturalSpawnAroundObject_9	Text	 [new]	- {0}
ItemBrowser-ObjectEntryDescriptions/NaturalSpawnInitial_0_AnyBiome	Text	 [new]	Xuất hiện trên các ô phù hợp khi một khu vực tại bất kỳ vùng sinh thái nào được nạp lần đầu
ItemBrowser-ObjectEntryDescriptions/NaturalSpawnInitial_0_SpecificBiome	Text	 [new]	Xuất hiện trên các ô phù hợp khi một khu vực ô {0} được nạp lần đầu
ItemBrowser-ObjectEntryDescriptions/NaturalSpawnInitial_1	Text	 [new]	{0}% cơ hội (mới ở phù hợp)
ItemBrowser-ObjectEntryDescriptions/NaturalSpawnInitial_2	Text	 [new]	Các ô phù hợp:
ItemBrowser-ObjectEntryDescriptions/NaturalSpawnInitial_3	Text	 [new]	- {0}
ItemBrowser-ObjectEntryDescriptions/NaturalSpawnInitial_4	Text	 [new]	Cũng phải tiếp giáp trực tiếp với một trong những thứ sáu:
ItemBrowser-ObjectEntryDescriptions/NaturalSpawnRespawn_0_AnyBiome	Text	 [new]	Xuất hiện trên các ô phù hợp được đặt trong bất kỳ vùng sinh thái nào mới (khoảng) 15 phút
ItemBrowser-ObjectEntryDescriptions/NaturalSpawnRespawn_0_SpecificBiome	Text	 [new]	Xuất hiện trên các ô phù hợp được đặt ở {0} mới (khoang) 15 phút
ItemBrowser-ObjectEntryDescriptions/NaturalSpawnRespawn_1	Text	 [new]	{0}% cơ hội (mới ở phù hợp)
ItemBrowser-ObjectEntryDescriptions/NaturalSpawnRespawn_2	Text	 [new]	Các ô phù hợp:
ItemBrowser-ObjectEntryDescriptions/NaturalSpawnRespawn_3	Text	 [new]	- {0}
ItemBrowser-ObjectEntryDescriptions/NaturalSpawnRespawn_4	Text	 [new]	Cũng phải tiếp giáp trực tiếp với một trong những thứ sáu:
ItemBrowser-ObjectEntryDescriptions/NaturalSpawnRespawn_5	Text	 [new]	Chi tiết kỹ thuật (mới ở):
ItemBrowser-ObjectEntryDescriptions/NaturalSpawnRespawn_6	Text	 [new]	- Suy giảm cơ hội: {0}
ItemBrowser-ObjectEntryDescriptions/NaturalSpawnRespawn_7	Text	 [new]	- Tối đa xuất hiện mới ở: +{0}
ItemBrowser-ObjectEntryDescriptions/NaturalSpawnRespawn_8	Text	 [new]	- Tôi đã xuất hiện mọi sự kiện: {0}
ItemBrowser-ObjectEntryDescriptions/NaturalSpawnRespawn_9	Text	 [new]	- Tối thiểu các ô phù hợp: {0}
ItemBrowser-ObjectEntryDescriptions/OreBoulderExtraction_0	Text	 [new]	Từ việc khoán {0} bằng máy khoan cố định
ItemBrowser-ObjectEntryDescriptions/OreBoulderExtraction_1	Text	 [new]	Cung cấp tổng cộng x{0} quang
ItemBrowser-ObjectEntryDescriptions/Salvaging_0	Text	 [new]	Từ việc thu hồi {0} trong Trạm sửa chữa và thu hồi hoặc máy nghiền
ItemBrowser-ObjectEntryDescriptions/Salvaging_1	Text	 [new]	Cung cấp x{0}
ItemBrowser-ObjectEntryDescriptions/Salvaging_1_Durability	Text	 [new]	Cung cấp x{0}-{1}, dựa trên độ bền hiện tại của vật phẩm và/hoặc cơ hội ngẫu nhiên
ItemBrowser-ObjectEntryDescriptions/SeedExtracting_0	Text	 [new]	Từ việc tách hạt {0} trong {1}
ItemBrowser-ObjectEntryDescriptions/SeedExtracting_1	Text	 [new]	Rồi {0} mỗi cây và mật {1} giấy để tách
ItemBrowser-ObjectEntryDescriptions/StructureContents_1_Dungeon	Text	 [new]	Tìm thấy trong hàng hà {0}
ItemBrowser-ObjectEntryDescriptions/StructureContents_1_Scene	Text	 [new]	Tìm thấy trong cảnh {0}
ItemBrowser-ObjectEntryDescriptions/StructureContents_2_Dungeon	Text	 [new]	Chưa số lượng khác nhau
ItemBrowser-ObjectEntryDescriptions/StructureContents_2_Scene	Text	 [new]	Chưa tổng cộng x{0}
ItemBrowser-ObjectEntryDescriptions/TerrainGeneration_0	Text	 [new]	Tạo ra trong {0}
ItemBrowser-ObjectEntryDescriptions/TerrainGeneration_1	Text	 [new]	Tìm thấy những bên trong {0}
ItemBrowser-ObjectEntryDescriptions/Trading_0	Text	 [new]	Từ việc trao đổi với {0}
ItemBrowser-ObjectEntryDescriptions/Trading_1	Text	 [new]	Nguyên liệu:
ItemBrowser-ObjectEntryDescriptions/Trading_2	Text	 [new]	- {0} x{1}
ItemBrowser-ObjectEntryDescriptions/Unlocking_0	Text	 [new]	Đất {0} bên trong {1} để mở khóa nợ
ItemBrowser-ObjectEntryDescriptions/Unlocking_1	Text	 [new]	Biên thành {0} khi được mở khóa
ItemBrowser-ObjectEntryDescriptions/UpgradeMaterial_0	Text	 [new]	Dùng để nâng cấp vật phẩm từ cấp {0} lên {1}
ItemBrowser-ObjectEntryDescriptions/UpgradeMaterial_1	Text	 [new]	Nguyên liệu:
ItemBrowser-ObjectEntryDescriptions/UpgradeMaterial_2	Text	 [new]	- {0} x{1}
ItemBrowser-ObjectEntryDescriptions/VendingMachine_0	Text	 [new]	Mua từ {0} với giá {1} đồng xưa
ItemBrowser-ObjectEntryNames/ArchaeologistDrops	Text	 [new]	Phá hủy tường
ItemBrowser-ObjectEntryNames/BackgroundPerks	Text	 [new]	Điểm công thế nền
ItemBrowser-ObjectEntryNames/Breeding	Text	 [new]	Nhân giống
ItemBrowser-ObjectEntryNames/Bucketing	Text	 [new]	Mốc nước
ItemBrowser-ObjectEntryNames/CattleProduce	Text	 [new]	Sản phẩm gia súc
ItemBrowser-ObjectEntryNames/ChallengeArenaReward	Text	 [new]	Thượng đế trưởng thành đầu
ItemBrowser-ObjectEntryNames/CookingIngredient	Text	 [new]	Nguyên liệu nấu ăn
ItemBrowser-ObjectEntryNames/Crafting	Text	 [new]	Chế tạo
ItemBrowser-ObjectEntryNames/CreatureSummoning	Text	 [new]	Triệu hồi
ItemBrowser-ObjectEntryNames/CritterCatching	Text	 [new]	Bất động vật nhỏ
ItemBrowser-ObjectEntryNames/Drops	Text	 [new]	Vật rơi
ItemBrowser-ObjectEntryNames/DropsStructure	Text	 [new]	Vật rơi riêng của công trình
ItemBrowser-ObjectEntryNames/DropsWhenDamaged	Text	 [new]	Rồi khi bị sát thương
ItemBrowser-ObjectEntryNames/Farming	Text	 [new]	Trồng trọt
ItemBrowser-ObjectEntryNames/Fishing	Text	 [new]	Câu cá
ItemBrowser-ObjectEntryNames/JewelryCrafter	Text	 [new]	Đánh bóng
ItemBrowser-ObjectEntryNames/LockedChestDrops	Text	 [new]	Phá hủy tường
ItemBrowser-ObjectEntryNames/Loot	Text	 [new]	Chiến lợi phẩm
ItemBrowser-ObjectEntryNames/LootStructure	Text	 [new]	Chiến lợi phẩm riêng của công trình
ItemBrowser-ObjectEntryNames/Merchant	Text	 [new]	Thương nhân
ItemBrowser-ObjectEntryNames/MerchantSpawning	Text	 [new]	Thương nhân chuyển vào
ItemBrowser-ObjectEntryNames/Miscellaneous	Text	 [new]	Khác
ItemBrowser-ObjectEntryNames/NaturalSpawnAroundObject	Text	 [new]	Theo thời gian quanh thực thể
ItemBrowser-ObjectEntryNames/NaturalSpawnInitial	Text	 [new]	Tạo ra ban đầu
ItemBrowser-ObjectEntryNames/NaturalSpawnRespawn	Text	 [new]	Sự kiện xuất hiện lại
ItemBrowser-ObjectEntryNames/OreBoulderExtraction	Text	 [new]	Khai thác tầng quặng
ItemBrowser-ObjectEntryNames/PetTalents	Text	 [new]	Hộ bộ kỹ năng
ItemBrowser-ObjectEntryNames/PrimaryLootTable	Text	 [new]	Bằng chiến lợi phẩm chính
ItemBrowser-ObjectEntryNames/Salvaging	Text	 [new]	Thu hồi
ItemBrowser-ObjectEntryNames/SeedExtracting	Text	 [new]	Tách hạt
ItemBrowser-ObjectEntryNames/StructureContents	Text	 [new]	Cướp công trình
ItemBrowser-ObjectEntryNames/StructureContents_NonObtainable	Text	 [new]	Nội dung công trình
ItemBrowser-ObjectEntryNames/TerrainGeneration	Text	 [new]	Tạo địa hình
ItemBrowser-ObjectEntryNames/TerritoryContents	Text	 [new]	Cướp lãnh thổ
ItemBrowser-ObjectEntryNames/TerritoryContents_NonObtainable	Text	 [new]	Nội dung lãnh thổ
ItemBrowser-ObjectEntryNames/Trading	Text	 [new]	Trao đổi
ItemBrowser-ObjectEntryNames/Unlocking	Text	 [new]	Mở khóa
ItemBrowser-ObjectEntryNames/UpgradeMaterial	Text	 [new]	Vật liệu nâng cấp
ItemBrowser-ObjectEntryNames/VendingMachine	Text	 [new]	Bán tự động
ItemBrowser-ObjectEntryRequirements/BossDefeated	Text	 [new]	{0} đã bị đánh bại
ItemBrowser-ObjectEntryRequirements/ContentBundleAbsent	Text	 [new]	Gói nội dung {0} đang bị vô hiệu
ItemBrowser-ObjectEntryRequirements/ContentBundlePresent	Text	 [new]	Gói nội dung {0} đang hoạt động
ItemBrowser-ObjectEntryRequirements/CraftingPrerequisites	Text	 [new]	 hoặc 
ItemBrowser-ObjectEntryRequirements/HasNotBeenScanned	Text	 [new]	{0} chưa được sử dụng
ItemBrowser-ObjectEntryRequirements/Merchant_CoreActivated	Text	 [new]	Lõi đã được kích hoạt
ItemBrowser-ObjectEntryRequirements/Merchant_CoreBossDefeated	Text	 [new]	Trùm Lõi đã bị đánh bại
ItemBrowser-ObjectEntryRequirements/Merchant_HiveBossStatueActivated	Text	 [new]	Tướng Malugaz kẻ bị hư hỏng đã được kích hoạt
ItemBrowser-ObjectEntryRequirements/Merchant_LarvaBossStatueActivated	Text	 [new]	Tướng Ghorm kể ngẫu nghiện đã được kích hoạt
ItemBrowser-ObjectEntryRequirements/SeasonActive	Text	 [new]	{0} đang hoạt động
ItemBrowser-Options/Always	Text	 [new]	Luôn luôn
ItemBrowser-Options/Appearance	Text	 [new]	Ngoại hình
ItemBrowser-Options/AutoMarkDiscoveredAsCollected	Text	 [new]	Tự động đánh dấu đà thu thập
ItemBrowser-Options/AutoMarkDiscoveredAsCollectedDesc	Text	 [new]	Tự động đánh dấu các vật phẩm nhất được là đã thu thập
ItemBrowser-Options/CheatMode	Text	 [new]	Chế độ gian lận
ItemBrowser-Options/CheatModeDesc	Text	 [new]	Cho phép bạn tạo vật phẩm
ItemBrowser-Options/CheatModeUnavailable	Text	 [new]	Chỉ khả dụng trong chế độ sáng tạo hoặc nếu bạn là quản trị viên
ItemBrowser-Options/Checklist	Text	 [new]	Danh sách kiểm tra
ItemBrowser-Options/ClearCollected	Text	 [new]	Xóa các vật phẩm đã thu thập
ItemBrowser-Options/ClearCollectedAreYouSure	Text	 [new]	Xóa tất cả các vật phẩm đã thu thập? Hành động này không thể hoàn tác.
ItemBrowser-Options/ClearCollectedDesc	Text	 [new]	"""Xóa tất cả các vật phẩm và sinh vật đã thu thập

Nếu ""Tự động đánh dấu đà thu thập"" được bắt, mỗi vật phẩm và sinh vật đã phát hiện sẽ tự động được đánh dấu đã thu thập lại"""
ItemBrowser-Options/ClearFavorites	Text	 [new]	Xóa các mức yêu thích
ItemBrowser-Options/ClearFavoritesAreYouSure	Text	 [new]	Xóa tất cả các mức yêu thích? Hành động này không thể hoàn tác.
ItemBrowser-Options/ClearFavoritesDesc	Text	 [new]	Xóa tất cả các vật phẩm và sinh vật đã yêu thích
ItemBrowser-Options/Disabled	Text	 [new]	Tắt
ItemBrowser-Options/Enabled	Text	 [new]	Bật
ItemBrowser-Options/Extras	Text	 [new]	Mức khác
ItemBrowser-Options/General	Text	 [new]	Chung
ItemBrowser-Options/HideNotCollectedIcons	Text	 [new]	Hiển thị biểu tượng
ItemBrowser-Options/HideNotCollectedIconsDesc	Text	 [new]	Xác định khi nào biểu tượng đầy đủ của vật phẩm/sinh vật hiển thị
ItemBrowser-Options/HideUndiscovered	Text	 [new]	Ẩn vật phẩm chưa phát hiện
ItemBrowser-Options/HideUndiscoveredDesc	Text	 [new]	Ẩn các vật phẩm và sinh vật mà nhân vật của bạn chưa nhặt hoặc chưa gặp bao giờ
ItemBrowser-Options/KeyHeld	Text	 [new]	Giữ phím
ItemBrowser-Options/PanelsShiftLayout	Text	 [new]	Các bảng di chuyển bố cục
ItemBrowser-Options/PanelsShiftLayoutDesc	Text	 [new]	Căn giữa trình duyệt khi một bảng tùy chọn được bật/tắt
ItemBrowser-Options/Search	Text	 [new]	Tìm kiếm
ItemBrowser-Options/SearchByDescription	Text	 [new]	Mô tả
ItemBrowser-Options/SearchByDescriptionDesc	Text	 [new]	Cho phép bạn tìm kiếm vật phẩm/sinh vật theo mô tả của chúng
ItemBrowser-Options/SearchByEffect	Text	 [new]	Hiệu ứng
ItemBrowser-Options/SearchByEffectDesc	Text	 [new]	Cho phép bạn tìm kiếm vật phẩm/sinh vật theo hiệu ứng của chúng
ItemBrowser-Options/SearchById	Text	 [new]	Tên/chỉ số nội bộ
ItemBrowser-Options/SearchByIdDesc	Text	 [new]	Cho phép bạn tìm kiếm vật phẩm/sinh vật theo tên nội bộ hoặc chỉ số
ItemBrowser-Options/ShowButtonHints	Text	 [new]	Hiển thị gợi ý phím
ItemBrowser-Options/ShowButtonHintsDesc	Text	 [new]	Hiển thị gợi ý phím cho một số thành phần giao diện
ItemBrowser-Options/ShowChecklist	Text	 [new]	Hiển thị danh sách kiểm tra
ItemBrowser-Options/ShowChecklistDesc	Text	 [new]	"""(Thực nghiệm) Tab danh sách kiểm tra cho phép bán theo dõi vật phẩm, thú cưng và gia súc đã thu thập

Những vật phẩm không thể thu được theo cách hợp lệ sẽ không được hiển thị"""
ItemBrowser-Options/ShowSourceMod	Text	 [new]	Hiển thị mod nguồn
ItemBrowser-Options/ShowSourceModDesc	Text	 [new]	Hiển thị mod nguồn được phát hiện trong mô tả
ItemBrowser-Options/ShowTechnicalInfo	Text	 [new]	Hiển thị thông tin kỹ thuật
ItemBrowser-Options/ShowTechnicalInfoDesc	Text	 [new]	"""Hiển thị các thông tin sau trong mô tả (nếu có):
- Chỉ số nội bộ và biến thể
- Tên nội bộ
- Loại ô và bộ ô
- Tên prefab khởi tạo
- Tên prefab đồ họa"""
ItemBrowser-Options/ShowTileGrid	Text	 [new]	Hiển thị lưới ô
ItemBrowser-Options/ShowTileGridDesc	Text	 [new]	Hiển thị lưới thể hiện ranh giới các ô và ô xuất hiện
ItemBrowser-Options/Theme	Text	 [new]	Chủ đề
ItemBrowser-Options/ThemeDesc	Text	 [new]	Thay đổi giao diện của trình duyệt
ItemBrowser-Options/Unavailable	Text	 [new]	Không khả dụng
ItemBrowser-Options/WhenCollected	Text	 [new]	Khi đã thu thập
ItemBrowser-PoolHeaders/Rolls	Text	 [new]	{0} lần quay
ItemBrowser-PoolHeaders/Rolls_Plural	Text	 [new]	{0} lần quay
ItemBrowser-PoolHeaders/Season	Text	 [new]	Chỉ trong {0}
ItemBrowser-Sorters/Alphabetical	Text	 [new]	Theo bảng chữ cái
ItemBrowser-Sorters/Armor	Text	 [new]	Theo giáp
ItemBrowser-Sorters/Category	Text	 [new]	Theo danh mục sáng tạo
ItemBrowser-Sorters/Damage	Text	 [new]	Theo sát thương
ItemBrowser-Sorters/InternalIndex	Text	 [new]	Theo chỉ số nội bộ
ItemBrowser-Sorters/Level	Text	 [new]	Theo cấp độ
ItemBrowser-Sorters/Value	Text	 [new]	Theo giá trị
ItemBrowser-SortingOrders/Ascending	Text	 [new]	Tăng dần
ItemBrowser-SortingOrders/Descending	Text	 [new]	Giảm dần
ItemBrowser-StructureTypes/Dungeon	Text	 [new]	Hàng hạ
ItemBrowser-StructureTypes/Scene	Text	 [new]	Cánh
ItemBrowser-TerritoryNames/BlueSlime	Text	 [new]	Lãnh thổ slime xanh
ItemBrowser-TerritoryNames/Caveling	Text	 [new]	Lãnh thổ Caveling
ItemBrowser-TerritoryNames/Larva	Text	 [new]	Ấu trùng
ItemBrowser-TerritoryNames/NatureCaveling	Text	 [new]	Lãnh thổ Caveling tự nhiên
ItemBrowser-TerritoryNames/OrangeSlime	Text	 [new]	Lãnh thổ slime cam
ItemBrowser-TerritoryNames/PurpleSlime	Text	 [new]	Lãnh thổ slime tím
ItemBrowser-Themes/Blue	Text	 [new]	Xanh dương
ItemBrowser-Themes/Classic	Text	 [new]	Cơ điện
ItemBrowser-Themes/Cultist	Text	 [new]	Giáo đồ
ItemBrowser-Themes/Dust	Text	 [new]	Bụi
ItemBrowser-Themes/Ice	Text	 [new]	Bảng
ItemBrowser-Themes/Meadow	Text	 [new]	Động cơ
ItemBrowser-Themes/Stone	Text	 [new]	Da
ItemCategory/Building	Text	 	Xây dựng
ItemCategory/Building_BaseBuilding	Text	 	Xây căn cứ
ItemCategory/Building_Chest	Text	 	Rương
ItemCategory/Building_CraftingStation	Text	 [new]	Cửa chế tạo
ItemCategory/Building_FunctionalBuilding	Text	 	Công trình chức năng
ItemCategory/Building_MerchantItem	Text	 	Vật phẩm thương nhân
ItemCategory/Building_Object	Text	 	Vật thể
ItemCategory/Building_ProcessingStation	Text	 [new]	Cửa chế biển
ItemCategory/Building_Structure	Text	 [new]	Cấu trúc
ItemCategory/Consumable	Text	 	Tiêu hao
ItemCategory/Consumable_Fish	Text	 	Cá
ItemCategory/Consumable_Food	Text	 	Đồ ăn vặt
ItemCategory/Consumable_Ingredient	Text	 	Nguyên liệu
ItemCategory/Consumable_PetCandy	Text	 	Kéo thư cung
ItemCategory/Consumable_Potion	Text	 	Thuốc
ItemCategory/Creature	Text	 	Sinh vật
ItemCategory/Creature_Cattle	Text	 	Vật nuôi
ItemCategory/Creature_Critter	Text	 	Sinh vật nhỏ
ItemCategory/Creature_Enemy	Text	 	Kẻ địch
ItemCategory/Creature_Merchant	Text	 	Thương nhân
ItemCategory/Creature_Pet	Text	 	Thu cung
ItemCategory/Environment	Text	 	Môi trường
ItemCategory/Environment_AbioticFactorBiome	Text	 [new]	Sinh cảnh Abiotic Factor
ItemCategory/Environment_Block	Text	As in a piece of block used for building a wall or ground	Khối
ItemCategory/Environment_CityBiome	Text	 	Quận xã thành phố
ItemCategory/Environment_ClayBiome	Text	 	Quần xã đất sét
ItemCategory/Environment_CrystalBiome	Text	 	Quân xa pha lê
ItemCategory/Environment_DesertBiome	Text	 	Quan xá sa mạc
ItemCategory/Environment_DirtBiome	Text	 	Quân xa đất
ItemCategory/Environment_ExcavationBiome	Text	 [new]	Sinh cảnh Đạo
ItemCategory/Environment_Ground	Text	 	Mặt đất
ItemCategory/Environment_LavaBiome	Text	 	Quân xa dung nham
ItemCategory/Environment_MeadowBiome	Text	 	Quân xã đồng cỏ
ItemCategory/Environment_MoldBiome	Text	 	Quần xã nấm mốc
ItemCategory/Environment_MultiBiome	Text	 [new]	Đa sinh cảnh
ItemCategory/Environment_NatureBiome	Text	 	Quần xã thiên nhiên
ItemCategory/Environment_OasisBiome	Text	 [new]	Sinh cảnh Oasis
ItemCategory/Environment_OreBoulder	Text	 	Tăng quang
ItemCategory/Environment_PassageBiome	Text	 	Quan xá lợi ngầm
ItemCategory/Environment_PitObject	Text	 	Vật thể hổ
ItemCategory/Environment_PottedPlant	Text	 [new]	Cây trong chậu
ItemCategory/Environment_SeaBiome	Text	 	Quan xã biển
ItemCategory/Environment_SlimeBiome	Text	 	Quần xã slime
ItemCategory/Environment_StoneBiome	Text	 	Quân xa đã
ItemCategory/Environment_Wall	Text	 	Tương
ItemCategory/Equipment	Text	 	Trang bị
ItemCategory/Equipment_Bag	Text	 	Túi
ItemCategory/Equipment_Bait	Text	 	Mỗi câu
ItemCategory/Equipment_BreastArmor	Text	 	Giáp thân
ItemCategory/Equipment_Helm	Text	 	Mũ giáp
ItemCategory/Equipment_Lantern	Text	 [new]	Đến
ItemCategory/Equipment_MagicWeapon	Text	 	Vũ khí phép
ItemCategory/Equipment_MeleeWeapon	Text	 	Vũ khí cận chiến
ItemCategory/Equipment_Necklace	Text	 	Dây chuyền
ItemCategory/Equipment_Offhand	Text	 	Tây phủ
ItemCategory/Equipment_PaintBrush	Text	 	Cờ son
ItemCategory/Equipment_PantsArmor	Text	 	Quân giáp
ItemCategory/Equipment_Pouch	Text	 [new]	Túi đựng đồ
ItemCategory/Equipment_RangeWeapon	Text	 	Vũ khí đánh xa
ItemCategory/Equipment_Ring	Text	 	Nhân
ItemCategory/Equipment_Tool	Text	 	Công cụ
ItemCategory/Material	Text	 	Vật liệu
ItemCategory/Material_RawMaterial	Text	 	Vật liệu thô
ItemCategory/Material_RefinedMaterial	Text	 	Vật liệu tinh chế
ItemCategory/Material_UniqueMaterial	Text	 	Vật liệu độc nhất
ItemCategory/Music	Text	 	Âm nhạc
ItemCategory/Music_Instrument	Text	 	Nhạc cụ
ItemCategory/Music_MusicSheet	Text	 	Ban nhạc
ItemCategory/Other	Text	 	Khác
ItemCategory/Other_Currency	Text	 	Tiền tệ
ItemCategory/Other_KeyItem	Text	 	Vật phẩm then chốt
ItemCategory/Other_Mods	Text	This category contains objects from mods	Mod
ItemCategory/Other_OracleCard	Text	 	Thẻ tiên tri
ItemCategory/Other_Recipe	Text	 	Công thức
ItemCategory/Other_Scanners	Text	 [new]	Máy quét
ItemCategory/Other_Seed	Text	 	Hạt giống
ItemCategory/Other_SummoningItem	Text	 [new]	Vật triệu hồi
ItemCategory/Other_Trophy	Text	 [new]	Chiến lợi phẩm
ItemCategory/Seasonal	Text	 	Theo mùa
ItemCategory/Seasonal_Anniversary	Text	 	Kỷ niệm
ItemCategory/Seasonal_CherryBlossom	Text	 	Hoa anh đào
ItemCategory/Seasonal_Christmas	Text	 	Giáng sinh
ItemCategory/Seasonal_Easter	Text	 	Phục sinh
ItemCategory/Seasonal_Halloween	Text	 	Halloween
ItemCategory/Seasonal_Lunar	Text	 	Tết Nguyên Đán
ItemCategory/Seasonal_Valentine	Text	 	Valentine
ItemCategory/Technology	Text	 	Công nghệ
ItemCategory/Technology_Automation	Text	 	Tự động hóa
ItemCategory/Technology_Boat	Text	 	Thuyền
ItemCategory/Technology_DefensiveBuilding	Text	 	Công trình phòng thủ
ItemCategory/Technology_Electronics	Text	 	Điện tử
ItemCategory/Technology_Explosives	Text	 	Thuốc nổ
ItemCategory/Technology_Railway	Text	 	Đường ray
ItemCategory/Technology_Utility	Text	 	Tiện ích
ItemCategory/Technology_Vehicle	Text	 	Phương tiện
ItemCategory/Tool	Text	 [new]	Công cụ
ItemCategory/Tool_Digging	Text	 [new]	Công cụ đào
ItemCategory/Tool_Fishing	Text	 [new]	Công cụ câu cá
ItemCategory/Tool_Gardening	Text	 [new]	Công cụ làm vườn
ItemCategory/Tool_Mining	Text	 [new]	Công cụ khai thác
ItemCategory/Tool_Other	Text	 [new]	Công cụ khác
ItemCategory/Tool_Painting	Text	 [new]	Công cụ sơn
ItemCategory/Valuable	Text	 	Đỗ quý
ItemCategory/Valuable_CityBiome	Text	 	Quận xã thành phố
ItemCategory/Valuable_ClayBiome	Text	 	Quần xã đất sét
ItemCategory/Valuable_CrystalBiome	Text	 	Quân xa pha lê
ItemCategory/Valuable_DesertBiome	Text	 	Quan xá sa mạc
ItemCategory/Valuable_DirtBiome	Text	 	Quân xa đất
ItemCategory/Valuable_ExcavationBiome	Text	 [new]	Vật quý Đạo
ItemCategory/Valuable_LavaBiome	Text	 	Quân xa dung nham
ItemCategory/Valuable_MoldBiome	Text	 	Quần xã nấm mốc
ItemCategory/Valuable_NatureBiome	Text	 	Quần xã thiên nhiên
ItemCategory/Valuable_Other	Text	 	Khác
ItemCategory/Valuable_SeaBiome	Text	 	Quan xã biển
ItemCategory/Valuable_StoneBiome	Text	 	Quân xa đã
ItemCategory/Valuable_Trophy	Text	 	Chiến lợi phẩm
ItemCategory/Weapon	Text	 [new]	Vũ khí
ItemCategory/Weapon_Explosives	Text	 [new]	Vũ khí nổ
ItemCategory/Weapon_Magic	Text	 [new]	Vũ khí phép
ItemCategory/Weapon_Melee	Text	 [new]	Vũ khí cận chiến
ItemCategory/Weapon_Ranged	Text	 [new]	Vũ khí tầm xa
ItemCategory/Weapon_Summoning	Text	 [new]	Vũ khí triệu hồi
ItemLevel	Text	 	Cấp vật phẩm {0}
Items/AFBottledAnomaly	Text	 [new]	Anomaly đóng chai
Items/AFBottledAnomalyDesc	Text	 [new]	Một vật thể dị thường bị đóng kín trong chai. Nó có khả năng phóng to và thu nhỏ các sinh vật xung quanh.
Items/AFDrink1	Text	 [new]	Đồ uống Abiotic Factor 1
Items/AFDrink1Desc	Text	 [new]	Đồ uống đặc biệt lấy từ thế giới Abiotic Factor. Giải khát và họ lại năng lượng.
Items/AFDrink2	Text	 [new]	Đồ uống Abiotic Factor 2
Items/AFDrink2Desc	Text	 [new]	Đồ uống đặc biệt lấy từ thế giới Abiotic Factor. Có vị ngọt nhẹ.
Items/AFDrink3	Text	 [new]	Đồ uống Abiotic Factor 3
Items/AFDrink3Desc	Text	 [new]	Đồ uống đặc biệt lấy từ thế giới Abiotic Factor. Lớn nhẹ và dinh dưỡng.
Items/AFDrink4	Text	 [new]	Đồ uống Abiotic Factor 4
Items/AFDrink4Desc	Text	 [new]	Đồ uống đặc biệt lấy từ thế giới Abiotic Factor. Có ga và mặt lắc.
Items/AFDrink5	Text	 [new]	Đồ uống Abiotic Factor 5
Items/AFDrink5Desc	Text	 [new]	Đồ uống đặc biệt lấy từ thế giới Abiotic Factor. Vị nóng nhẹ để tinh thần.
Items/AFDrink6	Text	 [new]	Đồ uống Abiotic Factor 6
Items/AFDrink6Desc	Text	 [new]	Đồ uống đặc biệt lấy từ thế giới Abiotic Factor. Bồi bổ và tuyệt hảo.
Items/AFLargeWoodenDestructible	Text	 [new]	Vạt gỗ lớn Abiotic Factor
Items/AFLargeWoodenDestructibleDesc	Text	 [new]	Một khối gỗ lớn có thể phá hủy được đưa từ thế giới Abiotic Factor.
Items/AFPestElectric	Text	 [new]	Pest điện
Items/AFPestElectricDesc	Text	 [new]	Một con Pest đa dạng bị biến đổi bởi năng lượng điện. Hien gio no sac nhet va gay ra cua dien.
Items/AFPestElectricTrophy	Text	 [new]	Chiến lợi phẩm Pest điện
Items/AFPestElectricTrophyDesc	Text	 [new]	Chiến lợi phẩm sau khi tiêu diệt còn Pest điện.
Items/AFPipeClub	Text	 [new]	Gây ống nước
Items/AFPipeClubDesc	Text	 [new]	Một cây gậy thô sơ làm từ ống nước. Chiến đấu khá hiệu quả trong các cuộc bắt ở.
Items/AFPortal	Text	 [new]	Cổng thông Abiotic Factor
Items/AFPortalDesc	Text	 [new]	Một cổng thông đến nơi nào đó trong thế giới Abiotic Factor. Tốt hơn là không nên bắn vào.
Items/AFQuillRifle	Text	 [new]	Súng Bút Long
Items/AFQuillRifleDesc	Text	 [new]	Súng trường bắn các viên đạn lông sọc sắc được thu hồi từ xác những con quái vật đã chết.
Items/AFScienceBreastArmor	Text	 [new]	Giáp ngực Khoa học
Items/AFScienceBreastArmorDesc	Text	 [new]	Giáp ngực của một nhà nghiên cứu khoa học. Bảo vệ bạn trước các mối nguy trong phòng thí nghiệm.
Items/AFScienceHelm	Text	 [new]	Mũ Khoa học
Items/AFScienceHelmDesc	Text	 [new]	Chiếc mũ của một nhà nghiên cứu khoa học. Giữ đầu bàn an toàn trước những sự cố thí nghiệm.
Items/AFSciencePantsArmor	Text	 [new]	Quận Khoa học
Items/AFSciencePantsArmorDesc	Text	 [new]	Chiếc quần của một nhà nghiên cứu khoa học. Có rất nhiều túi.
Items/AFVendingMachine	Text	 [new]	Máy bán hàng tự động
Items/AFVendingMachineDesc	Text	 [new]	Máy bán hàng tự động lấy từ Abiotic Factor. Không cần thẻ, cứ dán vào là ra đó.
Items/AFWaterCooler	Text	 [new]	Bình nước làm mát
Items/AFWaterCoolerDesc	Text	 [new]	Bình nước làm mát giữ cho nước uống luôn mát. Rất cẩn trọng những ngày hâm no.
Items/AFWhiteBoard	Text	 [new]	Bảng trắng
Items/AFWhiteBoardDesc	Text	 [new]	Bảng trắng dùng để ghi chú, vẽ biểu đồ và phác thảo kế hoạch.
Items/AFWoodenDestructible	Text	 [new]	Vật gỗ Abiotic Factor
Items/AFWoodenDestructibleDesc	Text	 [new]	Vật gỗ từ thế giới Abiotic Factor. Có thể bị phá hủy để lấy vật liệu.
Items/AbandonedCampMatress	Text	 	Nêm Trái
Items/AbandonedCampMatressDesc	Text	 	Chỗ nghỉ ngơi của một nhà thám hiểm xưa kia?
Items/AbandonedCampTent	Text	 	Lều Trai
Items/AbandonedCampTentDesc	Text	 	Một chiếc lều tạm bị bỏ hoang. ai đã từng sống ở đây nhị?
Items/AbyssTree	Text	 	Cây Vực Thâm
Items/AbyssTreeDesc	Text	 	Một loại cây mọc trong những khe nứt của Azeos' Wilderness. Không ai biết nó đâm sâu xuống đến đâu.
Items/AcidLarva	Text	 	Ấu Trùng Axit
Items/AcidLarvaTrophy	Text	 	Tướng Âu Trung Axit
Items/AcidLarvaTrophyDesc	Text	 	Mô hình sống động của một Ấu Trùng Axit.
Items/AdderStone	Text	 	Da Adder
Items/AdderStoneDesc	Text	 	Một viên đá nhân có lỗ. có người tin rằng nó xua đuổi tà ma.
Items/AdvancedAutomationTable	Text	 [new]	Bản tự động hóa nâng cao
Items/AdvancedAutomationTableDesc	Text	 [new]	Bản chế tạo dùng để tạo ra các thành phần tự động hóa nâng cao.
Items/AdvancedJewelryWorkBench	Text	 	Ban Chế Tạo Trang Sức Lành Nghệ
Items/AdvancedJewelryWorkBenchDesc	Text	 	Bản chế tạo cao cấp để làm nhân và dây chuyền.
Items/AgarthaReport	Text	 	Báo Cáo Agartha
Items/AgarthaReportDesc	Text	 	Mot cuon sach bia da viet bang thu ngon ngu loai nguoi nguech ngoac. Có vẻ tác giả tin rằng mình đã tìm thấy trung tâm huyền thoại của trái đất. trước khi qua đời vì bệnh tật.
Items/AggressiveSlimeBlob	Text	 	Slime Đỏ
Items/AlchemyTable	Text	 	Bản Gia Kim
Items/AlchemyTableDesc	Text	 	Bản chế tạo để mày mò những điều kỳ diệu của hóa học.
Items/AlienChest	Text	 	Rương Công nghệ Ngoài hành tinh
Items/AlienChestDesc	Text	 	Một kỳ quan công nghệ: một chiếc rương đựng đồ từ ngoài vũ trụ! Xem ra ngay cả những nền văn minh tiên tiến cũng cần cho cất đồ.
Items/AlienFloorVent	Text	 	Lộ Thông Hội Sân Ngoại Hành Tinh
Items/AlienFloorVentDesc	Text	 	Một mảnh công nghệ lẽ ra vẫn còn hoạt động. nếu không bị những bàn tay thăm làm giật khỏi sân.
Items/AlienFuse	Text	 [new]	Cầu chì Ngoại hành
Items/AlienFuseDesc	Text	 [new]	Một cầu chì được hỗ trợ bởi công nghệ ngoài hành tinh. Có thể dùng để cung cấp điện năng.
Items/AlienObeliskSmall	Text	 	Cột Đá Ngoại Hành Tinh Nhỏ
Items/AlienObeliskSmallDesc	Text	 	Một tấm bia khắc chữ. tạc trên loại đá bí ẩn. Ý nghĩa của nó vượt khỏi tầm hiểu biết trần gian.
Items/AlienObeliskTall	Text	 	Cột Đá Ngoại Hành Tỉnh Cao
Items/AlienObeliskTallDesc	Text	 	Một tấm bia khắc chữ lớn. tạc trên loại đá bí ẩn. Ý nghĩa của nó vượt khỏi tầm hiểu biết trần gian.
Items/AlienStalagmite	Text	 	Trừ Công Nghệ Cao
Items/AlienStalagmiteDesc	Text	 	Trông như một cây trừ những chức năng thật sự thì không rõ. Là cơ chế làm mát hay có lẽ là nơi tích trữ năng lượng?
Items/AlienTechBreastArmor	Text	 	Giáp Thân Cosmos
Items/AlienTechBreastArmorDesc	Text	 	Chiếc áo kín khi này giữ cho bầu khí quanh có thể bắn được điều áp đều và được trang bị hệ thống tăng hiệu suất sát thương.
Items/AlienTechCrystalLight	Text	 	Đền Phả Lê Ngoại Hành Tỉnh
Items/AlienTechCrystalLightDesc	Text	 	Một loại đèn cực kỳ tiên tiến dùng một viên đá quý cổ đại khổng lồ. Trong gần như một ngón được cổ đại làm cho thứ gì đó có bàn tay còn to hơn nữa.
Items/AlienTechDestructible	Text	 	Thùng công nghệ ngoài hành tinh
Items/AlienTechDestructibleDesc	Text	 	Một chiếc hộp đập vỡ được không thuộc về thế giới này. Bên trong chứa hàng hóa ngoài hành tinh.
Items/AlienTechHelm	Text	 	Mũ Kính Cosmos
Items/AlienTechHelmDesc	Text	 	Một chiếc mũ tương lai được bịt kín dưới mái vòm kính lớn. để lộ tầm nhìn ngắm nhìn những kỳ tích của vũ trụ.
Items/AlienTechPantsArmor	Text	 	Quận Cosmos
Items/AlienTechPantsArmorDesc	Text	 	Chiếc quần nặng nề ít phù hợp cho di chuyển nhanh mà hợp hơn cho việc đặt bước an toàn trên những hành tinh xa lạ.
Items/AlienTechSpire	Text	 	Cuốn Dây Hồng
Items/AlienTechSpireDesc	Text	 	Một mạnh công nghệ ngoài hành tinh có vẻ đã cháy rụi.
Items/AmberChunk	Text	 	Khối Hổ Phách
Items/AmberChunkDesc	Text	 	Tàn tích rắn chắc của một khu rừng cổ đại. Thu ánh sáng nở phản chiếu ấm áp và vàng óng.
Items/AmberFishEgg	Text	 	Trưng Cả Hổ Phách
Items/AmberFishEggDesc	Text	 	Một quả trứng cá được bảo quản hoàn hảo bọc trong hổ phách. Làm sao hai thứ ấy hóa làm một ván là điều bí ẩn.
Items/AmberLarva	Text	 	Ấu Trùng Hổ Phách
Items/AmberLarvaDesc	Text	 	Ấu trùng bọc trong hổ phách. một nguyên liệu cực kỳ hiếm.
Items/Ammonite	Text	 	Ammonite
Items/AmmoniteDesc	Text	 	Lớp vỏ hóa thạch của một sinh vật biển cổ đại.
Items/AmmoniteNecklace	Text	 	Dây Chuyền Ammonite
Items/AmmoniteNecklaceDesc	Text	 	Dây chuyền giản dị những dép để gắn một hóa thạch.
Items/AmoebaGiantSegment	Text	 	Amip Không Lộ
Items/AmoebaWormSegment	Text	 	Sau Lưu Huỳnh
Items/AnchorAxe	Text	 	Rìu Mo Neo
Items/AnchorAxeDesc	Text	 	Vũ khí nặng nề này thật ra chỉ là một cái mỏ neo tàu. Đánh rất mạnh và có thể hát vang kẻ địch.
Items/AncientCoin	Text	 	Đông Xứ Cơ
Items/AncientCoinDesc	Text	 	Đồng xu có giá trị. tiền tệ của lòng đất.
Items/AncientDestructible	Text	 	Thung Cỏ
Items/AncientDestructibleDesc	Text	 	Một thùng chứa phát sáng bí ẩn đựng hàng hóa cổ xưa.
Items/AncientFeather	Text	 	Lông vũ cổ đại
Items/AncientFeatherDesc	Text	 	Một chiếc lông vũ khác thường do thứ gì đó to lớn để lại.
Items/AncientFishingHook	Text	 	Lưới Cầu Cơ
Items/AncientFishingHookDesc	Text	 	Một thiết kế lưỡi câu rất xưa, không còn được dùng nữa.
Items/AncientForge	Text	 	Lò Rèn Cổ
Items/AncientFountain	Text	 	Đài Phun Nước Cổ
Items/AncientFountainDesc	Text	 	Chỉ những ai nắm giữ tri thức bí mật mới biết tìm đài phun này ở đâu. Nó được tiếp năng lượng bởi một hóa thạch cực đã kết tinh nhờ sự hiện diện của những viên đá quý cô.
Items/AncientGemNecklace	Text	 	Dây Chuyền Đa Quý Cơ
Items/AncientGemNecklaceDesc	Text	 	Một dây chuyền chỉ chế tạo từ các viên đá quý cô, cùng một viên màu trắng siêu hiếm.
Items/AncientGemPlate	Text	 	Tấm Đá Quý Cơ
Items/AncientGemPlateDesc	Text	 	Tấm lấp lánh này có những hoa văn chạm khắc tinh xảo. Trông như một chiếc chìa khóa cho thứ gì đó.
Items/AncientGemRing	Text	 	Nhan Đà Quý Cơ
Items/AncientGemRingDesc	Text	 	Chiếc nhẫn bí ẩn này được làm hoàn toàn từ đá quý cô, có gắn một viên màu trắng siêu hiếm.
Items/AncientGemstone	Text	 	Đa Quý Cơ
Items/AncientGemstoneBreastArmor	Text	 	Ao Đa Quy
Items/AncientGemstoneBreastArmorDesc	Text	 	Bộ áo choàng cao quý này phủ lấy cơ thể bằng lớp vải mềm như lụa buông xóa. Những viên đá quý cô dệt vào áo tăng cường năng lực tâm linh.
Items/AncientGemstoneDesc	Text	 	Viên đá quý xanh kỳ lạ phát ra những đợt sóng năng lượng.
Items/AncientGemstonePantsArmor	Text	 	Quận Thung Đa Quý
Items/AncientGemstonePantsArmorDesc	Text	 	Bộ quân mặc vào cảm thấy rất thoải mái. Nó níu bạn vào hiện tại, bạn có thể cảm nhận sự tập trung tinh thần tăng lên.
Items/AncientGoldenCoin	Text	 	Đồng Tiến Vang Cổ
Items/AncientGoldenCoinDesc	Text	 	Đồng tiền đúc bằng vàng này có vẻ là một loại tiền tệ xưa hơn nhiều so với những đồng tiền có thông thường. Nó cũng có giá trị cao hơn rất nhiều.
Items/AncientGolem	Text	 	Lính Gác Lợi
Items/AncientGuardianNecklace	Text	 	Dây Chuyền Hồ Vệ Cơ
Items/AncientGuardianNecklaceDesc	Text	 	Một di vật thực sự mạnh mẽ từ quá khứ, được làm ra để chống lại những kẻ thù mạnh nhất.
Items/AncientGuardianRing	Text	 	Nhân Hộ Vệ Cơ
Items/AncientGuardianRingDesc	Text	 	Một di vật được làm theo cùng cách với Dây Chuyền Hổ Vệ Cơ, dùng để chống lại những kẻ thù mạnh nhất.
Items/AncientHologramPod	Text	 	Khoang Anh Nội Cơ
Items/AncientHologramPodDesc	Text	 	Một thiết bị kỳ lạ tái hiện linh hồn của quá khứ.
Items/AncientMakeupSet	Text	 	Bộ Trang Diễm Cơ
Items/AncientMakeupSetDesc	Text	 	Một hộp gỗ nhỏ chứa đủ loại cỏ, kẽm và phần từng được dùng để trang điểm.
Items/AncientMiningPick	Text	 	Cuộc Cờ
Items/AncientMiningPickDesc	Text	 	Hắn các kiến trúc sư vĩ đại của nền văn minh đã mất đà dựng cái này để phá gần như mọi bức tường cản đường họ.
Items/AncientSpear	Text	 	Giao Phà Lê Tiến Sư
Items/AncientSpearDesc	Text	 	Một trong những vũ khí đầu tiên loài người từng làm ra, những cây này gần một viên đá quý có thay cho mũi giao thương.
Items/AncientWire	Text	 	Dãy Cổ
Items/AngleFish	Text	 	Cá Cầu Beryll
Items/AngleFishDesc	Text	 	Con cá xanh ánh trăng này có vẻ từng có thân hình bình thường, nhưng nước của The Shimmering Frontier đã làm nó hư biến thành pha lê hoàn toàn.
Items/AnniversaryCake	Text	 	Bánh Kỷ Niệm
Items/AnniversaryCakeDesc	Text	 	Phủ lớp men xanh và cam đầy nền, chiếc bánh chocolate hoa tulip phát sáng này đánh dấu một dịp kỷ niệm đặc biệt.
Items/AnniversaryPartyHatBlue	Text	 	Nón Tiệc Xanh Dương
Items/AnniversaryPartyHatBlueDesc	Text	 	Chiếc nón tiếc xanh dương rực rỡ này có thể đợi để ăn mừng một dịp kỷ niệm đặc biệt.
Items/AnniversaryPartyHatGreen	Text	 	Nón Tiệc Xanh Lá
Items/AnniversaryPartyHatGreenDesc	Text	 	Chiếc nón tiếc xanh lá bắt mắt này có thể đợi để ăn mừng một dịp kỷ niệm đặc biệt.
Items/AnniversaryPartyHatPurple	Text	 	Non Tiếc Tím
Items/AnniversaryPartyHatPurpleDesc	Text	 	Chiếc nón tiếc tìm vui nhộn này có thể đợi để ăn mừng một dịp kỷ niệm đặc biệt.
Items/AnniversaryPartyHatRed	Text	 	Non Tiếc Đỏ
Items/AnniversaryPartyHatRedDesc	Text	 	Chiếc nón tiếc đồ chơi này có thể đợi để ăn mừng một dịp kỷ niệm đặc biệt.
Items/AntiqueBoardGame	Text	 	Cơ Bản Cơ
Items/AntiqueBoardGameDesc	Text	 	Một trò chơi có dành cho hai người. Không có sách luật nhưng có vẻ nó xoay quanh việc xê dịch các khối vuông.
Items/ApprenticeBreastArmor	Text	 	Áo Choang Học Việc
Items/ApprenticeBreastArmorDesc	Text	 	Một áo choàng giản dị của các pháp sư đang tập sự.
Items/ApprenticeHelm	Text	 	Non Học Việc
Items/ApprenticeHelmDesc	Text	 	Một chiếc nón phù thủy khiêm tốn.
Items/ApprenticePantsArmor	Text	 	Quan Học Việc
Items/ApprenticePantsArmorDesc	Text	 	Quần thoáng mát thoải mái giúp tăng sự tập trung.
Items/Aquarium	Text	 [new]	Họ ca
Items/AquariumBeach	Text	 [new]	Họ cá Bãi biển
Items/AquariumBeachDesc	Text	 [new]	Họ cá mang chủ đề bãi biển để trưng bày sinh vật bãi biển.
Items/AquariumCrystal	Text	 [new]	Họ ca Pha lê
Items/AquariumCrystalDesc	Text	 [new]	Họ cả mang chủ đề pha lê để trưng bày sinh vật pha lê.
Items/AquariumDesc	Text	 [new]	Họ cá dễ nuôi và trưng bày các loài cá đã bắt được.
Items/AquariumDesert	Text	 [new]	Họ cá Sa mạc
Items/AquariumDesertDesc	Text	 [new]	Họ cá mang chủ đề sa mạc để trưng bày sinh vật sa mạc.
Items/AquariumNature	Text	 [new]	Họ cả Thiên nhiên
Items/AquariumNatureDesc	Text	 [new]	Họ cá mang chủ đề thiên nhiên để trưng bày sinh vật thiên nhiên.
Items/AquariumPassage	Text	 [new]	Họ cả Lối đi
Items/AquariumPassageDesc	Text	 [new]	Họ cả mang chủ đề lối đi để trưng bày sinh vật lối đi.
Items/ArcaneMonkBreastArmor	Text	 	Ao Choang Tu Sĩ Huyền Bí
Items/ArcaneMonkBreastArmorDesc	Text	 	Một áo choàng dệt vào những hoa văn phép thuật đặc biệt.
Items/ArcaneMonkHelm	Text	 	Khăn Bít Mặt Tu Sĩ Huyền Bí
Items/ArcaneMonkHelmDesc	Text	 	Các luồng năng lượng phép quanh bạn cho phép bạn nhìn rõ như băng chính đôi mắt mình.
Items/ArcaneMonkPantsArmor	Text	 	Quân Tử Sĩ Huyền Bí
Items/ArcaneMonkPantsArmorDesc	Text	 	Vừa chắc chắn vừa nhẹ, bộ quân này không cản trở khi bắn niêm phép.
Items/ArcaneStaff	Text	 	Gậy Huyền Bí
Items/ArcaneStaffDesc	Text	 	Giải phóng đồng thác năng lượng huyền bí.
Items/ArcheologyHelm	Text	 	Mụ Nhà Thám Hiểm
Items/ArcheologyHelmDesc	Text	 	Chiếc mũ sinh ra để đi phiêu lưu. Không bao giờ rơi ra, kể cả khi có tầng đá khổng lồ đuổi theo sau.
Items/ArcheologyPants	Text	 	Quân Nhà Thám Hiểm
Items/ArcheologyPantsDesc	Text	 	Một chiếc quần tốt được làm để đi quãng đường dài và lên qua những cái bẫy cổ xưa.
Items/ArcheologyShirt	Text	 	Ao Khoác Nhà Thám Hiểm
Items/ArcheologyShirtDesc	Text	 	Một chiếc áo khoác đã gần như quả âm để mặc khi phiêu lưu, nhưng trong ngẫu lãm!
Items/AssassinBreastArmor	Text	 	Ao Choang Sát Thủ
Items/AssassinBreastArmorDesc	Text	 	Mảnh vải nhiều lớp này được dệt chặt để giữ cơ thể mát mẻ và bảo vệ khỏi cát thô ráp.
Items/AssassinHelm	Text	 	Mụ Trùm Sát Thủ
Items/AssassinHelmDesc	Text	 	Một chiếc mũ trùm bí ẩn dành cho những cư dân sa mạc thực thụ, giữ cho khuôn mặt luôn trong bóng râm.
Items/AstralJelly	Text	 	Sửa Tình Tự
Items/AstralJellyDesc	Text	 	Loại sữa cực kỳ hiếm. Nó gần như mang cảm giác đến từ thế giới khác.
Items/AtlantianWormChest	Text	 	Rương Giun Atlantean
Items/AtlantianWormChestDesc	Text	 	Một chiếc rương lớn giống con khổng lồ trườn bò ở The Sunken Sea. Từng là một phần của con quái vật này nên nó có thể nói trên mặt nước.
Items/AtlantianWormHeart	Text	 	Tim Giun Atlantean
Items/AtlantianWormHeartDesc	Text	 	Đây chỉ là một trong hàng trăm trái tim của Atlantean Worm, thứ đem lại cho nó sức mạnh để quãng tâm thần khổng lồ xuyên qua nước. Vì thế nó tràn đầy sinh lực mà giờ đây bạn có thể coi là của mình.
Items/AtlantianWormHelm	Text	 	Mụ Atlantean Worm
Items/AtlantianWormHelmDesc	Text	 	Một chiếc mũ trong dù tôn giống cái đầu của Atlantean Worm. Nó hình thành thế nào vẫn là điều bí ẩn.
Items/AtlantianWormNecklace	Text	 	Dây Chuyền Atlantean Worm
Items/AtlantianWormNecklaceDesc	Text	 	Chiếc dây chuyền hữu cơ này trông như một phiên bản thu nhỏ của Atlantean Worm. Có lẽ đây là con non rồi sẽ lớn lên to bằng nguồn gốc của nó.
Items/AtlantianWormRing	Text	 	Nhân Atlantean Worm
Items/AtlantianWormRingDesc	Text	 	Một chiếc nhẫn hữu cơ trông giống một trong các đốt của Atlantean Worm. Hắn nó đã mọc lên bên trong cơ thể con vật như một dị thường.
Items/AtlantianWormSword	Text	 	Kiếm Atlantean Worm
Items/AtlantianWormSwordDesc	Text	 	Một chiếc hàm sắc như đao cao bị bứt ra của Atlantean Worm, kẻ tạo nên biến sau.
Items/AtlantianWormTrophy	Text	 	Tướng Atlantean Worm
Items/AtlantianWormTrophyDesc	Text	 	Bản mô phỏng sống động của Atlantean Worm.
Items/AutomationTable	Text	 	Bản Tứ Đồng Hoa
Items/AutomationTableDesc	Text	 	Bản chế tạo để tạo ra các cỗ máy phức tạp.
Items/AzeosBeakNecklace	Text	 	Dây Chuyền Mỏ Azeos
Items/AzeosBeakNecklaceDesc	Text	 	Được rèn từ một mảnh mở của titan bầu trời.
Items/AzeosFeatherFan	Text	 	Quạt lông vũ Azeos
Items/AzeosFeatherFanDesc	Text	 	Một chiếc quạt tuyệt đẹp được tạo ra để vinh danh Azeos, dường như có thể tạo ra gió mà không cần quạt. Một món quà xứng đáng với một nữ hoàng.
Items/AzeosSwiftFeather	Text	 	Long Lượt Azeos
Items/AzeosSwiftFeatherDesc	Text	 	Một chiếc lông mỏng vuốt nhiều màu sắc của Azeos, Titan Bầu Trời. Khi cầm nó bắn có thể lướt đi với tốc độ cao.
Items/AzeosTrophy	Text	 	Tướng Azeos
Items/AzeosTrophyDesc	Text	 	Bản mô phỏng sống động của Azeos, Titan Bầu Trời.
Items/AzureFeatherFish	Text	 	Cá lông vũ xanh
Items/AzureFeatherFishDesc	Text	 	Một loại cá xanh tuyệt đẹp với vây trông như lông vũ.
Items/BagOfMarbles	Text	 	Tui Bị
Items/BagOfMarblesDesc	Text	 	Một chiếc túi nhỏ dùng nhiều viên bi đủ màu làm từ thủy tinh và đá quý rẻ tiền. Có lẽ chúng đã được dùng cho trò chơi của trẻ con.
Items/BaitFishBitesFaster	Text	 	Mỗi Cây
Items/BaitFishBitesFasterAndIncreasedChanceToGetFish	Text	 	Mỗi Xanh Lá
Items/BaitFishBitesFasterAndIncreasedChanceToGetFishDesc	Text	 	Một loại môi nhọn có thể bám vào cá từ bên ngoài để bắt được nhiều hơn và nhanh hơn.
Items/BaitFishBitesFasterAndStartsCloserToBeReeledIn	Text	 	Mỗi Độ
Items/BaitFishBitesFasterAndStartsCloserToBeReeledInDesc	Text	 	Mot loai moi ngo nguay trong nhu con giun do, đủ lớn để đôi khi cho phép bắt được hơn một con cá.
Items/BaitFishBitesFasterDesc	Text	 	Một loài mới được tẩm ướp đạm đã giúp thu hút cá nhanh hơn.
Items/BaitFishStartsCloserToBeReeledIn	Text	 	Mỗi Đình
Items/BaitFishStartsCloserToBeReeledInDesc	Text	 	Một loại mồi nhấp nháy có thể dính vào cá, nhưng những con cá vẫn chưa cắn câu.
Items/BaitIncreaseChanceOfHigherRarityFish	Text	 	Mỗi Tim
Items/BaitIncreaseChanceOfHigherRarityFishDesc	Text	 	Một loài mới lấp lánh thu hút ánh nhìn của những con cá hiếm hơn.
Items/BaitIncreasedChanceToGetFish	Text	 	Môi Ngọt
Items/BaitIncreasedChanceToGetFishDesc	Text	 	Một loại môi ngọt làm tăng cơ hội bắt được cả thay vì chiên lợi phẩm.
Items/BaitIncreasedChanceToGetFishLoot	Text	 	Mới Phật Sáng
Items/BaitIncreasedChanceToGetFishLootDesc	Text	 	Một loại mới rực sáng làm tăng cơ hội kéo lên chiến lợi phẩm.
Items/BaitOctopusBoss	Text	 	Mới Nhữ Cao Cáp
Items/BaitOctopusBossDesc	Text	 	Mỗi nhũ này gồm nhiều thành phần ăn được và mang phép thuật, thu hút mẻ cau lớn ẩn nấp dưới vùng nước sâu. Bị tiêu hao khi dùng thành công.
Items/BaitOnAPole	Text	 	Cột Mới
Items/BaitOnAPoleDesc	Text	 	Đúng nghĩa đen là một cột pha lê với mỗi gần trên đỉnh. Đặt nó xuống vùng nước của The Sunken Sea sẽ khiến nơi kinh hoàng thực sự dưới đáy sâu nhận ra sự hiện diện của bạn nếu đủ gần.
Items/BalloonSpore	Text	 	Báo Tử Bong Bóng
Items/BalloonSporeDesc	Text	 	Một bào tử khổng lồ bong xốp. Không độc nhưng cũng chẳng may hữu dụng.
Items/BandanaHelm	Text	 [new]	Bandana
Items/BandanaHelmDesc	Text	 [new]	Một chiếc bandana thoáng mát. Có thể nhuộm màu để hợp gu.
Items/Banner	Text	 [new]	Cờ hiệu
Items/BannerDesc	Text	 [new]	Một là cờ hiệu nhỏ dùng để trang trí căn cứ của bạn.
Items/BasicStaff	Text	 	Gây Đơn Giản
Items/BasicStaffDesc	Text	 	Thường được các pháp sư tập sự sử dụng.
Items/BattleAxe	Text	 	Rìu Chiến
Items/BattleAxeDesc	Text	 	Một vũ khí đáng sợ, vùng rộng và đánh mạnh.
Items/Bed	Text	 	Giường
Items/BedDesc	Text	 	Một nơi để ngủ. Cũng cho phép cư dân thân thiện dọn đến ở nếu được đặt trong căn phòng hộ ưng ý.
Items/BentFork	Text	 	Nia Công
Items/BentForkDesc	Text	 	Một chiếc nia đơn giản đã dùng quá nhiều.
Items/BigFloorTileCaveling	Text	 	Gạch đá 'Caveling'
Items/BigFloorTileCavelingDesc	Text	 	Một viên gạch đá khổng lồ trang trí bằng thủy tinh xanh thẳm. Nó khắc họa một cuộc tụ họp của các Caveling.
Items/BigFloorTileGemstone	Text	 	Gạch đá 'Đá Quý'
Items/BigFloorTileGemstoneDesc	Text	 	Một viên gạch đá khổng lồ trang trí bằng thủy tinh xanh thẳm. Nó khắc họa một viên đá quý phát sáng.
Items/BigFloorTileScholar	Text	 	Gạch đá 'Học Giả'
Items/BigFloorTileScholarDesc	Text	 	Một viên gạch đá khổng lồ trang trí bằng thủy tinh xanh thẳm. Nó khắc họa một Caveling khoác áo choàng.
Items/BigGrenade	Text	 [new]	Grenade lớn
Items/BigGrenadeDesc	Text	 [new]	Một quả grenade lớn. Phát nổ rộng và gây sát thương búa vững lớn.
Items/BigIndustrialTable	Text	 [new]	Ban công nghiệp lớn
Items/BigIndustrialTableDesc	Text	 [new]	Bán công nghiệp có kích thước lớn dùng để chế tạo nhiều vật phẩm.
Items/BigJungleTree	Text	 	Cây Thiên Đường
Items/BigJungleTreeDesc	Text	 	Một cây rừng nhiệt đới khổng lồ dường như mọc lên từ chính tinh túy của sự sống. Một món trang trí không thể thiếu.
Items/BigLarva	Text	 	Âu Trung Lớn
Items/BigLarvaTrophy	Text	 	Tương Âu Trung Lớn
Items/BigLarvaTrophyDesc	Text	 	Một mô hình sống động như thật của Âu Trung Lớn.
Items/BigLarvaVampireTrophy	Text	 	Tượng Dracularva Lớn
Items/BigLarvaVampireTrophyDesc	Text	 	Một mô hình sống động như thật của Big Dracularva.
Items/BikiniBreastArmorBlue	Text	 	Áo Bikini Xanh Dương
Items/BikiniBreastArmorBlueDesc	Text	 	Một mảnh đỏ bởi xanh dương giữ mọi thứ dùng cho. Ai cũng biết bộ giáp họ hạng nhất là bộ giáp che chở tốt nhất.
Items/BikiniBreastArmorGreen	Text	 	Áo Bikini Xanh La
Items/BikiniBreastArmorGreenDesc	Text	 	Một mảnh đỏ bôi xanh lá giữ mọi thứ dùng cho. Ai cũng biết bộ giáp họ hạng nhất là bộ giáp che chở tốt nhất.
Items/BikiniBreastArmorRed	Text	 	Áo Bikini Đỏ
Items/BikiniBreastArmorRedDesc	Text	 	Một mảnh đỏ bởi đó giữ mọi thứ dùng cho. Ai cũng biết bộ giáp họ hạng nhất là bộ giáp che chở tốt nhất.
Items/BikiniPantsArmorBlue	Text	 	Quận Bikini Xanh Dương
Items/BikiniPantsArmorBlueDesc	Text	 	Một mảnh đồ lót xanh dương rất hợp với phần áo. Vứt bỏ quần áo thừa thãi và từ đó chạy nhảy đuôi nàng!
Items/BikiniPantsArmorGreen	Text	 	Quận Bikini Xanh La
Items/BikiniPantsArmorGreenDesc	Text	 	Một mảnh đồ lót xanh lá rất hợp với phần áo. Vứt bỏ quần áo thừa thãi và từ đó chạy nhảy đuôi nàng!
Items/BikiniPantsArmorRed	Text	 	Quận Bikini Đỏ
Items/BikiniPantsArmorRedDesc	Text	 	Một mảnh đồ lót đồ rất hợp với phần áo. Vứt bỏ quần áo thừa thãi và từ đó chạy nhảy đuôi nàng!
Items/BindingString	Text	 	Soi Chi Đình Mệnh
Items/BindingStringDesc	Text	 	Một sợi chỉ bị ăn dệt từ những sợi tơ manh. Có thể dùng để buộc một bộ thẻ bài lại với nhau.
Items/BirdBossScanner	Text	 	Mây Quet Azeos, Titan Bầu Trời
Items/BirdBossScannerDesc	Text	 	Quét thế giới để tìm Azeos, Titan Bầu Trời. Bị tiêu hao khi quét thành công.
Items/BlackBubblePearl	Text	 	Ngọc Bồng Bồng Đen
Items/BlackBubblePearlDesc	Text	 	Một biến thể màu đen của ngọc bong bóng. Ở vài góc nhìn nó trông như vàng.
Items/BlackDesertDiamond	Text	 	Kim Cương Sa Mạc Đen
Items/BlackDesertDiamondDesc	Text	 	Biến thể màu đen của kim cương sa mạc được các thổ đảo săn lùng ráo riết. Nó dường như đảo ngược ánh sáng phản chiếu và hắt lại thành bóng tối.
Items/BlackNecklace	Text	 	Dây Chuyền Đen
Items/BlackNecklaceDesc	Text	 	Một dây chuyền làm từ kim loại đến tuyến, để lại những vết nhem nhược trên cơ bản.
Items/BlackRing	Text	 	Nhân Đến
Items/BlackRingDesc	Text	 	Một chiếc nhẫn làm từ kim loại đến tuyến, sấm đi bởi sức nóng dữ dội luôn hiện hữu.
Items/BlackSteelUrchin	Text	 	Nhím Biển Thép Đen
Items/BlackSteelUrchinDesc	Text	 	Một sinh vật biển hiếm có với những chiếc gai cứng như thép.
Items/BlastBreastArmor	Text	 [new]	Giáp ngực Nỏ
Items/BlastBreastArmorDesc	Text	 [new]	Giáp ngực được chế tạo đặc biệt để giám sát thương từ các vụ nổ.
Items/BlastHelm	Text	 [new]	Mù Nỏ
Items/BlastHelmDesc	Text	 [new]	Chiếc mũ bảo vệ đầu bắn khỏi các vụ nổ ở gần.
Items/BlastPantsArmor	Text	 [new]	Quân Nô
Items/BlastPantsArmorDesc	Text	 [new]	Chiếc quần này làm giám sát thương nhân các vụ nổ.
Items/BlastingDung	Text	 [new]	Phần Nợ
Items/BlastingDungDesc	Text	 [new]	Một loại phân có đặc tính nói mạnh. Nghề buôn cuối những hiệu quả phi thường.
Items/BloatOat	Text	 	Yên Mạch Cảng Bùng
Items/BloatOatDesc	Text	 	Một năm ngũ cốc bổ dưỡng giúp nó bụng và tiếp thêm năng lượng.
Items/BloatOatRare	Text	 	Yên Mạch Cảng Bừng Vàng
Items/BloatOatRareDesc	Text	 	Một biến thể rất hiếm của yến mạch căng bụng thông thường.
Items/BloatOatSeed	Text	 	Hạt Giồng Yên Mạch Càng Bừng
Items/BloatOatSeedDesc	Text	 	Mốc thành cây trồng nở bung khi gieo xuống.
Items/BlobRosaryNecklace	Text	 	Dây Chuyền Trắng Hạt Slime
Items/BlobRosaryNecklaceDesc	Text	 	Dây chuyền nhầy nhụa được truyền năng lượng với mục đích chưa rõ.
Items/BloodSkull	Text	 	Sọ Máu
Items/BloodSkullDesc	Text	 	Phần xác do thám còn lại của một kẻ gặp số phận bi thảm.
Items/Blowpipe	Text	 	Ông Thời
Items/BlowpipeDesc	Text	 	Một vũ khí đơn giản nạp những phi tiêu tẩm độc.
Items/BlueCaveGuppy	Text	 	Cả Bảy Màu Hàng Xanh
Items/BlueCaveGuppyDesc	Text	 	Loài cá nhỏ, màu xanh sống ở các hồ trong hang đất.
Items/BlueFireFly	Text	 	Bộ Phát Sáng Xanh
Items/BlueFireFlyDesc	Text	 	Loài bọ biết bay này luôn xuất hiện thành đàn trống như những đốm sáng nhảy múa. Ánh sáng xanh của nó tùy thuộc vào từng vùng sinh thái.
Items/BlueGlassKalimba	Text	 	Dân Kalimba Thủy Tinh Xanh
Items/BlueGlassKalimbaDesc	Text	 	Một nhạc cụ mong manh với nhiều vết nứt khắp bề mặt, khiến nó không thể dùng được. Có chu kỳ khác trên thủy tinh ghi 'Woopsiee'.
Items/BlueGlassShard	Text	 	Mạnh Thủy Tinh Xanh
Items/BlueGlassShardDesc	Text	 	Một mảnh thủy tinh xanh thẫm, trông như sự hợp nhất của cát nóng chảy và đá quý cổ xưa.
Items/BlueKelp	Text	 	Tạo Bệ Xanh
Items/BlueKelpDesc	Text	 	Một cục thực vật biển màu xanh.
Items/BlueSlimeTrophy	Text	 	Tướng Slime Xanh
Items/BlueSlimeTrophyDesc	Text	 	Mô hình sống động của một con Slime Xanh trơn nhớt.
Items/BlunderBomb	Text	 [new]	Bom Blunder
Items/BlunderBombDesc	Text	 [new]	Loại bom có thể ném xa và phát nổ sau một thời gian ngắn.
Items/Boat	Text	 	Thuyền
Items/BoatDesc	Text	 	Cho phép đi lại trên mặt nước.
Items/BoatWorkbench	Text	 	Bản Chế Tạo Thuyền
Items/BoatWorkbenchDesc	Text	 	Bạn làm việc rồng này cho phép đóng nhiều loại thuyền khác nhau. Ra khơi nào!
Items/Bomb	Text	 	Bom
Items/BombDesc	Text	 	Một loại thuốc nổ mạnh hơn để khống chế đám đông và đối đầu với kẻ thù khổng lồ.
Items/BombNecklace	Text	 [new]	Dây chuyền Bom
Items/BombNecklaceDesc	Text	 [new]	Dây chuyền được trang trí bằng các quả bom nhỏ. Tăng sát thương cho vũ khí nổ.
Items/BombPepper	Text	 	Ớt Bom
Items/BombPepperDesc	Text	 	Một loại rau cây nóng để tăng vị cho món ăn.
Items/BombPepperRare	Text	 	Ớt Bom Vàng
Items/BombPepperRareDesc	Text	 	Một biến thể cực hiếm của ớt bom thông thường.
Items/BombPepperSeed	Text	 	Hạt Giống Ớt Bom
Items/BombPepperSeedDesc	Text	 	Khi trồng sẽ mọc thành một loại rau cây.
Items/BombRing	Text	 	Nhân Bom
Items/BombRingDesc	Text	 	Một chiếc nhẫn gần tượng bom nhỏ. Sử dụng thuốc nổ khi đeo nó sẽ tạo ra vụ nổ mạnh hơn nữa.
Items/BombScarab	Text	 	Bộ Hùng Bom
Items/BombScarabTrophy	Text	 	Tướng Bo Hùng Bom
Items/BombScarabTrophyDesc	Text	 	Mô hình sông đóng của một con Bò Hùng Bom.
Items/BoneCreole	Text	 	Trang Sức Xương
Items/BoneCreoleDesc	Text	 	Một món trang sức thô sơ được khắc từ xương.
Items/BoneNecklace	Text	 	Dây Chuyền Xương
Items/BoneNecklaceDesc	Text	 	Một món trang sức nguyên thủy làm từ những mẫu xương nhỏ. Người cổ đại cũng từng làm chứng vì nhiều lý do khác nhau.
Items/BoneRing	Text	 	Nhan Xương
Items/BoneRingDesc	Text	 	Một chiếc nhẫn thô sơ thời tiền sử làm từ xương. Những chiếc nhẫn như thế này đã được tìm thấy trong các ngôi mộ người cổ đại.
Items/BossChest	Text	 	Rương Titan
Items/BossChestDesc	Text	 	Một chiếc rương lớn, cổ xưa nằm đá quý.
Items/BottomTracer	Text	 	Cả Độ Đáy
Items/BottomTracerDesc	Text	 	Một loại cá vàng rực với đôi râu dài kéo lê dưới đáy biển để tìm kiếm thức ăn.
Items/BoundaryRing	Text	 	Nhân Ranh Giới
Items/BoundaryRingDesc	Text	 	Một chiếc nhẫn đơn giản tạo ra tầm màn phép thuật.
Items/BoxOfChocolates	Text	 	Hợp Sở Cờ La
Items/BoxOfChocolatesDesc	Text	 	Những viên sò có lá này dùng trong hộp quả xinh xắn, tan chảy cả trong miệng lẫn trong tim.
Items/BrightLavaEater	Text	 	Cả An Dung Nhâm Sáng
Items/BrightLavaEaterDesc	Text	 	Một loại cá sáng rực với chiếc bụng rực lửa, dường như chỉ ăn da lông và những viên đá quý mặc kết bên trong.
Items/BrokenCoreIdol	Text	 	Tượng Lõi vỡ
Items/BrokenCoreIdolDesc	Text	 	Một vật trong quên mất.
Items/BrokenCoreSentry1	Text	 	Lính Gác Lợi Hồng
Items/BrokenCoreSentry2	Text	 	Lính Gác Lợi Hư Hải
Items/BrokenGourd	Text	 	Bầu Dung Võ
Items/BrokenGourdDesc	Text	 	Một bình chứa làm từ đất sét đã vỡ. Nó từng được dùng để mang khẩu phần nước băng qua sa mạc.
Items/BrokenGrave	Text	 	Mộ Hư Hải
Items/BrokenGraveDesc	Text	 	Một ngôi mộ vô một phần, hoặc đã sống sót qua dòng chảy thời gian hoặc qua một lần ai đó vội vã đào tìm kho báu.
Items/BrokenLegendarySword	Text	 	Chuối Kiếm Võ
Items/BrokenLegendarySwordDesc	Text	 	Một mảnh của vũ khí cổ xưa. Dù chỉ là phần chuôi, nó đã có cảm giác cân bằng dây bí ẩn trong tay bắn.
Items/BrokenStonePillar	Text	 	Trư Dã Võ
Items/BrokenStonePillarDesc	Text	 	Trụ trang trí không vững, có lẽ đã hàng nghìn năm tuổi.
Items/BrokenToyShip	Text	 	Tàu Đỗ Choi Vo
Items/BrokenToyShipDesc	Text	 	Một chiếc tàu gỗ bị rơ nước và mất cánh buồm.
Items/BronzeBreastArmor	Text	 	Giáp Ngực Đổng Thiếc
Items/BronzeBreastArmorDesc	Text	 	Một bộ giáp tốt giúp sống sót qua các trận chiến dễ dàng hơn.
Items/BronzeHelm	Text	 	Mũ Đông Điều
Items/BronzeHelmDesc	Text	 	Chiếc mũ này đỡ được những cú đánh nhẹ vào đầu.
Items/BronzePantsArmor	Text	 	Quận Đồng Điều
Items/BronzePantsArmorDesc	Text	 	Chứt đóng cho phần ống chân.
Items/BrownDuneTail	Text	 	Cá Đuôi Cồn Nâu
Items/BrownDuneTailDesc	Text	 	Loài cá nấu nhanh nhẹn này có thể di chuyển giữa các vùng nước trong sa mạc để đối nội kiếm ăn.
Items/BubbleGun	Text	 	Súng Bong Bóng
Items/BubbleGunDesc	Text	 	Vũ khí đánh xa kỳ lạ bắn ra những bong bóng lơ lửng, khiến mục tiêu trượt chân khi chạm vào.
Items/BubblePearl	Text	 	Ngọc Bông Bông
Items/BubblePearlDesc	Text	 	Một viên ngọc đẹp, ông ánh sắc cầu vồng. Bên trong có vẻ rồng.
Items/BubblePearlNecklace	Text	 	Dây Chuyền Ngọc Bông Bông
Items/BubblePearlNecklaceDesc	Text	 	Trang sức mộc tự nhiên làm từ những viên ngọc bong bóng hiếm.
Items/Bucket	Text	 	Xô
Items/BucketDesc	Text	 	Một cái xô. Giải pháp khéo léo để vận chuyển nước.
Items/BugNet	Text	 	Vớt Bát Côn Trùng
Items/BugNetDesc	Text	 	Công cụ tiện lợi này cho phép bắn bắt những sinh vật bé nhỏ thay vì vô tình giảm phải chúng.
Items/BurnResistancePotion	Text	 [new]	Thuốc chống cháy
Items/BurnResistancePotionDesc	Text	 [new]	Giúp tăng khả năng chịu đựng Lửa cháy trong một khoảng thời gian.
Items/Burnzooka	Text	 	Burnzooka
Items/BurnzookaDesc	Text	 	Vũ khí rực lửa này được chế theo mẫu Grubzooka nhưng được tăng cường lớp giáp đã nham thạch để kiềm chế sức mạnh. Có thể thổi bay tượng đá và bất cứ thứ gì yếu hơn.
Items/Bush	Text	 	Bụi Cây
Items/BushDesc	Text	 	Một khóm có tháp dùng để trang trí.
Items/BustedRobotArm	Text	 [new]	Cánh tay robot hông
Items/BustedRobotArmDesc	Text	 [new]	Cánh tay của một con robot da hồng. Vẫn có thể dùng làm vật liệu.
Items/ButterflyBase	Text	 	Cảnh Đỗ Thám
Items/ButterflyBaseDesc	Text	 	Một con bướm nhỏ với đôi cánh đỏ thẫm, luôn tìm đến bầu bạn cùng các sinh vật khác.
Items/ButterflyCitrus	Text	 	Bướm cam chanh
Items/ButterflyCitrusDesc	Text	 	Một con bướm bay chập chờn thất thường với màu sắc rực rỡ chói mắt.
Items/ButterflyDreamy	Text	 	Sử Gia Mông
Items/ButterflyDreamyDesc	Text	 	Được cho là kẻ mang đến những giấc mơ đẹp, con bướm này luôn xuất hiện giữa những sinh vật đang ngủ.
Items/ButterflyIcy	Text	 	Bướm băng
Items/ButterflyIcyDesc	Text	 	Con bướm xanh này vỗ cánh nhanh đến mức tạo ra những luồng khí lạnh.
Items/ButterflySunset	Text	 	Tiên Hoàng Hôn
Items/ButterflySunsetDesc	Text	 	Một con bướm nhỏ với đôi cánh rất mỏng manh. Bắt được nó mà không làm hỏng cánh đòi hỏi sự cẩn trọng rất lớn.
Items/CalcifiedBone	Text	 	Vợ Voi Hoa
Items/CalcifiedBoneDesc	Text	 	Vật liệu tổng hợp từ canxit và vô số hóa thạch.
Items/Calendar	Text	 	Lịch Theo Mùa
Items/CalendarDesc	Text	 	Một cuốn lịch hữu ích thu hút một thương nhân mờ ám khi đặt trong căn phòng có thể ở được. Tùy theo mùa, hắn sẽ khoác lên những bộ trang phục khác nhau và bày bán các món đồ mới.
Items/Camel	Text	 [new]	Lạc đà
Items/CamelBaby	Text	 [new]	Lạc đà con
Items/CamelBabyDesc	Text	 [new]	Lạc đà con dễ thương. Sẽ lớn lớn thanh lắc đã trưởng thành.
Items/CamelDesc	Text	 [new]	Động vật nuôi được. Có thể cho sữa, len và có thể cười.
Items/Campfire	Text	 	Lúa Trai
Items/CampfireDesc	Text	 	Tuyệt vời để quây quần bên nhau, kể chuyện và nương kéo đèo đến chạy giòn.
Items/Candle	Text	 	Nên
Items/CandleDesc	Text	 	Cây nến trang trí đơn giản này có thể đặt ở bất cứ đâu để tạo bầu không khí ấm cúng.
Items/CandleStack	Text	 	Cụm Nền
Items/CandleStackDesc	Text	 	Một bộ nền cho nhu cầu trang trí của bạn hoặc tao bầu không khí phù hợp khi triệu hồi các thực thể tà ác.
Items/CandleStick	Text	 [new]	Chân nền
Items/CandleStickDesc	Text	 [new]	Chân nền trang trí có thể thắp sáng khi đứng đèn.
Items/CarapaceBreastArmor	Text	 	Giáp Ngực Mai Cung
Items/CarapaceBreastArmorDesc	Text	 	Một bộ giáp hữu cơ trông giống vỏ của Ghorm, nó nặng và cảm giác kỳ lạ ở mặt trong.
Items/CarapaceHelm	Text	 	Mụ Mai Cung
Items/CarapaceHelmDesc	Text	 	Một chiếc mũ ốp váy kitin, đội nơ vào khiến bạn đang lên khao khát đào đường xuyên qua bóng tối.
Items/Carpenter	Text	 	Bàn Thổ Mộc
Items/CarpenterDesc	Text	 	Bản chế tạo dùng để làm đồ nội thất trang trí.
Items/Carrock	Text	 	Cả Rớt Đá
Items/CarrockDesc	Text	 	Loại rau cũng như đã giúp bạn rán rồi hơn.
Items/CarrockRare	Text	 	Cà Rọt Đá Vàng
Items/CarrockRareDesc	Text	 	Một biến thể rất hiếm của cà rốt đã thông thường.
Items/CarrockSeed	Text	 	Hát Ca Rớt Đá
Items/CarrockSeedDesc	Text	 	Một loại hạt giống cung cấp chỉ mọc trong đá.
Items/CartographyTable	Text	 	Bàn Về Bản Đồ
Items/CartographyTableDesc	Text	 	Một chiếc bàn để chia sẻ những khám phá bản đồ của bạn với các nhà thám hiểm khác.
Items/CatalystGemstone	Text	 	Đa Quy Xúc Tác
Items/CatalystGemstoneDesc	Text	 	Trong giống một viên Đá Quý Cổ Đại nhưng dường như đặc nghẹt năng lượng. Phải chăng nó đã được dùng để nuôi lợn The Shimmering Frontier?
Items/CattleCage	Text	 	Hợp Văn Chuyên Gia Sức
Items/CattleCageDesc	Text	 	Tiền dùng, gọn nhẹ và an toàn: chiếc hộp. Loại hộp mà gia súc sẽ thấy thoải mái khi được chở đi và giao tán của trang trại tiếp theo của bạn. Chỉ dùng được một lần.
Items/CattleFeedTray	Text	 	Khay Chợ An
Items/CattleFeedTrayDesc	Text	 	Khay tiện lợi này có thể đổ đầy ắp thức ăn cho gia súc, giúp gia súc no và vui vẻ.
Items/CattleWorkbench	Text	 	Bản Chế Tạo Chăn Nuôi
Items/CattleWorkbenchDesc	Text	 	Bản chế tạo để làm các công cụ và đồ nội thất hữu ích cho việc nuôi thú vui vẻ.
Items/CaveBag	Text	 [new]	Tui Hang
Items/CaveBagDesc	Text	 [new]	Túi đựng đồ làm từ các vật liệu khai thác trong hang. Dùng để đựng đồ và vật phẩm.
Items/CaveGuppyNecklace	Text	 	Dây Chuyền Cả Bảy Mẫu Hàng
Items/CaveGuppyNecklaceDesc	Text	 	Dây chuyền kỳ lạ làm từ con cá không bao giờ nhà lưỡi câu.
Items/CavePouch	Text	 	Tui Hang
Items/CavePouchDesc	Text	 	Mọi thợ đào dưới lòng đất đều cần một cái như thế này!
Items/Caveling	Text	 	Caveling
Items/CavelingAssassin	Text	 	Caveling Sát Thủ
Items/CavelingAssassinTrophy	Text	 	Tướng Caveling Sát Thủ
Items/CavelingAssassinTrophyDesc	Text	 	Mô hình sống động như thật của một Caveling Sát Thủ
Items/CavelingBed	Text	 	Giường Caveling
Items/CavelingBedDesc	Text	 	Trong không thoải mái lắm.
Items/CavelingBread	Text	 	Bánh Mì Caveling
Items/CavelingBreadDesc	Text	 	Bánh mì khô, cứng. Nhài như nhai phần nhưng làm nở bung.
Items/CavelingBreastArmor	Text	 	Áo Giáp Caveling
Items/CavelingBreastArmorDesc	Text	 	Làm từ đá ấu trùng, tốt cho việc di chuyển không vướng víu khi chiến đấu.
Items/CavelingBrute	Text	 	Caveling Hung Hán
Items/CavelingBruteTrophy	Text	 	Tướng Caveling Hung Hán
Items/CavelingBruteTrophyDesc	Text	 	Mô hình sống động như thật của một Caveling Hung Hán.
Items/CavelingChair	Text	 	Ghé Caveling
Items/CavelingChairDesc	Text	 	Một chiếc ghế đầu làm từ đá.
Items/CavelingCoffee	Text	 	Cà Phê Hàng
Items/CavelingCoffeeDesc	Text	 	Một loại đồ uống đậm đặc, đóng chai làm từ nguyên liệu không rõ. Sau khi uống bẩn khô mà đứng yên được.
Items/CavelingCrunch	Text	 	Bánh Giơn Hàng
Items/CavelingCrunchDesc	Text	 	Món ăn vặt ngọt, giòn trong bao gói. Chắc đã hàng nghìn năm tuổi và có lẽ vẫn ăn được thêm vài năm nữa.
Items/CavelingCup	Text	 	Cóc Caveling
Items/CavelingCupDesc	Text	 	Chiếc cốc uống nhỏ này hẳn đã chứa nhiều loại đồ uống khác nhau. Vẫn còn thoáng thoảng mùi gì đó ngọt ngào.
Items/CavelingDoll	Text	 	Búp bê Caveling
Items/CavelingDollDesc	Text	 	Một con búp bê làm thủ công tìm thấy trong một ngôi mộ. Chắc nó từng thuộc về một đứa trẻ...
Items/CavelingEffigy	Text	 	Tượng Caveling
Items/CavelingEffigyDesc	Text	 	Hình tượng nhỏ của một caveling, bên trong rỗng và hắn từng được dùng để cất giữ độ nhỏ.
Items/CavelingFarmerTrophy	Text	 	Tướng Caveling Làm Vườn
Items/CavelingFarmerTrophyDesc	Text	 	Mô hình sống động như thật của một Caveling Làm Vườn.
Items/CavelingFloorTile	Text	 	Gạch San Caveling
Items/CavelingFloorTileDark	Text	 	Gạch San Caveling Tối Mau
Items/CavelingFloorTileDarkDesc	Text	 	Phiên bản tối màu của gạch sẵn cổ xưa, trong cứ kỹ hơn nhiều.
Items/CavelingFloorTileDesc	Text	 	Một phiến đá vụn vỡ với các họa tiết đơn giản khác trên đó.
Items/CavelingGardener	Text	 	Caveling Làm Vườn
Items/CavelingHelm	Text	 	Mụ Trum Caveling
Items/CavelingHelmDesc	Text	 	Mũ trùm giáp nhẹ che kín khuôn mặt.
Items/CavelingHunter	Text	 	Caveling Thợ Săn
Items/CavelingHunterTrophy	Text	 	Tướng Caveling Thợ Săn
Items/CavelingHunterTrophyDesc	Text	 	Mô hình sống động như thật của một Caveling Thợ Săn.
Items/CavelingID	Text	 	The Caveling
Items/CavelingIDDesc	Text	 	Một tâm thế chắc chắn từng thuộc về một cư dân của đô thị bị lãng quên. Đã hàng nghìn năm tuổi nhưng bản in tuyệt hảo vẫn chưa phải.
Items/CavelingInfectedTrophy	Text	 	Tướng Caveling Nhiễm Bệnh
Items/CavelingInfectedTrophyDesc	Text	 	Mô hình sống động như thật của một Caveling Nhiễm Bệnh.
Items/CavelingMedal	Text	 	Huy Chương Caveling
Items/CavelingMedalDesc	Text	 	Huy chương đúc với hình mặt nói. Phải chăng nó từng được trao cho ai đó phi thường?
Items/CavelingMerchant	Text	 	Thương Nhân Ao Choang
Items/CavelingMothersRing	Text	 	Nhân Người Mẹ Caveling
Items/CavelingMothersRingDesc	Text	 	Một chiếc nhẫn pha lê cổ, cầm nỏ khiến bắn tràn ngập nỗi buồn không thể ta nói.
Items/CavelingMummy	Text	 	Xác Ướp Caveling
Items/CavelingMummyTrophy	Text	 	Tướng Xác Ướp Caveling
Items/CavelingMummyTrophyDesc	Text	 	Mô hình sống động như thật của một Xác Ướp Caveling.
Items/CavelingPantsArmor	Text	 	Quận Caveling
Items/CavelingPantsArmorDesc	Text	 	Chiếc quần này không che được nhiều nhưng khiến chuyển động của bạn khó lường hơn.
Items/CavelingPerfume	Text	 	Nước Hoa Caveling
Items/CavelingPerfumeDesc	Text	 	Một lọ nước hoa màu xanh. Nó được niêm phong kín nhưng tỏa ra hương thơm tuyệt diệu.
Items/CavelingPot	Text	 	Hũ Caveling
Items/CavelingPotDesc	Text	 	Một chiếc hũ làm bằng đá chứa đầy đồ đạc của caveling.
Items/CavelingProphetMask	Text	 	Mặt Nạ Nhà Tiên Tri Caveling
Items/CavelingProphetMaskDesc	Text	 	Chiếc mặt nạ tinh xảo này dường như từng được đeo bởi một nhân vật tâm linh quan trọng.
Items/CavelingSandal	Text	 	Dẹp Caveling
Items/CavelingSandalDesc	Text	 	Đôi dép đơn giản này hoàn hảo để bảo vệ khỏi cát sa mạc nóng bỏng. Tiếc là nó quá nhỏ để con người mang.
Items/CavelingScholar	Text	 	Học Giả Caveling
Items/CavelingShaman	Text	 	Pháp Sư Caveling
Items/CavelingShamanTrophy	Text	 	Tướng Pháp Sư Caveling
Items/CavelingShamanTrophyDesc	Text	 	Hình tượng sống động của một Pháp Sư Caveling.
Items/CavelingSkinTome	Text	 	Sách Đá Xanh
Items/CavelingSkinTomeDesc	Text	 	Một cuốn sách có với bia khâu màu xanh. Đó là đá a?
Items/CavelingSkirmisher	Text	 	Lính Đột Kích Caveling
Items/CavelingSkirmisherTrophy	Text	 	Tướng Lính Đột Kích Caveling
Items/CavelingSkirmisherTrophyDesc	Text	 	Hình tượng sống động của một Lính Đột Kích Caveling.
Items/CavelingSkull	Text	 	Số Caveling
Items/CavelingSkullDesc	Text	 	Tàn tích của một nền văn minh từng kiêu hãnh.
Items/CavelingSpearman	Text	 	Lính Giáo Caveling
Items/CavelingSpearmanTrophy	Text	 	Tướng Linh Giáo Caveling
Items/CavelingSpearmanTrophyDesc	Text	 	Hình tượng sống động của một Linh Giáo Caveling.
Items/CavelingTable	Text	 	Bàn Caveling
Items/CavelingTableDesc	Text	 	Một món đồ nội thất thô kệch, vuông vức. Hắn đã có nhiều bữa ăn được chia sẻ trên đó.
Items/CavelingThrone	Text	 	Ngài Caveling
Items/CavelingThroneDesc	Text	 	Chiếc ghế khác thường này là bằng chứng của một đế chế đã lụi tàn.
Items/CavelingToilet	Text	 	Bốn Cầu Caveling
Items/CavelingToiletDesc	Text	 	Giữa những lần đào hầm cũng phải có thời gian cho việc hệ trọng.
Items/CavelingTrophy	Text	 	Tướng Caveling
Items/CavelingTrophyDesc	Text	 	Hình tượng sống động của một Caveling.
Items/CeremonialFlute	Text	 	Sao Nghi Lễ
Items/CeremonialFluteDesc	Text	 	Một nhạc cụ cổ xưa, quý giá nhưng đã bị tắc.
Items/ChaosStaff	Text	 	Gậy Hòn Mang
Items/ChaosStaffDesc	Text	 	Một vũ khí khó lường, mạnh mẽ dệt nguồn năng lượng cổ xưa hỗn loạn thành dù loại đạn. Kẻ thù sẽ chẳng bao giờ biết được điều gì đáng cho chúng.
Items/CharmGrenade	Text	 [new]	Lựu đạn bùa
Items/CharmGrenadeDesc	Text	 [new]	Quả grenade nhờ hình chuông được tin là mang lại may mắn khi sử dụng đúng lúc.
Items/CharredCavelingSkull	Text	 	Số Caveling Chay Xem
Items/CharredCavelingSkullDesc	Text	 	Một chiếc sọ nhỏ chạy đến tối tận tụy. Phải tiếp xúc với nhiệt độ cực cao trong thời gian dài mới ra nông nổi này.
Items/ChemicalRation	Text	 	Khâu Phan Hòa Học
Items/ChemicalRationDesc	Text	 	Hộp này chứa một nguồn thức ăn tổng hợp kỳ lạ, dường như không an toàn cho con người sử dụng.
Items/ChewyConeCandy	Text	 	Kẹo Non Đèo
Items/ChewyConeCandyDesc	Text	 	Một viên kẹo siêu ngọt mắc kẹt vào kẽ răng bẩn. Và ở lí do luôn.
Items/ChieftainBreastArmor	Text	 	Áo Tứ Trường
Items/ChieftainBreastArmorDesc	Text	 	Làm từ một ít lên Bambuck thường hàng.
Items/ChieftainHelm	Text	 	Mụ Đôi Đầu Tử Trường
Items/ChieftainHelmDesc	Text	 	Chiếc mũ đối đầu lộng lẫy này cho thấy rõ ai là người cầm đầu.
Items/ChieftainPantsArmor	Text	 	Quận Đui Tứ Trường
Items/ChieftainPantsArmorDesc	Text	 	Quần đùi tinh xảo đính nhiều trang sức, rất hợp với một thủ lĩnh.
Items/ChineseCoin	Text	 	Đông Xu Mây Man
Items/ChineseCoinDesc	Text	 	Tuy đồng xu vàng này mang nhiều ý nghĩa tốt lành, điều quan trọng nhất là nó có thể tiêu được ở một thương nhân nhất định.
Items/ChineseFoldingScreen	Text	 [new]	Bình phong Trung Hoa
Items/ChineseFoldingScreenDesc	Text	 [new]	Bình phong gặp trang trí với họa tiết tinh tế.
Items/ChineseGuardianLion	Text	 	Tướng Thư Cảnh Giu
Items/ChineseGuardianLionDesc	Text	 	Một tướng đại uy nghi đặt trước lối vào, nhằm xua đuổi những kẻ có ý đồ xấu.
Items/ChineseKnot	Text	 	Tựa Nút Thất Huyền Bí
Items/ChineseKnotDesc	Text	 	Bên từ dấy lên, vật trang trí này tượng trưng cho may mắn, thịnh vượng và sung túc.
Items/ChineseLantern	Text	 	Đền Long Giấy
Items/ChineseLanternDesc	Text	 	Một ánh sáng ấm cũng có thể tạo bầu không khí ấm áp cho bất kỳ căn phòng nào. Nó còn có nhiều màu khác nhau.
Items/ChineseWallLantern	Text	 	Đền Long Giấy Treo Tường
Items/ChineseWallLanternDesc	Text	 	Một bộ đèn lồng nhớ rất hộp treo trên tường. Giống như những phiên bản lớn hơn, chúng cũng có nhiều màu khác nhau.
Items/ChippedPlate	Text	 	Địa Sút Me
Items/ChippedPlateDesc	Text	 	Một chiếc đĩa đa cư. Không biết món ăn gì đã từng được bày trên đồ nhị?
Items/ChristmasBruteTrophy	Text	 	Tướng Bakery Brute
Items/ChristmasBruteTrophyDesc	Text	 	Hình tượng sống động của một Bakery Brute.
Items/ChristmasCavelingTrophy	Text	 	Tướng Gingerbreadling
Items/ChristmasCavelingTrophyDesc	Text	 	Hình tượng sống động của một Gingerbreadling.
Items/ChristmasFireplace	Text	 	Lò Suối Lễ Hội
Items/ChristmasFireplaceDesc	Text	 	Lò sưởi này là vật trang trí tuyệt vời cho mỗi căn cứ khi bên ngoài trời lạnh. Tiếng lửa ti tách và mũi gồ chạy thêm phần âm cứng.
Items/ChristmasLightDecorationMix	Text	 	Đền Tướng Lê Hối
Items/ChristmasLightDecorationMixDesc	Text	 	Hỗn hợp đèn sắc màu để trang trí tượng.
Items/ChristmasLightDecorationPaintable	Text	 	Đền Tướng Lê Hội Sơn Dược
Items/ChristmasLightDecorationPaintableDesc	Text	 	Những bóng đèn nhờ sắc màu để trang trí tượng.
Items/ChristmasLuxuryPresent	Text	 	Qua Mùa Đông Sang Trọng
Items/ChristmasLuxuryPresentDesc	Text	 	Món quà vàng bí ẩn chưa rõ bên trong có gì. Xe ra và xem thứ nào!
Items/ChristmasPresent	Text	 	Qua Mùa Đông
Items/ChristmasPresentDesc	Text	 	Món quà bí ẩn chưa rõ bên trong có gì. Xe ra và xem thứ nào!
Items/ChristmasShamanTrophy	Text	 	Tướng Starwand Shaman
Items/ChristmasShamanTrophyDesc	Text	 	Mô hình sống động như thật của một Starwand Shaman.
Items/ChristmasShroomanTrophy	Text	 	Tướng Santa Shrooman
Items/ChristmasShroomanTrophyDesc	Text	 	Mô hình sống động như thật của một Santa Shrooman.
Items/ChristmasSlimeTrophy	Text	 	Tướng Snowhead Slime
Items/ChristmasSlimeTrophyDesc	Text	 	Mô hình sống động như thật của một Snowhead Slime.
Items/ChristmasSnowman	Text	 	Người Tuyết
Items/ChristmasSnowmanDesc	Text	 	Một anh bạn lạnh lẽo ra đời từ những quả cầu tuyết lớn xếp chồng lên nhau. Giữ nó bên cạnh để bớt cô đơn hơn.
Items/ChristmasSpikedSlimeTrophy	Text	 	Tướng Carrot Slime
Items/ChristmasSpikedSlimeTrophyDesc	Text	 	Mô hình sống động như thật của một Carrot Slime.
Items/ChristmasStool	Text	 	Ghẻ Đầu Lê Hối
Items/ChristmasStoolDesc	Text	 	Chiếc ghế đầu nhỏ xinh hợp với bàn ăn trang trí lộng lẫy. Khổ mà ngồi yên trên nó khi sắp đến giờ mở qua.
Items/ChristmasTable	Text	 	Ban Lễ Hội
Items/ChristmasTableDesc	Text	 	Chiếc bàn lớn này là nền tảng tuyệt vời để bay một bữa tối thịnh soạn và quây quần gia đình.
Items/ChristmasTree	Text	 	Cây Thông Mùa Đông Trang Trí
Items/ChristmasTreeDesc	Text	 	Lễ mừng mùa lạnh sẽ chẳng trọn vẹn nếu thiếu một cây như thế này. Tam điểm của mỗi bài có hay phòng khách được trang hoàng đẹp đẽ.
Items/ChristmasWallDecorationA	Text	 	Trang Trí Tường Vọng Hoa Mùa Đông
Items/ChristmasWallDecorationADesc	Text	 	Vòng hoa đơn giản này hợp với mọi bức tượng và cho khách thấy rằng lễ hội đã đến.
Items/ChristmasWallDecorationB	Text	 	Trang Trí Tường Tất Lệ Hội
Items/ChristmasWallDecorationBDesc	Text	 	Chiếc tất ấm áp để treo lên tường. Theo truyền thống, chúng được nhét đầy đồ lặt vặt và kéo.
Items/ChristmasWallDecorationC	Text	 	Trang Trí Tường Kéo Gậy
Items/ChristmasWallDecorationCDesc	Text	 	Hai cây keo gây bắt chéo, dùng để trang trí hơn là để ăn. Trèo lên tường cho thêm không khí mùa đông.
Items/ChristmasWallDecorationD	Text	 	Trang Trí Tường Nên Mùa Đông
Items/ChristmasWallDecorationDDesc	Text	 	Hai cây nến mùa đông đặt trên đĩa nền, làm để treo lên tường. Nhưng hãy cẩn thận với lửa.
Items/ChristmasWallDecorationE	Text	 	Trang Trí Tường Bồng Tuyết
Items/ChristmasWallDecorationEDesc	Text	 	Bông tuyết tinh tế sẽ trong tuyệt đẹp trên tường nhà bạn.
Items/ChristmasWorkbench	Text	 	Ban Chế Tạo Lễ Hội
Items/ChristmasWorkbenchDesc	Text	 	Bản chế tạo này hoàn hảo để tạo ra đồ trang trí lễ hội cho mùa lạnh.
Items/Chrysalis	Text	 	Kèn Nhông
Items/ChrysalisDesc	Text	 	Lop phu nen nhop nhap khien buoc qua thay la. Ấu trùng sẽ dần xâm chiếm những khu vực phủ kén nhộng theo thời gian.
Items/CicadaBurrow	Text	 [new]	Hang ve sầu
Items/CicadaBurrowDesc	Text	 [new]	Cái hang nơi những con ve sầu chui ra từ lòng đất.
Items/CicadaNatureTrophy	Text	 [new]	Chiến lợi phẩm Ve sầu thiên nhiên
Items/CicadaNatureTrophyDesc	Text	 [new]	Chiến lợi phẩm nhận được sau khi tiêu diệt Ve sầu thiên nhiên.
Items/CicadaNymph	Text	 [new]	Ấu trùng ve sầu
Items/CicadaNymphTrophy	Text	 [new]	Chiến lợi phẩm ấu trùng ve sầu
Items/CicadaNymphTrophyDesc	Text	 [new]	Chiến lợi phẩm nhận được sau khi tiêu diệt ấu trùng ve sầu.
Items/CityCavelingMoss	Text	 	Reu Do Thi
Items/CityCavelingMossDesc	Text	 	Cây cối mọc dưới nền trong đại đô thị hoang phế. Chúng cho ra những quả mọng nhỏ thu hút Caveling của khu vực tương ứng.
Items/CityDestructible	Text	 	Thung Đại Đỗ Thị
Items/CityDestructibleDesc	Text	 	Chiếc thùng quý giá này chứa các vật phẩm hữu ích từng được cư dân thành phố có sử dụng.
Items/CityPitPillar	Text	 	Cột Họ Đại Đỗ Thị
Items/CityPitPillarDesc	Text	 	Một cây cột chịu lực nâng đỡ nền móng của đại đô thị hoang phế.
Items/ClayCavelingMoss	Text	 	Rêu Đất Sét
Items/ClayCavelingMossDesc	Text	 	Cây cối mọc dưới nền trong Clay Caves. Chúng cho ra những quả mọng thơm thu hút Caveling của khu vực tương ứng.
Items/ClayPot	Text	 	Bình Đất Sét
Items/ClayPotDesc	Text	 	Chiếc bình thô sơ gần như sập vỡ. Đập vỡ nó để lấy độ bên trong.
Items/ClayWormSegment	Text	 	Clay Burrower
Items/ClayWormTrophy	Text	 	Tướng Clay Burrower
Items/ClayWormTrophyDesc	Text	 	Mô hình sống động như thật của một Clay Burrower.
Items/ClotRing	Text	 	Nhân Cục Máu
Items/ClotRingDesc	Text	 	Chiếc nhẫn đỏ màu bám chặt vào ngón tay bạn.
Items/Cocoon	Text	 	Ken
Items/CocoonTrophy	Text	 	Tướng Ken
Items/CocoonTrophyDesc	Text	 	Mô hình sống động như thật của một cái kén.
Items/ColossCicada	Text	 	Ve sầu Coloss
Items/ColossCicadaDesc	Text	 	Lớp vỏ lót bờ của một con côn trùng khổng lồ ngủ vùi dưới lòng đất hàng thế kỷ. Khi nó trồi lên để hóa thành hình dạng cuối cùng, những trận động đất dữ dội sẽ xảy ra.
Items/ColossalAmoebaTrophy	Text	 	Tướng Amip Không Lộ
Items/ColossalAmoebaTrophyDesc	Text	 	Mô hình sống động như thật của một Amip Không Lộ.
Items/ColumnMonument	Text	 [new]	Tượng đài Cột trụ
Items/ColumnMonumentDesc	Text	 [new]	Tượng đài hình cột trụ lớn để trang trí cho căn cứ của bạn.
Items/ConceiledBlade	Text	 	Lưỡi Đao Giấu Kin
Items/ConceiledBladeDesc	Text	 	Một con dao gắn vào dây đeo cổ tay, giấu giữa các lớp vải. Hoàn hảo cho một đòn lên lụt bất ngờ.
Items/ConchShellNecklace	Text	 	Dây Chuyền Vỏ Ốc Xà Cừ
Items/ConchShellNecklaceDesc	Text	 	Một dây chuyền đẹp đính một chiếc vỏ ốc nhỏ. Khi ập vào tai, bạn có thể nghe tiếng sóng xa xăm.
Items/ContributorItem0	Text	 [new]	Vật phẩm Nhà đóng góp 0
Items/ContributorItem0Desc	Text	 [new]	Vật phẩm đặc biệt được tạo ra bởi một thành viên cộng đồng.
Items/ContributorItem1	Text	 [new]	Vật phẩm Nhà đóng góp 1
Items/ContributorItem1Desc	Text	 [new]	Vật phẩm đặc biệt được tạo ra bởi một thành viên cộng đồng.
Items/ContributorItemDakonHat	Text	 [new]	Mu Dakon
Items/ContributorItemDakonHatDesc	Text	 [new]	Chiếc mũ đặc biệt được tạo ra bởi thành viên cộng đồng Đakon.
Items/ContributorItemDaresielSword	Text	 [new]	Kiếm Daresiel
Items/ContributorItemDaresielSwordDesc	Text	 [new]	Thanh kiếm đặc biệt được tạo ra bởi thành viên cộng đồng Daresiel.
Items/ContributorItemOwlunaeBook	Text	 [new]	Sách Owlunae
Items/ContributorItemOwlunaeBookDesc	Text	 [new]	Cuốn sách đặc biệt được tạo ra bởi thành viên cộng đồng Owlunae.
Items/ConveyorBelt	Text	 	Băng Chuyền
Items/ConveyorBeltDesc	Text	 	Vận chuyển tài nguyên của bạn!
Items/ConveyorBeltSplitter	Text	 [new]	Bộ chia Băng tải
Items/ConveyorBeltSplitterDesc	Text	 [new]	Thiết bị chia hàng hóa từ băng tải ra nhiều hướng khác nhau.
Items/CookHelm	Text	 	Mụ Đậu Bếp
Items/CookHelmDesc	Text	 	Dấu hiệu của mỗi đầu bếp chuyên nghiệp. Bằng chứng rằng ngay cả dưới lòng đất, hương vị vẫn có thể được ưu tiên hơn dinh dưỡng.
Items/CookPants	Text	 	Quận Đầu Bếp
Items/CookPantsDesc	Text	 	Có thêm tạp dề, chiếc quần này được tạo ra để chứng tỏ giá trị trong hơi nước và sức nóng của một gian bếp hang động.
Items/CookShirt	Text	 	Áo Khoác Đầu Bếp
Items/CookShirtDesc	Text	 	Chỉ là một chiếc áo khoác trắng tinh, những chiếc khăn quàng cổ đỏ khiến nó trở nên chính thức. Đến lúc vào bếp rồi!
Items/CookedCake	Text	 	Bánh Kem
Items/CookedCereal	Text	 	Ngũ Cốc
Items/CookedCheese	Text	 	Phố Mai
Items/CookedDipSnack	Text	 	Đồ An Vật Chàm
Items/CookedFillet	Text	 	Phi Lê
Items/CookedFishBalls	Text	 	Ca Viên
Items/CookedPanCurry	Text	 	Cà Ri
Items/CookedPudding	Text	 	Bánh Pudding
Items/CookedSalad	Text	 	Salad
Items/CookedSandwich	Text	 	Sandwich
Items/CookedSmoothie	Text	 	Sinh Tổ
Items/CookedSoup	Text	 	Sụp
Items/CookedSteak	Text	 	Bít Tết
Items/CookedSushi	Text	 	Sushi
Items/CookedWrap	Text	 	Cuốn
Items/CookiesAndMilk	Text	 	Bánh Quy & Sữa
Items/CookiesAndMilkDesc	Text	 	Để trao đổi với người quyết định ai hư và ai ngoan.
Items/CookingPot	Text	 	Nơi Nậu An
Items/CookingPotBreastArmor	Text	 	Thần Nơi Nậu An
Items/CookingPotBreastArmorDesc	Text	 	Chỉ những ai thực sự đam mê nấu nướng mới đậm hóa thân thành chính chiếc nồi.
Items/CookingPotDesc	Text	 	Nấu nguyên liệu giúp phát huy hết tiềm năng của chúng. Kết hợp hai thứ và xem chuyện gì xảy ra!
Items/CookingPotHelm	Text	 	Nạp Nội Nấu Ân
Items/CookingPotHelmDesc	Text	 	Một nắp kim loại bóng loáng giúp kìm nén điểm sôi của bạn.
Items/CopperAnvil	Text	 	Đề Đông
Items/CopperAnvilDesc	Text	 	Bắt đầu chế tạo giáp cho cả vẻ ngoài lẫn chiến đấu.
Items/CopperBar	Text	 	Thành Đông
Items/CopperBarDesc	Text	 	Một thanh kim loại đơn giản để rèn.
Items/CopperBreastArmor	Text	 	Giáp Ngực Đông
Items/CopperBreastArmorDesc	Text	 	Không có cổ bụng sau mũi? Cú chế tạo một cái thôi!
Items/CopperChest	Text	 	Rương đồng
Items/CopperChestDesc	Text	 	Một chiếc rương thờ làm từ đồng. Giờ nó không còn bị khóa nữa.
Items/CopperCrossNecklace	Text	 	Dây Chuyền Thanh Gia Đông
Items/CopperCrossNecklaceDesc	Text	 	Mặt đáy này giúp tăng độ tập trung, cho phép những cú đánh chính xác hơn.
Items/CopperHelm	Text	 	Mũ Đông
Items/CopperHelmDesc	Text	 	Trông giống cái xô hơn, nhưng do được những cú đánh mạnh vào đầu.
Items/CopperHoe	Text	 	Cuộc Đông
Items/CopperHoeDesc	Text	 	Một công cụ chắc chắn để chuẩn bị đất trồng trọt. Bao phủ khu vực 2x2 ở.
Items/CopperKey	Text	 	Chia Khoa Đông
Items/CopperKeyDesc	Text	 	Một chiếc chìa khóa thô đúc bằng đồng. Hắn có một ổ khóa ở đầu dò vừa với nó.
Items/CopperMiningPick	Text	 	Cuốc chim đồng
Items/CopperMiningPickDesc	Text	 	Một công cụ chắc chắn, rất hợp để phá tượng một cách dễ dàng.
Items/CopperOre	Text	 	Quảng Đông
Items/CopperOreBoulder	Text	 	Tăng Quảng Đông
Items/CopperOreDesc	Text	 	Thường thấy trong các bức tượng đặt.
Items/CopperPantsArmor	Text	 	Quận Giáp Đông
Items/CopperPantsArmorDesc	Text	 	Bảo vệ ống chân một cách dễ dàng.
Items/CopperShovel	Text	 	Xeng Đông
Items/CopperShovelDesc	Text	 	Một cây xẻng chắc chắn, đào đất rất tốt.
Items/CopperSledge	Text	 	Búa Tả Đồng
Items/CopperSledgeDesc	Text	 	Vũ khí tốt để đập tan kẻ thù và vật thể.
Items/CopperSword	Text	 	Kiếm Đông
Items/CopperSwordDesc	Text	 	Vũ khí tốt để hạ gục kẻ thù.
Items/CopperWorkbench	Text	 	Bản Chế Tạo Đông
Items/CopperWorkbenchDesc	Text	 	Một bản chế tạo đa năng giúp bạn sẵn sàng khám phá thế giới dưới lòng đất.
Items/CoralAmulet	Text	 	Bữa San Hô
Items/CoralAmuletDesc	Text	 	Dây chuyền làm từ một huy hiệu san hô xinh xắn và những viên sỏi trắng.
Items/CoralBridge	Text	 	Cầu San Hô
Items/CoralBridgeDesc	Text	 	Một cây cầu lấp lánh được chống đỡ bởi các cột san hô vươn xuống tận đáy biển.
Items/CoralDoor	Text	 [new]	Cửa Sân hồ
Items/CoralDoorDesc	Text	 [new]	Cánh cửa làm từ san hô tự nhiên. Mở ra khi bán đứng San hô cầu.
Items/CoralFence	Text	 	Hàng Rào San Hô
Items/CoralFenceDesc	Text	 	Một hàng rào nhỏ gọn gàng làm từ san hô hồng.
Items/CoralFenceGate	Text	 	Cổng Rào San Hô
Items/CoralFenceGateDesc	Text	 	Một chiếc cổng hợp với hàng rào san hô.
Items/CoralFloor	Text	 	San San Hô
Items/CoralFloorDesc	Text	 	Sân làm từ những viên gạch hữu cơ nhỏ và sợi dây biển nhiều màu sắc.
Items/CoralPlank	Text	 	Văn Gò San Hô
Items/CoralPlankDesc	Text	 	Tấm gỗ san hô dùng cho công việc mộc tỉ mỉ hơn.
Items/CoralRing	Text	 	Nhan San Hô
Items/CoralRingDesc	Text	 	Một chiếc nhẫn tinh xảo mộc tự nhiên từ san hô hồng nhiều nhánh.
Items/CoralRootSeed	Text	 	Hát Giọng Gõ San Hô
Items/CoralRootSeedDesc	Text	 	Khi trồng, nó lặn san hô ra mọi hướng. Chỉ có thể trồng trên cát bãi biển.
Items/CoralWood	Text	 	Gò San Hô
Items/CoralWoodDesc	Text	 	Một loại san hô đỏ rất tốt để chế tạo.
Items/CoreBossScanner	Text	 [new]	Máy quét Boss Loi
Items/CoreBossScannerDesc	Text	 [new]	Máy quét tinh vi giúp bạn xác định vị trí của Lời (Core).
Items/CoreBossSummoningItem	Text	 	Tướng Triệu Hồi Core Commander
Items/CoreBossSummoningItemDesc	Text	 	Tương phá lễ để đánh thức lại Core Commander. Bị tiêu hao khi đặt lên rune triệu hồi của Core Commander.
Items/CoreCommanderBreastArmor	Text	 	Áo Giáp Core Commander
Items/CoreCommanderBreastArmorDesc	Text	 	Một áo giáp thân trên dạng kinh ngạc, truyền những xung năng lượng quá có thể. Mắc nợ cảm giác gần như bị cấm đoán, chứa nhiều sức mạnh hơn có thể con người có thể chịu đựng.
Items/CoreCommanderChest	Text	 	Rương Core Commander
Items/CoreCommanderChestDesc	Text	 	Một chiếc rương dường như từng là hộp đen của một con tàu ngoài hành tinh.
Items/CoreCommanderHelm	Text	 	Mũ Core Commander
Items/CoreCommanderHelmDesc	Text	 	Phần đầu bị bỏ lại của một bộ giáp cấp cao. Khi đợi, bạn cảm nhận được một sức mạnh khổng lồ tràn qua tâm trí. Nó thì tham nhũng lời bàn không bao giờ hiểu nổi.
Items/CoreCommanderPantsArmor	Text	 	Giáp Chan Core Commander
Items/CoreCommanderPantsArmorDesc	Text	 	Dệt từ loại vải ngoài thế giới theo những hoa văn khó hiểu, mảnh giáp này vượt khỏi mọi hiểu biết về nghề thủ công trần gian.
Items/CoreCommanderTrophy	Text	 	Tượng Core Commander
Items/CoreCommanderTrophyDesc	Text	 	Mô phỏng Core Commander như thật.
Items/CoreEnhance_BoulderDemolish	Text	 [new]	Phá tảng đá
Items/CoreEnhance_BoulderDemolishDesc	Text	 [new]	Phá hủy tảng đá.
Items/CoreEnhance_HoloWorm	Text	 [new]	Sâu Holo
Items/CoreEnhance_HoloWormDesc	Text	 [new]	Triệu hồi Sâu Holo.
Items/CoreEye	Text	 	Mong Mật Lợi
Items/CoreEyeDesc	Text	 	Một viên pha lê chế tác trông như con mắt của Lời. Cái này còn thở và dang dở, như thế cô thứ gì đó làm gián đoạn quá trình.
Items/CoreLib_RootModWorkbench$$0	Text	 [new]	Bản Mod
Items/CoreLib_RootModWorkbench$$0Desc	Text	 [new]	Bản chế tạo dành cho mod. Không nên sử dụng trong trận chơi bình thường.
Items/CoreProtocol1	Text	 	Giao Thức Tất Mây
Items/CoreProtocol1Desc	Text	 	Tấm phiến xanh này về một biểu đồ về mức năng lượng tăng vọt đột ngột trước khi sụp đổ.
Items/CoreProtocol2	Text	 	Báo Cao Di Thượng
Items/CoreProtocol2Desc	Text	 	Tấm phiến xanh này vẽ một biểu đồ về sự nhiễu loạn trong các khuôn mẫu trước đó, dẫn đến những tiến trình cao cấp hơn.
Items/CoreProtocol3	Text	 	Bản Ghi Ghi Đề
Items/CoreProtocol3Desc	Text	 	Tấm phiến xanh này về một biểu đồ về một thực thể phân phối lại sức mạnh xử lý từ nhiều nguồn.
Items/CoreTrophy	Text	 	Tượng Lõi
Items/CoreTrophyDesc	Text	 	Mô phỏng Lợi như thật.
Items/CorruptWardenBreastArmor	Text	 	Áo Choang Corrupt Warden
Items/CorruptWardenBreastArmorDesc	Text	 	Một áo choàng đơn giản nhưng được phủ thêm trang sức và vải vóc tinh tế.
Items/CorruptWardenHelm	Text	 	Mặt Nạ Corrupt Warden
Items/CorruptWardenHelmDesc	Text	 	Một chiếc mặt nạ gỗ với hạt trang trí và ánh nhìn xa xăm.
Items/CorruptWardenPantsArmor	Text	 	Quận Dui Corrupt Warden
Items/CorruptWardenPantsArmorDesc	Text	 	Một chiếc quần đùi, trang trí bằng nhiều dải băng và trang sức.
Items/CorruptedAlloy	Text	 [new]	Hợp kim Hải nan
Items/CorruptedAlloyDesc	Text	 [new]	Hợp kim bị hai nan bởi năng lượng tối. Không nên giữ nó quá lâu.
Items/CosmicCheese	Text	 	Phố Mai Mặt Trăng
Items/CosmicCheeseDesc	Text	 	Một món ăn vặt thơm phức như chẳng thuộc về thế giới này. Phải chăng nó chứng minh rằng mặt trăng quả thật làm từ phô mai?
Items/CosmicForm	Text	 	Hình Hải Vũ Trụ
Items/CosmicFormDesc	Text	 	Một thực thể ký là chẳng giống bất kỳ sinh vật biển trần gian nào bạn từng thấy. Phải chẳng nó đến từ một nơi xa xôi ngoài trái đất?
Items/Cow	Text	 	Moolin
Items/CowBaby	Text	 	Bé Moolin
Items/CowBabyDesc	Text	 	Con non ngây thơ của Moolin, vừa mới học cách tự đứng trên đôi mông của mình. Nó lớn nhanh hơn bạn nghĩ đấy, nên hãy dành cho nó tất cả tình thương bạn cô.
Items/CowDesc	Text	 	Sống ở đồng cỏ, con bò tìm này sống cuộc đời tránh xa hiểm nguy, vui vẻ gặm cỏ cả ngày và cho ra loài sứa thường hàng.
Items/CrabEnemy	Text	 	Cửa Bong Bong
Items/CrabTrophy	Text	 	Tượng Của Bóng Bóng
Items/CrabTrophyDesc	Text	 	Hình tượng sống động như thật của một con của bong bóng.
Items/CrescentNecklace	Text	 	Dây Chuyền Lưỡi Liềm
Items/CrescentNecklaceDesc	Text	 	Cho người đeo tiếp cận những nguồn sức mạnh sâu thẳm hơn.
Items/CrescentRing	Text	 	Nhan Lưỡi Liềm
Items/CrescentRingDesc	Text	 	Cho phép người đeo vươn tới những nguồn trí tuệ xa hơn.
Items/CritterBeetle	Text	 	Bố Đen
Items/CritterBeetleDesc	Text	 	Con bò tí hon này xuất hiện ở nhiều nơi khác nhau. Hiện giờ nó đang tìm một mái nhà mới.
Items/CritterCatcher	Text	 [new]	Vớt Bát Sinh Vật
Items/CritterCatcherDesc	Text	 [new]	Công cụ giúp bạn bắt các sinh vật nhỏ để nuôi làm thú cưng.
Items/CritterCentipede	Text	 	Lâm Chân
Items/CritterCentipedeDesc	Text	 	Sinh vật sa mạc này có một số lượng chân không rõ. Đêm chúng sẽ tốn quá nhiều thời gian.
Items/CritterCockroach	Text	 	Bộ Gây Hải
Items/CritterCockroachDesc	Text	 	Một loại côn trùng gồm ghiec di chuyển với tốc độ kỳ lạ. Thường thấy ở những nơi có bóng tối, bụi bẩn và thức ăn.
Items/CritterCrab	Text	 	Cảng Trắng
Items/CritterCrab2	Text	 	Cảng Mặt Trời
Items/CritterCrab2Desc	Text	 	Loài giáp xác đỏ vàng này luôn giơ càng lên, khiến nó trông như đang vui vẻ.
Items/CritterCrabDesc	Text	 	Loài giáp xác xanh tím này luôn giơ càng lên, khiến nó trông như đang vui vẻ.
Items/CritterGrasshopper	Text	 	Nhảy Là
Items/CritterGrasshopperDesc	Text	 	Một anh bạn nhỏ rất nhút nhát. Chỉ một thoáng hiểm nguy mô nhất nhất cũng khiến nó nhảy đi tìm chỗ an toàn.
Items/CritterLarva	Text	Except for Englisch and German it should be translated as 'Small Larva'	Ấu trùng nhỏ
Items/CritterLarvaDesc	Text	 	Một con ấu trùng tí hon không làm hại bạn nhưng thích được thu thập và giữ trong bàn tay ấm áp.
Items/CritterLarvaVoid	Text	 [new]	Ấu trùng Void
Items/CritterLarvaVoidDesc	Text	 [new]	Ấu trùng của một sinh vật Void. Sẽ nở ra một sinh vật trưởng thành.
Items/CritterNewt	Text	 	Sa Giồng Bóng Tối
Items/CritterNewtDesc	Text	 	Một anh bạn tới tắm với đôi mắt dường như không thấy gì. Nhưng chúng nhìn thấu vào tâm hồn bạn.
Items/CritterPassageFly	Text	 	Cá Đuôi Mạnh
Items/CritterPassageFlyDesc	Text	 	Cư dân phát sáng này trôi trong không khí như một hơi thở yên bình, ngay cả ở những vùng dữ dội nhất.
Items/CritterPouch	Text	 [new]	Túi đựng sinh vật
Items/CritterPouchDesc	Text	 [new]	Túi đựng để mang theo các sinh vật nhỏ đã bắt được.
Items/CritterScorpion	Text	 	Tử Thần Nhỏ
Items/CritterScorpionDesc	Text	 	Con bọ cạp nhỏ này vô hại với con người nhưng có thể dễ dàng giết những sinh vật nhỏ hơn khi cần thức ăn.
Items/CritterShrew	Text	 [new]	Chu Chui
Items/CritterShrewDesc	Text	 [new]	Sinh vật nhỏ hiểu kỳ thích khám phá môi trường xung quanh.
Items/CritterSnootFly	Text	 	Rươi Mũi Dài
Items/CritterSnootFlyDesc	Text	 	Bảy loạn xa khắp nơi, con muỗi nhỏ này chích vào các sinh vật khác để tìm một giọt máu.
Items/CritterTinySnail	Text	 	Ốc Sen Đá Quý
Items/CritterTinySnailDesc	Text	 	Một con ốc sên nhỏ chậm rãi luôn lách qua những hiểm nguy của The Shimmering Frontier.
Items/CritterWorm	Text	 	Giun Đất
Items/CritterWormDesc	Text	 	Một con giun. Chẳng có gì đặc biệt.
Items/CrossCircuit	Text	 	Mạch Chèo
Items/CrossCircuitDesc	Text	 	Tách riêng dây ngang và dây dọc. Hữu ích để các dây giao nhau mà không nối điện. Hướng kết nối có thể thay đổi bằng cách tương tác với mạch.
Items/CrownSquid	Text	 	Mục Vương Miện
Items/CrownSquidDesc	Text	 	Kính chào vị vua nhợt nhạt của nước!
Items/CrudeDrill	Text	 	Máy Khoan Thơ
Items/CrudeDrillDesc	Text	 	Có thể khoan rất chậm qua những vật liệu cứng hơn như tăng quang khi được cấp điện. Nhiều máy khoan cũng khoan sẽ cho kết quả tốt hơn.
Items/CrystalBigSnail	Text	 	Ốc Sen Pha Lê
Items/CrystalBone	Text	 	Xương Phá Lễ
Items/CrystalBoneDesc	Text	 	Tất cả những gì còn lại của một sinh vật xui xẻo lạc vào The Shimmering Frontier.
Items/CrystalBreastArmor	Text	 	Áo Giáp Solarite
Items/CrystalBreastArmorDesc	Text	 	Một mảnh trang bị pha lê che chắn phần thân trên như một pháo đài. Chất liệu sáng rực gợi lại những ký ức xưa về mặt trời.
Items/CrystalCicada	Text	 	Titan thất bại
Items/CrystalCicadaDesc	Text	 	Một mẫu vật hiếm của loài ve sầu khổng lồ lẽ ra đã trở thành titan. Nhưng do pha lê làm hư hại bên trong lớp vỏ, nó đã chết khi cuối cùng chui ra.
Items/CrystalCrust	Text	 	Lớp Võ Pha Lê
Items/CrystalCrustDesc	Text	 	Một bề mặt lấp lánh thu hút các sinh vật sống trong môi trường pha lê.
Items/CrystalDestructible	Text	 	Pha Lê Mặt Trời
Items/CrystalDestructibleDesc	Text	 	Một khối pha lê mỏng manh lấp lánh như mặt trời. Bạn có thể thấy các vật phẩm nằm bên trong.
Items/CrystalHelm	Text	 	Mũ Solarite
Items/CrystalHelmDesc	Text	 	Một chiếc mũ gần như không thể phá hủy, được rèn với sự kiên nhẫn và chính xác. Khi đòi nợ, bạn thấy tràn đầy năng lượng, sống động và được bảo vệ.
Items/CrystalKelp	Text	 	Tào Bế Pha Lê
Items/CrystalKelpDesc	Text	 	Một khối thực vật biến kết tinh thành pha lê.
Items/CrystalLamp	Text	 	Đền Pha Lê
Items/CrystalLampDesc	Text	 	Cây được cao này dường như tạo ra lúa bằng cách biến đổi năng lượng của một viên đá quý cổ xưa.
Items/CrystalMerchant	Text	Nilipede can be translated as anything millipede/centipede + words relating to darkness	Thương nhân pha lê
Items/CrystalMerchantSpawnItem	Text	 	Pin Hạt Nhân
Items/CrystalMerchantSpawnItemDesc	Text	 	Một thiết bị công nghệ cực kỳ tiên tiến lưu trữ năng lượng hạt nhân. Khi đặt trong một căn phòng ở được, nó sẽ thu hút một lữ khách gần đã từ The Shimmering Frontier.
Items/CrystalMeteorShard	Text	 	Mạnh Thiện Thạch Phá Lễ
Items/CrystalMeteorShardDesc	Text	 	Mảnh này chỉ là một phần nhỏ của một viên đá quý có đai khổng lồ.
Items/CrystalMeteorShardOffhand	Text	 	Khởi Thiên Thạch Phá Lễ
Items/CrystalMeteorShardOffhandDesc	Text	 	Một viên đá quý có dải rất lớn được hợp nhất từ những mảnh nhỏ hơn. Nó phát ra một nguồn năng lượng kỳ lạ khiến bạn buồn nôn và lên cơn sốt.
Items/CrystalNecklace	Text	 	Dây Chuyền Hát Thủy Tinh
Items/CrystalNecklaceDesc	Text	 	Một chiếc dây chuyền mê hoặc khiến kẻ thù mất cảnh giác và hạ thấp phòng thủ. Tiếc là nó cũng có tác dụng tương tự với bạn.
Items/CrystalPantsArmor	Text	 	Giáp Hồng Solarite
Items/CrystalPantsArmorDesc	Text	 	Giáp hồng nàng làm từ những vật liệu kỳ diệu. Khi mắc nợ, bạn cảm thấy như được dẫn lời tới chiến thắng.
Items/CrystalRing	Text	 	Nhân Hạt Thủy Tinh
Items/CrystalRingDesc	Text	 	Một chiếc nhẫn mê hoặc khiến kẻ thù mất cảnh giác và hạ thấp phòng thủ. Tiếc là nó cũng có tác dụng tương tự với bạn.
Items/CrystalSpearhead	Text	 	Mũi Giáo Pha Lê
Items/CrystalSpearheadDesc	Text	 	Phần còn lại của một vũ khí thô sơ thời tiền sử làm từ đá quý cổ đại. Nó có thể đã giúp người xưa săn bắt hiệu quả hơn.
Items/CrystalSphere	Text	 	Cầu Pha Lê
Items/CrystalSphereDesc	Text	 	Một quả cầu nhỏ làm từ thủy tinh xanh thẳm. Công dụng của nó chưa rõ.
Items/CrystalStalagmite	Text	 	Mang Đà Pha Lê
Items/CrystalStalagmiteDesc	Text	 	Một cây cột mốc tự nhiên vươn lên từ những vực sau pha lê của The Shimmering Frontier.
Items/CrystalStar	Text	 	Ngôi Sao Pha Lê
Items/CrystalStarDesc	Text	 	Một ngôi sao thủy tinh màu vàng để trang trí căn cứ theo phong cách lễ hội. Tốt nhất dùng làm rối nó.
Items/CrystalTent	Text	 	Lều Pha Lê
Items/CrystalTentDesc	Text	 	Cho nghỉ tám bộ đã hòa pha lê của một nhà thám hiểm năm xưa. Họ chẳng còn mấy hữu dụng với nhau nữa.
Items/CrystalWater	Text	 	Nước Pha Lê
Items/CrystalWaterDesc	Text	 	Nước trong vắt như pha lê đã được lọc qua những viên đá quý cổ đại.
Items/CultistColossCicada	Text	 [new]	Ve sầu khổng lồ Tín đồ
Items/CultistColossCicadaDesc	Text	 [new]	Ve sầu khổng lồ được các tín đồ tôn thờ. Nó bảo vệ một thứ gì đó.
Items/CupidBow	Text	 	Cung Thần Tình Yêu
Items/CupidBowDesc	Text	 	Một cây cung bắn trúng ngay tìm mục tiêu và có cơ hội khiến nó say đắm cung thủ.
Items/CupidBreastArmor	Text	 	Ao Choang Than Tình Yêu
Items/CupidBreastArmorDesc	Text	 	Khi mặc chiếc áo choàng này, người ta cảm thấy như được thiên đường phải xuống để gieo rắc tình yêu.
Items/Cytoplasm	Text	 	Tế Bào Chất
Items/CytoplasmDesc	Text	 	Dịch lỏng phát sáng từ một con amip đã khô.
Items/DaggerFin	Text	 	Vậy Dao Gầm
Items/DaggerFinDesc	Text	 	Vây của loài cá này mỏng như lưỡi dao cạo.
Items/DancerBreastArmor	Text	 [new]	Giáp ngục Vũ công
Items/DancerBreastArmorDesc	Text	 [new]	Giáp ngực của một vũ công, thiết kế nhẹ nhàng và linh hoạt.
Items/DancerHelm	Text	 [new]	Mũ Vũ công
Items/DancerHelmDesc	Text	 [new]	Chiếc mũ nhẹ của vũ công giúp bạn di chuyển linh hoạt.
Items/DancerPantsArmor	Text	 [new]	Quan Vũ công
Items/DancerPantsArmorDesc	Text	 [new]	Chiếc quần thoải mái của vũ công, giúp các động tác mượt mà.
Items/DarkBlueKelp	Text	 	Tạo Bể Xanh Thắm
Items/DarkBlueKelpDesc	Text	 	Một cục thực vật biển màu xanh thẫm.
Items/DarkLavaEater	Text	 	Cả An Dung Nham Đen
Items/DarkLavaEaterDesc	Text	 	Một con cá đến với cái bụng rực lửa dường như chỉ ăn da lông và những viên đá quý mặc kết bên trong.
Items/DataSlate	Text	 	Phiên Dữ Liệu
Items/DataSlateDesc	Text	 	Một đĩa đá với những hình khắc kỳ lạ, hắn nó chứa đựng những ghi chép bí ẩn.
Items/DeadTree	Text	 [new]	Cây chết
Items/DeadTreeDesc	Text	 [new]	Cây khô hết lá. Có thể đánh bằng và dùng làm vật liệu.
Items/DecorativePot	Text	 	Châu Trang Trí
Items/DecorativePotDesc	Text	 	Trồng thêm một cây vào sẽ tạo thành một món trang trí đẹp mắt.
Items/DecorativeTorch1	Text	 	Được Trang Trí
Items/DecorativeTorch1Desc	Text	 	Một lựa chọn an toàn và đẹp mắt hơn so với được thô sơ.
Items/DeepspaceLog	Text	 	Nhật Ký Vũ Trụ Sau
Items/DeepspaceLogDesc	Text	 	Một băng thủy tinh mỏng hiện thì bản đồ những chòm sao xa lạ.
Items/Deepstalker	Text	 	Deepstalker lấp lánh
Items/DeepstalkerDesc	Text	 	Một kẻ săn mồi bốc phá lễ trườn qua làn nước phát sáng của The Shimmering Frontier, luôn rình rập điều gì đó yếu hơn.
Items/DelayCircuit	Text	 	Mạch Tre
Items/DelayCircuitDesc	Text	 	Lưu trữ dòng điện đầu vào và phát ra theo khoảng cách 1 giây.
Items/DesertBreastArmor	Text	 	Giáp Ngực Paladin
Items/DesertBreastArmorDesc	Text	 	Một tấm giáp ngực vàng có khẩu thêm vài buồng khiến bạn cảm thấy như một chiến binh lén lút của sa mạc.
Items/DesertBush	Text	 	Bụi Cây Sa Mạc
Items/DesertBushDesc	Text	 	Một bụi cây khô có thể sống hàng trăm năm mà không cần nước.
Items/DesertCavelingMoss	Text	 	Reu Thung Lũng
Items/DesertCavelingMossDesc	Text	 	Thực vật mặt đất tìm thấy ở The Desert of Beginnings. Chúng nở những bông hoa thơm thu hút Caveling của vùng tương ứng.
Items/DesertDestructible	Text	 	Bình Hoa Sa Mạc
Items/DesertDestructibleDesc	Text	 	Một cây khó chứa chiến lợi phẩm tự nhiên từ sa mạc.
Items/DesertDiamond	Text	 	Kim Cương Sa Mạc
Items/DesertDiamondDesc	Text	 	Một viên pha lê rất hiếm lấp lánh ánh sáng trăng tuyệt đẹp.
Items/DesertGemstone	Text	 	Hồng Ngọc Sa Mạc
Items/DesertGemstoneDesc	Text	 	Một viên đá quý do thám hiểm khi tìm thấy ở những vùng khó đã pha lê hóa. Tính chất đặc biệt của nó cho phép dùng để chế tạo chất lượng cao hơn.
Items/DesertGuardianBreastArmor	Text	 [new]	Giáp ngục Cảnh vệ Sa mạc
Items/DesertGuardianBreastArmorDesc	Text	 [new]	Giáp ngực của Cảnh vệ Sa mạc, cung cấp khả năng phòng thủ.
Items/DesertGuardianHelm	Text	 [new]	Mù Canh về Sa mạc
Items/DesertGuardianHelmDesc	Text	 [new]	Chiếc mũ của Cảnh vệ Sa mạc giữ mất mát khi lang thang trong sa mạc.
Items/DesertGuardianPantsArmor	Text	 [new]	Quân Cảnh vệ Sa mạc
Items/DesertGuardianPantsArmorDesc	Text	 [new]	Chiếc quần của Cảnh vệ Sa mạc được làm từ vật liệu thu được trong sa mạc.
Items/DesertHelm	Text	 	Mặt nạ Paladin
Items/DesertHelmDesc	Text	 	Một món trang bị bí ẩn với chiếc mặt nạ vàng. Có vẻ nó từng được bán cho các chiến binh cấp cao.
Items/DesertPantsArmor	Text	 	Quận Paladin
Items/DesertPantsArmorDesc	Text	 	Quân ống rồng kiểu harem dùng để chiến đấu, đi kèm một đôi giày vàng mũi nhọn.
Items/DesertRock1	Text	 	Tầng Sa Thạch
Items/DesertRock1Desc	Text	 	Một tầng sa thạch cổ vua.
Items/DesertRock2Left	Text	 	Vòm Đá Lớn Hương Trai
Items/DesertRock2LeftDesc	Text	 	Một vòm sa thạch lớn. Bạn cũng không chắc làm sao nhét nó vừa vào túi đồ.
Items/DesertRock2Right	Text	 	Vòm Đá Lớn Hương Phái
Items/DesertRock2RightDesc	Text	 	Một vòm sa thạch lớn. Bạn cũng không chắc làm sao nhét nó vừa vào túi đồ.
Items/DesertRock3Left	Text	 	Vòm Đá Không Lộ Hương Trại
Items/DesertRock3LeftDesc	Text	 	Một vòm sa thạch khổng lồ. Bạn cũng không chắc làm sao nhét nó vừa vào túi đồ.
Items/DesertRock3Right	Text	 	Vòm Đá Không Lộ Hương Phái
Items/DesertRock3RightDesc	Text	 	Một vòm sa thạch khổng lồ. Bạn cũng không chắc làm sao nhét nó vừa vào túi đồ.
Items/DesertRockSmall	Text	 	Tầng Sa Thạch Nhỏ
Items/DesertRockSmallDesc	Text	 	Một tầng sa thạch khô nhỏ.
Items/DesertTempleDestructible	Text	 	Thung Đền Thờ
Items/DesertTempleDestructibleDesc	Text	 	Một chiếc thùng cổ xưa chứa đầy vật phẩm của một nền văn minh sa mạc xa xưa.
Items/DevilWorm	Text	 	Sau Quý
Items/DevilWormDesc	Text	 	Một quái vật địa ngục sống dưới đáy biển. Dung giẫm lên nó.
Items/DistilledSlime	Text	 	Tình Yêu Chung Cát
Items/DistilledSlimeDesc	Text	 	Thức uống làm từ slime hỏng hiểm này có vị như kẹo bông và khiến tim bạn rộn ràng.
Items/DistilleryTable	Text	 	Ban Chung Cát
Items/DistilleryTableDesc	Text	 	Một bản chế tạo để làm ra các loại thuốc cao cấp hơn.
Items/DiverArmor	Text	 	Ao Choang Tào Bể
Items/DiverArmorDesc	Text	 	Một bộ giáp thân trên làm từ những sợi tạo bề dài. Giờ bạn thấy mình như một sinh vật biến thực thụ.
Items/DiverHelm	Text	 	Mù Lan
Items/DiverHelmDesc	Text	 	Khối kim loại nặng này từng dùng để khám phá vùng nước sâu. Tiếc là giờ nó bị rò rỉ. Dù vậy vẫn là một mảnh giáp tốt.
Items/DiverNecklace	Text	 	Dây Chuyền Neptune
Items/DiverNecklaceDesc	Text	 	Một món trang sức đích thực của biển cả, làm từ tảo bẹ và mặt dây chuyền hình đinh ba. Người ta lầm tưởng bạn là chúa tể biển cả trong thần thoại nên sẽ kéo đến với bạn thường xuyên hơn.
Items/DiverPantsArmor	Text	 	Chân Vịt Lân
Items/DiverPantsArmorDesc	Text	 	Đôi giày kêu kèn két làm từ chất liệu giọng cao su. Nó ẩm ướt đến khó chịu.
Items/DiverRing	Text	 	Nhan Cà Vàng
Items/DiverRingDesc	Text	 	Một chiếc nhẫn nhỏ khá hiếu động cụ có bôi tuột khỏi ngón tay bẩn. Den luc nhan ra minh chi la mot chiec nhan thi no lai quen beng mat.
Items/Dodo	Text	 	Dodo
Items/DodoBaby	Text	 	Dodo Con
Items/DodoBabyDesc	Text	 	Một chú chim con dê thường dạy quyết tâm một ngày nào đó sẽ thành chú dodo duyên dáng. Nó vật lộn với cái mô tô quá khổ của mình.
Items/DodoDesc	Text	 	Loài được cho là đã tuyệt chủng từ lâu nay vẫn sinh sôi mạnh mẽ dưới lòng đất: chữ đỏdo! Giả mà Darwin có thể thấy điều này...
Items/DoubleRing	Text	 	Nhân Đôi
Items/DoubleRingDesc	Text	 	Chiếc nhẫn này được làm để đeo cùng lúc lên hai ngón tay. Thật cách mạng.
Items/DragonMaskHelm	Text	 	Mặt Nạ Rồng
Items/DragonMaskHelmDesc	Text	 	Một chiếc mặt nạ đáng sợ những thiện chí, khơi gợi linh hồn của những con rồng thần thoại.
Items/DreamerBreastArmor	Text	 [new]	Giáp ngục Kê mô
Items/DreamerBreastArmorDesc	Text	 [new]	Giáp ngực của một kẻ mơ mộng. Sắc màu mông áo.
Items/DreamerHelm	Text	 [new]	Mũ Kê mở
Items/DreamerHelmDesc	Text	 [new]	Chiếc mũ của một kẻ mơ mộng giúp bạn nhìn xa hơn trong những giấc mơ.
Items/DreamerPantsArmor	Text	 [new]	Quân Kế mở
Items/DreamerPantsArmorDesc	Text	 [new]	Chiếc quần của một kẻ mơ mộng. Rất thoát mái.
Items/Dresser	Text	 	Từ Quần Áo
Items/DresserDesc	Text	 	Cho phép thay đổi trang bị hiển thị trên nhân vật của bạn.
Items/DriftwoodStool	Text	 	Ghẻ Đầu Gò Trời
Items/DriftwoodStoolDesc	Text	 	Một chiếc ghế đầu đơn giản làm từ vật liệu nhất ở bãi biển.
Items/DriftwoodTable	Text	 	Bàn Gò Trời
Items/DriftwoodTableDesc	Text	 	Ai đó đã làm ra nó từ những vật liệu trôi nổi trên mặt nước.
Items/Drill	Text	 	Máy Khoan
Items/DrillDesc	Text	 	Có thể chậm rãi khoan xuyên các vật liệu cứng hơn như tăng quang khi được cấp điện. Nhiều máy khoan cũng khoan sẽ cho kết quả tốt hơn.
Items/DrillMonument	Text	 [new]	Tượng đài Máy khoan
Items/DrillMonumentDesc	Text	 [new]	Tượng đài hình máy khoan lớn dùng để trang trí.
Items/DrillTool	Text	 	Khoản Cẩm Tây
Items/DrillToolDesc	Text	 	Một công cụ mạnh mẽ cắt xuyên các bức tượng yếu hơn để như cắt bỏ.
Items/DrillToolScarlet	Text	 	Khoản Cam Tây Scarlet
Items/DrillToolScarletDesc	Text	 	Một chiếc khoan cầm tay được nâng cấp, sẵn sàng phá dỡ những bức tường cung cấp hơn mà không chật vật.
Items/DryButterfly	Text	 	Bướm Kho
Items/DryButterflyDesc	Text	 	Một con côn trùng đã chết, không còn chút độ ẩm nào. Nhìn thì đẹp nhưng cần được giữ gìn cẩn thận.
Items/DynamitePack	Text	 	Bộ Thuốc Nổ
Items/DynamitePackDesc	Text	 	Bộ thuốc nổ chặt chẽ này có thể được kích nổ an toàn bằng một bộ kích hoạt từ xa.
Items/EarPlate	Text	 	Khuyến Tài Tâm
Items/EarPlateDesc	Text	 	Một chiếc khuyên tai hình vuông mạ vàng.
Items/EarlyHumanSkull	Text	 	Số Người Cổ Đại
Items/EarlyHumanSkullDesc	Text	 	Hài cốt của một con người sống cách đây khoảng 200.000 năm. Phải chăng loài người đã từng tìm thấy những hang động này?
Items/EasterAzeosTrophy	Text	 	Tướng Awakened Azeos
Items/EasterAzeosTrophyDesc	Text	 	Một bức tượng độc đáo mô phỏng sóng dòng Awakened Azeos.
Items/EasterChest	Text	 	Rương Titan vàng
Items/EasterChestDesc	Text	 	Một biến thể độc đáo của chiếc rương cổ đại lớn.
Items/EasterChickenHat	Text	 	Mù Gà
Items/EasterChickenHatDesc	Text	 	Một chiếc mũ gà trống ngõ ngắn sẽ là tâm điểm chú ý ở bữa tiệc sắp tới. Vui ơi là vui!
Items/EasterChickenPants	Text	 	Quán Gà
Items/EasterChickenPantsDesc	Text	 	Chiếc quần sặc sỡ này khiến bạn nổi da gà và hoàn thiện trọn bộ trang phục Lễ Phục sinh đầy thú vị.
Items/EasterChickenSuit	Text	 	Áo Úc Ga
Items/EasterChickenSuitDesc	Text	 	Lông ngựa ngày và thiếu thoáng khi đến đáng lo khiến bộ thân gà này là lựa chọn trang phục đầy táo bạo.
Items/EasterDaisyFloorspread	Text	 	Sân Cúc Trang
Items/EasterDaisyFloorspreadDesc	Text	 	Một năm hoa cúc trắng, dùng để rắc chút sắc xuân lên sân. Một gói đủ phủ một ổ sân 1x1.
Items/EasterEggClay	Text	 	Trung Phục Sinh Hồng
Items/EasterEggClayDesc	Text	 	Một quả trứng sưu tầm nhóp nhép có thể dùng làm tiền tệ cho một thương nhân nào đó. Hãy gom càng nhiều càng tốt, chúng có thể không tồn tại lâu đâu.
Items/EasterEggDirt	Text	 	Trung Phục Sinh Nậu
Items/EasterEggDirtDesc	Text	 	Một quả trứng sưu tầm bẩn thỉu có thể dùng làm tiền tệ cho một thương nhân nào đó. Hay gồm càng nhiều càng tốt, chúng có thể không tồn tại lâu đầu.
Items/EasterEggFlowerpot	Text	 	Châu Hoa Trung Phục Sinh
Items/EasterEggFlowerpotDesc	Text	 	Cây xanh và hoa cúc trắng như ra từ châu hoa hình quả trứng này. Chúng gợi nhớ đến sự thức giấc của mùa xuân.
Items/EasterEggLamp	Text	 	Đền Trung Phục Sinh
Items/EasterEggLampDesc	Text	 	Tháp sáng căn cứ của bạn bằng chiếc đèn trang trí này, với một quả trứng Phục Sinh vàng nằm trong tổ cây xanh.
Items/EasterEggNature	Text	 	Trung Phục Sinh Xanh Lá
Items/EasterEggNatureDesc	Text	 	Một quả trứng sưu tầm um tùm cổ đại có thể dùng làm tiền tệ cho một thương nhân nào đó. Hay gồm càng nhiều càng tốt, chúng có thể không tồn tại lâu đầu.
Items/EasterEggStone	Text	 	Trung Phục Sinh Xâm
Items/EasterEggStoneDesc	Text	 	Một quả trứng sưu tầm săn sủi như đã có thể dùng làm tiền tệ cho một thương nhân nào đó. Hay gồm càng nhiều càng tốt, chúng có thể không tồn tại lâu đầu.
Items/EasterEggcellentHat	Text	 	Mụ Trưng Tuyết Hào
Items/EasterEggcellentHatDesc	Text	 	Ai đổi chiếc mũ vô trùng quá khổ này cũng chỉ có một nhiệm vụ: trở thành quả trứng.
Items/EasterEggcellentPants	Text	 	Quân Trung Tuyết Hào
Items/EasterEggcellentPantsDesc	Text	 	Chiếc quần làm rẻ tiền này vàng như lòng đỏ trứng và ngứa ngáy không thể ta.
Items/EasterEggcellentSuit	Text	 	Áo Trung Tuyết Hạo
Items/EasterEggcellentSuitDesc	Text	Any translations of the word 'eggcellent' should be 'Egg' + 'positive word' in other languages.	Một hình bầu dục rộng rãi được tạo nên từ hy vọng, ước mơ và voi. Nói cách khác: Trung.
Items/EasterGarland	Text	 	Vòng Hoa Phục Sinh
Items/EasterGarlandDesc	Text	 	Vòng hoa xanh duyên dáng này được điểm tô bằng những bông cúc trắng nhỏ, là vật trang trí hoàn hảo cho những bức tượng theo chủ đề Lễ Phục Sinh.
Items/EasterGoldenEgg	Text	 	Trung Vang Lớn
Items/EasterGoldenEggDesc	Text	 	Một quả trứng pha lê vàng. Nó có thể dùng vào việc gì đó hơn là chỉ để trang trí...
Items/EasterMeadowStool	Text	 	Ghẻ Đầu Động Cơ Phục Sinh
Items/EasterMeadowStoolDesc	Text	 	Ngồi trên chiếc ghế này có cảm giác như đang ngồi trên một thảm cỏ vừa cất. Không có chỗ nào tốt hơn để đặt móng xuống.
Items/EasterMeadowTable	Text	 	Ban Động Cơ Phục Sinh
Items/EasterMeadowTableDesc	Text	 	Bảy đồ đạc của bạn lên chiếc bàn mềm mại, phụ đầy có này, hợp với mỗi căn cứ theo chủ đề thiên nhiên.
Items/EasterPedestal	Text	 	Bế Phục Sinh
Items/EasterPedestalDesc	Text	 	Một chiếc bàn nhỏ 1x1 làm từ đá màu kem với một chiếc lá nhỏ phủ lên. Đơn giản, thiết thực mà vẫn đậm chất Lê Phục Sinh.
Items/EasterPillar	Text	 	Cột Phục Sinh
Items/EasterPillarDesc	Text	 	Một cây cột trang trí đẹp mắt, nâng cao một chậu cây chứa hoa mùa xuân. Một cách hoàn hảo để chào đón mùa mới.
Items/EasterWorkbench	Text	 	Bản Chế Tạo Phục Sinh
Items/EasterWorkbenchDesc	Text	 	Chiếc bàn làm việc nhỏ này chứa đủ nguyên liệu để tạo ra một loạt vật trang trí theo chủ đề mùa xuân và Lễ Phục Sinh.
Items/EchoMapAlienTerminal1	Text	 [new]	Bản đồ Echo - Đài ngoại hành 1
Items/EchoMapAlienTerminal1Desc	Text	 [new]	Tấm bản đồ Echo chỉ ra vị trí của Đài ngoại hành thứ nhất.
Items/EchoMapAlienTerminal2	Text	 [new]	Bản đồ Echo - Đài ngoại hành 2
Items/EchoMapAlienTerminal2Desc	Text	 [new]	Tấm bản đồ Echo chỉ ra vị trí của Đài ngoại hành thứ hai.
Items/EchoMapAlienTerminal3	Text	 [new]	Bản đồ Echo - Đài ngoại hành 3
Items/EchoMapAlienTerminal3Desc	Text	 [new]	Tấm bản đồ Echo chỉ ra vị trí của Đài ngoại hành thứ ba.
Items/EchoMapBindingString	Text	 [new]	Chuối ràng buộc Echo
Items/EchoMapBindingStringDesc	Text	 [new]	Chuối ràng buộc các tấm bản đồ Echo với nhau.
Items/EchoMapFishingMerchant	Text	 [new]	Bản đồ Echo - Thương nhân câu cá
Items/EchoMapFishingMerchantDesc	Text	 [new]	Tấm bản đồ Echo chỉ ra vị trí của Thương nhân câu cá.
Items/EchoMapShrineRoom	Text	 [new]	Bản đồ Echo - Phòng Thánh đường
Items/EchoMapShrineRoomDesc	Text	 [new]	Tấm bản đồ Echo chỉ ra vị trí của Phòng Thánh đường.
Items/EchoMapTitanTemple	Text	 [new]	Bản đồ Echo - Đền thờ Titan
Items/EchoMapTitanTempleDesc	Text	 [new]	Tấm bản đồ Echo chỉ ra vị trí của Đền thờ Titan.
Items/EchoMapWorshipMural	Text	 [new]	Bản đồ Echo - Bút hoa tôn thờ
Items/EchoMapWorshipMuralDesc	Text	 [new]	Tấm bản đồ Echo chỉ ra vị trí của Bút hoa tôn thờ.
Items/EerieChest	Text	 	Rương Rừng U Ám
Items/EerieChestDesc	Text	 	Một chiếc rương kêu cột kết, hữu ích để cất giữ đồ đạc. Có những tiếng gầm gừ khe khe vòng ra từ bên trong.
Items/EerieDresser	Text	 	Từ Quần Áo Rừng Rón
Items/EerieDresserDesc	Text	 	Bao năm bị ngược đãi đã biến chiếc từ này thành như bây giờ. Hy vọng nó sẽ đối xử với quần áo của bạn tử tế hơn.
Items/EerieFloor	Text	 	Sân Rừng Rón
Items/EerieFloorDesc	Text	 	Những tấm ván săn tối màu bị giảm lên suốt bao năm bởi những bàn chân tà ác.
Items/EerieRug	Text	 	Thăm Rừng Rón
Items/EerieRugDesc	Text	 	Một tấm thảm cũ với một dấu ấn bí ẩn. Nhân chứng của quá nhiều buổi cầu hôn.
Items/EerieStool	Text	 	Ghẻ Đậu Rừng Rón
Items/EerieStoolDesc	Text	 	Một chỗ ngồi làm từ gỗ bị nguyền rủa, sẵn sàng dọa cho móng bàn khiếp vía.
Items/EerieTable	Text	 	Bản Rừng Rón
Items/EerieTableDesc	Text	 	Một chiếc bàn cũ từng được dùng để bày những món ăn kinh khủng. Sự hiện diện của những kẻ đã ngẫu nghiện chúng vẫn còn vuông vật.
Items/EerieTreeLight	Text	 	Được Rễ Cây Xoan
Items/EerieTreeLightDesc	Text	 	Một ngọn đuốc đứng như một ngọn hải đăng rùng rợn trong bóng tối của hang động.
Items/Egg	Text	 	Trung Dodo
Items/EggDesc	Text	 	Một quả trứng lớn được bảo vệ bởi lớp vỏ ngà. An toàn để ăn!
Items/EggIncubator	Text	 	Lô Ấp Trung
Items/EggIncubatorDesc	Text	 	Thiết bị này dùng để áp nổ những quả trứng bí ẩn. Xin đừng vượt qua nhiệt độ khuyến nghị.
Items/ElderDragonfish	Text	 	Cá Rồng Cổ Đài
Items/ElderDragonfishDesc	Text	 	Một loài cá rồng đá vài trăm năm tuổi. Màu xanh ngọc trên vảy của nó từ lâu đã phai nhạt.
Items/ElectricalDoor	Text	 	Cửa Điện
Items/ElectricalDoorDesc	Text	 	Mở ra khi được cấp điện.
Items/ElectricalDropGate	Text	 [new]	Cổng hạ điện
Items/ElectricalDropGateDesc	Text	 [new]	Công điện có thể hạ xuống để chặn đường. Mở ra khi được cấp điện.
Items/ElectricalWire	Text	 	Dây Điện
Items/ElectricalWireDesc	Text	 	Nơi nguồn điện với máy móc và thiết bị.
Items/ElectricityGenerator	Text	 	Máy Phát Điện
Items/ElectricityGeneratorDesc	Text	 	Cấp điện cho dây và vật thể.
Items/ElectricityStick	Text	 	Quế Điền
Items/ElectricityStickDesc	Text	 	Phát ra dòng điện rất yếu, qua thấp để cấp điện cho vật thể những hữu ích để thay đổi hoạt động của mạch logic.
Items/ElectronicsTable	Text	 	Bản Điền Tử
Items/ElectronicsTableDesc	Text	 	Bản chế tạo để tạo ra hệ thống điện và logic.
Items/EmberPit	Text	 	Họ Thân
Items/EmberPitDesc	Text	 	Trợ tấn bên trong cho thấy nó từng được dùng để tới luyện kim loại trong lửa suốt một thời gian dài.
Items/EmeraldFeatherFish	Text	 	Cả Vây Long Ngọc Lục Bảo
Items/EmeraldFeatherFishDesc	Text	 	Một loại cá xanh xinh đẹp với những chiếc váy trông như lông vũ.
Items/EmptyGrave	Text	 	Mộ Bị Cướp Phá
Items/EmptyGraveDesc	Text	 	Sự trống rỗng của nó là bằng chứng cho hành vi báng bổ của bọn cướp mộ.
Items/EnchantedRose	Text	 	Hoa Hồng Phép Thuật
Items/EnchantedRoseDesc	Text	It's a reference to The Beauty and the Beast. The German translation has a different wording to resemble the German phrase used in the film regarding the curse of the enchanted rose. Please try to treat it equally for other languages. might need a bit of research	Yêu thương một người và nhận lại tình yêu của họ.
Items/EnemySpawnerPlatform	Text	 	Mây Tào Vật
Items/EnemySpawnerPlatformDesc	Text	 	Thiết bị phi thường này có thể dệt vật chất tự do thành một sinh vật sống tạm thời khi được nạp điện. Cần một bức tường nhỏ làm bẩn thiết kế.
Items/EnhydroCrystal	Text	 	Phà Lê Ngâm Nước
Items/EnhydroCrystalDesc	Text	 	Nước cổ đại được giam giữ trong viên pha lê tuyệt đẹp này. Nó đã ở trong đó hàng triệu năm.
Items/EnragePotion	Text	 	Thuốc Cường Nỏ
Items/EnragePotionDesc	Text	 	Một loại tiền được mạnh giúp tăng cường cơ bắp và cả con nòng giãn của bạn.
Items/EostreNecklace	Text	 	Dây Chuyền Eostre
Items/EostreNecklaceDesc	Text	 	Một cành cây cong giữ một quả trứng vàng ở đầu. Đó là biểu tượng của sự tái sinh và sinh sôi.
Items/EvilEyeCandy	Text	 	Kéo Mạt Quy
Items/EvilEyeCandyDesc	Text	 	Sáng tạo độc ác nhất trong tất cả. Hương vị của nó là sự sỉ nhục với người sống. Cam thảo đen.
Items/ExcavationBridge	Text	 [new]	Cầu Đảo
Items/ExcavationBridgeDesc	Text	 [new]	Cây cầu dùng để băng qua các vực sâu trong Khu khai quật.
Items/ExcavationBrokenRobotDecorationCharger	Text	 [new]	Robot sạc pin hỏng
Items/ExcavationBrokenRobotDecorationCharger2	Text	 [new]	Robot sạc pin hỏng lớn
Items/ExcavationBrokenRobotDecorationCharger2Desc	Text	 [new]	Robot sạc pin hỏng cỡ lớn. Dùng để trang trí Khu khai quật.
Items/ExcavationBrokenRobotDecorationChargerDesc	Text	 [new]	Robot sạc pin hồng lỏng lẻo. Trang trí khu vực Đảo mờ.
Items/ExcavationBrokenRobotDecorationPatroller	Text	 [new]	Robot tuần tra hông
Items/ExcavationBrokenRobotDecorationPatrollerDesc	Text	 [new]	Robot tuần tra đã ngừng hoạt động. Dùng để trang trí Khu khai quật.
Items/ExcavationBrokenRobotDecorationSwarmer	Text	 [new]	Robot nhóm hông
Items/ExcavationBrokenRobotDecorationSwarmer2	Text	 [new]	Robot nhóm hông lớn
Items/ExcavationBrokenRobotDecorationSwarmer2Desc	Text	 [new]	Robot bầy đàn cỡ lớn. Dùng để trang trí Khu khai quật.
Items/ExcavationBrokenRobotDecorationSwarmerDesc	Text	 [new]	Robot nhóm đã hỏng. Trang trí khu vực Đào mỏ.
Items/ExcavationBurnerRing	Text	 [new]	Vòng đột Đạo
Items/ExcavationBurnerRingDesc	Text	 [new]	Vòng phun lửa dùng trong khu vực Đào mỏ.
Items/ExcavationDestructibleReinforcedBox	Text	 [new]	Thùng gia cố Đào
Items/ExcavationDestructibleReinforcedBoxDesc	Text	 [new]	Chiếc thùng gia cố trong Khu khai quật. Có thể phá hủy để lấy vật liệu.
Items/ExcavationDestructibleSteelBox	Text	 [new]	Thùng thép Đào
Items/ExcavationDestructibleSteelBoxDesc	Text	 [new]	Chiếc thùng thép trong Khu khai quật. Có thể bị phá hủy.
Items/ExcavationMoss	Text	 [new]	Reu Dao
Items/ExcavationMossDesc	Text	 [new]	Rêu phát sáng nhẹ mỡ trong bóng tối vùng Đào mỏ.
Items/ExcavationPedestal	Text	 [new]	Bế Đạo
Items/ExcavationPedestalDesc	Text	 [new]	Bệ đá dùng để trưng bày vật phẩm trong Khu khai quật.
Items/ExcavationScrewNutRing	Text	 [new]	Ring ốc vịt Đảo
Items/ExcavationScrewNutRingDesc	Text	 [new]	Một vòng ring bằng kim loại với các ốc vít. Vật liệu chế tạo ở vùng Đào mỏ.
Items/ExcavationSign	Text	 [new]	Biển báo Đảo
Items/ExcavationSignDesc	Text	 [new]	Biển báo chỉ dẫn thường thấy trong Khu khai quật.
Items/ExcavationStatue	Text	 [new]	Tượng Đạo
Items/ExcavationStatueDesc	Text	 [new]	Pho tượng cổ trong khu vực Dao mộ. Trang trí ngôi nhà của bạn.
Items/ExcavationVoidMoss	Text	 [new]	Rêu Void Khu khai quật
Items/ExcavationVoidMossDesc	Text	 [new]	Rêu Void phát sáng rực rỡ ở Khu khai quật.
Items/ExcavationWorkbench	Text	 [new]	Bản chế tạo Đạo
Items/ExcavationWorkbenchDesc	Text	 [new]	Bàn chế tạo dùng để tạo ra các vật phẩm liên quan đến Khu khai quật.
Items/ExplorerBackpack	Text	 	Bà Lộ Thám Hiểm
Items/ExplorerBackpackDesc	Text	 	Một chiếc ba lô đơn giản dùng để đi qua các hàng ngầm. Chưa được khá nhiều vật phẩm.
Items/ExplorerHelm	Text	 	Mụ Phiêu Lưu
Items/ExplorerHelmDesc	Text	 	Trông quen quen.
Items/ExplosiveBarrel	Text	 [new]	Thùng nổ
Items/ExplosiveBarrelDesc	Text	 [new]	Thùng đầy thuốc nổ. Sẽ phát nổ lớn khi bị bắn trúng.
Items/FangNecklace	Text	 	Dây Chuyền Răng Nanh
Items/FangNecklaceDesc	Text	 	Biểu tượng địa vị giữa các Caveling bộ lạc. Bạn có thể cảm nhận khát máu từ chiếc răng lưng lấy.
Items/FarmerHelm	Text	 	Mụ Nông Dân
Items/FarmerHelmDesc	Text	 	Ngàm một cọng rơm vào miệng và sẵn sàng cho cả ngày thư giãn trên hiên nhà.
Items/FeatherFishScale	Text	 	Vậy Cà Long
Items/FeatherFishScaleDesc	Text	 	Vậy của Cà Long. Nó cung cấp những nhẹ như lông vũ.
Items/FeatherTree	Text	 	Cây Long Tím
Items/FeatherTreeCyan	Text	 	Cây Long Xanh Lộ
Items/FeatherTreeCyanDesc	Text	 	Hoàn toàn không phải là cây. Ma là một loại không xương sống cao lớn, ăn các hạt trôi nổi bằng những cánh tay dài.
Items/FeatherTreeDesc	Text	 	Hoàn toàn không phải là cây. Ma là một loại không xương sống cao lớn, ăn các hạt trôi nổi bằng những cánh tay dài.
Items/Fiber	Text	 	Sợi
Items/FiberDesc	Text	 	Vật liệu mịn như lửa để chế tạo vải và giáp.
Items/FireGrenade	Text	 [new]	Grenade Lụa
Items/FireGrenadeDesc	Text	 [new]	Grenade tạo ra một vũng lửa cháy khi phát nổ.
Items/FireballStaff	Text	 	Quyền Trương Cầu Lụa
Items/FireballStaffDesc	Text	 	Một quyền trượng phép mà các pháp sư Caveling đứng trong nghi lễ và để chống lại những vị khách không mới.
Items/Firefly	Text	 	Đơn đốm
Items/FireflyDesc	Text	 	Con trưng bày này luôn xuất hiện thành đàn trống như những ánh sáng nhảy múa.
Items/FireworkBig	Text	 	Thẻ BIG
Items/FireworkBigDesc	Text	 	Quả pháo hoa khổng lồ này cần một chút thời gian để cất cánh nhưng đến đáp sự kiên nhẫn bằng một vụ nổ ngoạn mục. Có thể kích nổ bằng được hoặc điện.
Items/FireworkBlue	Text	 	Pháo Hoa Xanh Dương
Items/FireworkBlueDesc	Text	 	Một quả pháo hoa bay lên và tạo ra vụ nổ màu xanh dương khi được chạm. Hoàn hảo cho mỗi dịp ăn mừng. Có thể kích nổ bằng được hoặc điện.
Items/FireworkGreen	Text	 	Pháo Hoa Xanh La
Items/FireworkGreenDesc	Text	 	Một quả pháo hoa bay lên và tạo ra vụ nổ màu xanh lá khi được chạm. Hoàn hảo cho mỗi dịp ăn mừng. Có thể kích nổ bằng được hoặc điện.
Items/FireworkPurple	Text	 	Pháo Hoa Tím
Items/FireworkPurpleDesc	Text	 	Một quả pháo hoa bay lên và tạo ra vụ nổ màu tím khi được chạm. Hoàn hảo cho mỗi dịp ăn mừng. Có thể kích nổ bằng được hoặc điện.
Items/FireworkRed	Text	 	Pháo Hoa Đỏ
Items/FireworkRedDesc	Text	 	Pháo hoa bay lên trời và nó thành màu đỏ khi được chạm. Hoàn hảo cho mỗi dịp ăn mừng. Có thể kích nổ bằng được hoặc điên.
Items/FireworkYellow	Text	 	Pháo Hoa Vàng
Items/FireworkYellowDesc	Text	 	Pháo hoa bay lên trời và nó thành màu vàng khi được chạm. Hoàn hảo cho mỗi dịp ăn mừng. Có thể kích nổ bằng được hoặc điên.
Items/FishFossil	Text	 	Hoa Thạch Ca
Items/FishFossilDesc	Text	 	Dấu in của một con cá cổ đại trên phiến đá.
Items/FishPouch	Text	 [new]	Túi đựng cá
Items/FishPouchDesc	Text	 [new]	Túi đựng để mang theo cá đã bắt được.
Items/FishingMerchant	Text	 	Thương Nhân Cầu Cả
Items/FishingNet	Text	 [new]	Lưới câu cá
Items/FishingNetDesc	Text	 [new]	Lưới đặt xuống nước để bắt cá theo thời gian.
Items/FishingNetRack	Text	 	Giá Phổi Lưới
Items/FishingNetRackDesc	Text	 	Một tấm lưới giăng qua máy cọc để phơi khô trong không khí.
Items/FishingWorkBench	Text	 	Bản Chế Tạo Mới
Items/FishingWorkBenchDesc	Text	 	Bản chế tạo hữu ích để làm đủ loại môi cầu với hiệu ứng có lợi.
Items/FizzyCrystal	Text	 	Pha lê sủi bọt
Items/FizzyCrystalDesc	Text	 	Một viên đá sủi bọt trong veo như nước. Nó gần như không có trọng lượng.
Items/FlameNecklace	Text	 	Dây Chuyền Lửa
Items/FlameNecklaceDesc	Text	 	Một dây chuyền bí ẩn với mặt dây cháy rực. Nó tỏa sáng mãnh liệt nhưng không làm bóng đá.
Items/FlameRing	Text	 	Nhân Lụa
Items/FlameRingDesc	Text	 	Chiếc nhẫn kỳ lạ này tạo ra ngọn lửa ảnh hưởng đến mọi thứ trừ người đeo.
Items/Flamethrower	Text	 [new]	Máy phun lửa
Items/FlamethrowerDesc	Text	 [new]	Vũ khí phun ra ngọn lửa lớn thiêu đốt mọi thứ trên đường đi.
Items/FlamethrowerTurret	Text	 [new]	Tháp phun lửa
Items/FlamethrowerTurretDesc	Text	 [new]	Công trình tự động phun lửa vào kẻ địch tới gần.
Items/FleshKelp	Text	 	Táo Bè Thịt
Items/FleshKelpDesc	Text	 	Một cục thực vật biến màu da thịt.
Items/FlintlockMusket	Text	 	Súng Hoa Mai
Items/FlintlockMusketDesc	Text	 	Khổ ma cái lại được với một nam chỉ đang lao thẳng vào mặt.
Items/FloorPillow	Text	 	Gôi Ngôi Sàn
Items/FloorPillowDesc	Text	 	Một chiếc gối mềm có thể đặt xuống đất để ngoi lên.
Items/FoodRation	Text	 	Lương Khố
Items/FoodRationDesc	Text	 	Bữa ăn đóng hộp để được nhiều năm. Bạn nên sớm tìm món ăn ngon hơn.
Items/FoodRationPlural	Text	 	Lương Khố
Items/ForkedCoral	Text	 	San Hô Chế Nhanh
Items/ForkedCoralDesc	Text	 	Một nhánh san hô hình đinh ba. Không có giá trị mấy nhưng nhìn đẹp.
Items/FrankensteinCavelingBruteTrophy	Text	 	Tướng Frankenbrute
Items/FrankensteinCavelingBruteTrophyDesc	Text	 	Một mô hình sống động như thật của Frankenbrute.
Items/FrankensteinHelm	Text	 	Đầu Frankenbrute
Items/FrankensteinHelmDesc	Text	 	Chống thêm cái đầu lên đầu bắn. Tuy nhiên, không hẳn là sẽ thêm nào.
Items/FrozenFlame	Text	 	Ngọn Lửa Đồng Bằng
Items/FrozenFlameDesc	Text	 	Một viên đá quý có hình ngọn lửa pha lê.
Items/FruitBasket	Text	 	Giỏ trái cây thiên đường
Items/FruitBasketDesc	Text	 	Một sự bùng nổ hương vị tinh khiết tràn vào miệng khi cắn vào những trái cây này.
Items/FruitBread	Text	 	Bánh Mì Trái Cây
Items/FruitBreadDesc	Text	 	Bánh mì trái cây nương theo kiểu truyền thống với đường bột phụ trên. Một lát thì chẳng bao giờ là đủ!
Items/FungalBone	Text	 	Xương Nam Mộc
Items/FungalBoneDesc	Text	 	Mực nát vì mốc tận đến tủy. Chủ nhân của nó hẳn đã chịu đựng đau đớn ghê gớm.
Items/FungalGrowth	Text	 	Đất Nam
Items/FungalGrowthDesc	Text	 	Lớp phủ mặt đất xen lẫn sợi nấm. Theo thời gian, nấm và shroomen sẽ mọc lên trên đó.
Items/Furnace	Text	 	Lò Nưng
Items/FurnaceDesc	Text	 	Lò nung tiêu chuẩn này nấu chảy các loại quặng kim loại cơ bản.
Items/FuryForge	Text	 	Lò Rèn Cường Nổ
Items/FuryForgeDesc	Text	 	Một lò rèn bất ổn tạo ra sức nóng khủng khiếp đủ để nấu chảy những kim loại cứng nhất.
Items/FusionAlloy	Text	 	Hợp Kim Hợp Nhất
Items/FusionAlloyDesc	Text	 	Trông như một thí nghiệm thất bại để tạo ra loại hợp kim mới. Nó quá cứng nên không dùng được vào việc gì.
Items/FusionedChunkNecklace	Text	 	Dây Chuyền Khối Hợp Nhất
Items/FusionedChunkNecklaceDesc	Text	 	Một dây chuyền méo mó kết hợp các khối của dữ loại vật liệu.
Items/GalaxiteAnvil	Text	 	Đe Galaxite
Items/GalaxiteAnvilDesc	Text	 	Một chiếc đế đặc biệt để chế tạo trang bị từ thế giới khác.
Items/GalaxiteBar	Text	 	Thánh Galaxite
Items/GalaxiteBarDesc	Text	 	Một thanh kim loại từ thế giới khác dành cho việc rèn xuất sắc.
Items/GalaxiteBreastArmor	Text	 	Giáp Thân Galaxite
Items/GalaxiteBreastArmorDesc	Text	 	Lớp bảo vệ tương lai cho phần thân trên. Thiết kế vừa đáng sợ vừa thanh lịch của nó là một kỳ quan thực sự để chiêm ngưỡng.
Items/GalaxiteBridge	Text	 	Cầu Galaxite
Items/GalaxiteBridgeDesc	Text	 	Một cây cầu từ thế giới khác, cảm giác như đang đi trên con đường xuyên qua vũ trụ.
Items/GalaxiteChakram	Text	 	Vòng Phi Galaxite
Items/GalaxiteChakramDesc	Text	 	Vũ khí ném độc đáo này đòi hỏi sự khéo léo và nhanh nhẹn để phát huy hết tiềm năng.
Items/GalaxiteChest	Text	 	Rương Galaxite
Items/GalaxiteChestDesc	Text	 	Một chiếc rương bất hoại làm từ galaxite. Nó không còn bị khóa nữa.
Items/GalaxiteDagger	Text	 	Đảo Gam Galaxite
Items/GalaxiteDaggerDesc	Text	 	Một vũ khí đâm nhanh dùng cho cận chiến. Lưỡi dao sắc đến mức có thể chế đôi một sợi tóc theo chiều dọc.
Items/GalaxiteDoor	Text	 [new]	Cửa Galaxite
Items/GalaxiteDoorDesc	Text	 [new]	Cánh cửa làm từ Galaxite, vật liệu phát sáng trong lúc tới.
Items/GalaxiteFence	Text	 	Hàng Rào Galaxite
Items/GalaxiteFenceDesc	Text	 	Một hàng rào thanh lịch từ thế giới khác để giữ căn cứ của bạn an toàn.
Items/GalaxiteFenceGate	Text	 	Cổng Hàng Rào Galaxite
Items/GalaxiteFenceGateDesc	Text	 	Một chiếc cổng thanh lịch từ thế giới khác dành cho hàng rào galaxite.
Items/GalaxiteFishingRod	Text	 	Cần Cầu Galaxite
Items/GalaxiteFishingRodDesc	Text	 	Một dụng cụ từ thế giới khác để kéo lên những con cá hiếm. Chịu được nhiệt độ cực cao.
Items/GalaxiteFloor	Text	 	Sàn Galaxite
Items/GalaxiteFloorDesc	Text	 	Một loài săn từ thế giới khác, cảm giác như đang bước đi trên bầu trời đêm.
Items/GalaxiteHelm	Text	 	Mũ Galaxite
Items/GalaxiteHelmDesc	Text	 	Một chiếc mũ tương lai dành cho nhà thám hiểm vũ trụ. Nhìn qua tấm kính của nó như nhìn vào sau thảm vũ trụ.
Items/GalaxiteKey	Text	 	Chìa Khóa Galaxite
Items/GalaxiteKeyDesc	Text	 	Một chiếc chìa khóa bật hoài đức bằng galaxite. Hắn đầu dò có một ổ khóa vừa với nó.
Items/GalaxiteMiningPick	Text	 	Cuộc Galaxite
Items/GalaxiteMiningPickDesc	Text	 	Một dụng cụ từ thế giới khác để phá những bức tượng cũng đặc biệt.
Items/GalaxiteOre	Text	 	Quặng Galaxite
Items/GalaxiteOreBoulder	Text	 	Tầng Quặng Galaxite
Items/GalaxiteOreDesc	Text	 	Quang từ thế giới khác thường thấy trong các bức tượng đá sa thạch.
Items/GalaxitePantsArmor	Text	 	Quận Galaxite
Items/GalaxitePantsArmorDesc	Text	 	Một loại giáp tương lai cho phần thân dưới. Nó khiến bạn cảm thấy mỗi bước nhỏ là một bước nhảy vọt vĩ đại của nhân loại.
Items/GalaxiteShovel	Text	 	Xẻng Galaxite
Items/GalaxiteShovelDesc	Text	 	Một chiếc xẻng từ thế giới khác, đào đất cực kỳ giỏi.
Items/GalaxiteSledge	Text	 	Búa Ta Galaxite
Items/GalaxiteSledgeDesc	Text	 	Một vũ khí từ thế giới khác để đập tan kẻ thù và vật thể.
Items/GalaxiteSword	Text	 	Kiếm Galaxite
Items/GalaxiteSwordDesc	Text	 	Một vũ khí từ thế giới khác để hạ gục kẻ thù.
Items/GalaxiteTrap	Text	 	Bẫy Galaxite
Items/GalaxiteTrapDesc	Text	 	Chiếc bẫy công nghệ cao này phun ra một lượng năng lượng cháy với các nhiệt độ khác nhau, tạo thành ngọn lửa cầu vồng.
Items/GalaxiteTurret	Text	 	Tháp Pháo Galaxite
Items/GalaxiteTurretDesc	Text	 	Một khẩu súng công nghệ cao tự động bắn đạn năng lượng vào kẻ thù trước mắt. Cần điện để hoạt động.
Items/GalaxiteWorkbench	Text	 	Bản Chế Tạo Galaxite
Items/GalaxiteWorkbenchDesc	Text	 	Bản chế tạo từ thế giới khác giúp ích rất nhiều để sống sót trong những hang động sâu nhất.
Items/GearMonument	Text	 [new]	Tượng đài Bánh răng
Items/GearMonumentDesc	Text	 [new]	Tượng đài hình bánh răng lớn để trang trí.
Items/GemCrab	Text	 	Cửa Đá Quý
Items/GemCrabDesc	Text	 	Con của hiếm này có những viên đá quý cổ xưa mọc khắp người.
Items/Geode	Text	 	Tỉnh Học
Items/GeodeDesc	Text	 	Một nửa khối đá vôi nhưng tình thế pha lê tuyệt đẹp bên trong.
Items/GeodeWallDisplay	Text	 	Tình Học Treo Tường
Items/GeodeWallDisplayDesc	Text	 	Một nửa tĩnh học được cắt gọn gàng. Khung gỗ đơn giản bên dưới cho phép gắn nó lên tường.
Items/GhormChest	Text	 	Rương Ghorm
Items/GhormChestDesc	Text	 	Một chiếc rương bọc giáp gối nhỏ đến kẻ ăn thịt.
Items/GhormTrophy	Text	 	Tướng Ghorm
Items/GhormTrophyDesc	Text	 	Một mô hình sống động của Ghorm, Kẻ Ngấu Nghiến.
Items/GhormsStomachBag	Text	 	Túi dạ dày Ghorm
Items/GhormsStomachBagDesc	Text	 	Một phần dạ dày được bảo quản tốt của the Devourer, đi kèm một dây đeo tiện lợi.
Items/GhostBlanketBreastArmor	Text	 	Ao Choang Chân Mã
Items/GhostBlanketBreastArmorDesc	Text	 	Hư hư, chiêm ngưỡng tấm chăn bẩn thỉu này đi!
Items/GhostBlanketCavelingTrophy	Text	 	Tướng Caveling Ma
Items/GhostBlanketCavelingTrophyDesc	Text	 	Một mô hình sống động của một Caveling mà.
Items/GhostBlanketHelm	Text	 	Mụ Trùm Chăn Ma
Items/GhostBlanketHelmDesc	Text	 	Một nỗ lực rẻ tiền vào phút chót để chuẩn bị cho mùa lễ ma quái.
Items/GiantCicadaBossScanner	Text	 [new]	Máy quét Boss Ve sầu khổng lồ
Items/GiantCicadaBossScannerDesc	Text	 [new]	Máy quét giúp bạn xác định vị trí của Vệ Sầu khổng lồ.
Items/GiantCicadaBossSummoningItem	Text	 [new]	Vật phẩm triệu hồi Ve sầu khổng lồ
Items/GiantCicadaBossSummoningItemDesc	Text	 [new]	Dùng vật phẩm này tại bàn thờ để triệu hồi Vệ Sầu khổng lồ.
Items/GiantCicadaBossTrophy	Text	 [new]	Chiến lợi phẩm Ve sầu khổng lồ
Items/GiantCicadaBossTrophyDesc	Text	 [new]	Chiến lợi phẩm nhận được sau khi tiêu diệt Ve sầu khổng lồ.
Items/GiantCicadaChest	Text	 [new]	Rương Ve sầu khổng lồ
Items/GiantCicadaChestDesc	Text	 [new]	Chiếc rương được Ve sầu khổng lồ bảo vệ. Chứa những vật phẩm quý giá.
Items/GiantDrillBattery	Text	 [new]	Pin Máy khoan khổng lồ
Items/GiantDrillBatteryDesc	Text	 [new]	Pin dùng cho Máy khoan khổng lồ. Rất nặng nhưng đầy năng lượng.
Items/GiantGerm	Text	 	Vì Trung Không Lộ
Items/GiantGermDesc	Text	 	Một con vi khuẩn lợn ngọ nguậy trong tay bắn, vừa hấp dẫn vừa kinh tởm cùng lúc.
Items/GiantMite	Text	 	Về Không Lộ
Items/GiantMiteDesc	Text	 	Một sinh vật do thám bất động. Nó chỉ ngôi đó... nhìn chằm chằm...
Items/GiantMitochondrion	Text	 	Ty Thể Không Lộ
Items/GiantMitochondrionDesc	Text	 	Bảo quản siêu lớn này là một nguồn năng lượng thực thụ.
Items/GiantMushroom	Text	 	Nam Không Lộ
Items/GiantMushroomDesc	Text	 	Vua của tất cả các loài nấm. Mộc trong điều kiện hoàn hảo khiến nó lớn bất thường.
Items/GiantSquidEye	Text	 	Mật Mục Không Lộ
Items/GiantSquidEyeDesc	Text	 	Cơ quan cảm giác của một sinh vật biển to lớn. Có lẽ nó đã mất đi trong một cuộc tử chiến với thứ gì đó còn to lớn hơn.
Items/GingerbreadBreastArmor	Text	 	Áo Bánh Gung
Items/GingerbreadBreastArmorDesc	Text	 	Áo giáp ngón lạnh làm từ bánh gừng, kèm theo nút đường và nó kéo fondant.
Items/GingerbreadChest	Text	 	Rương Nhà bánh gừng
Items/GingerbreadChestDesc	Text	 	Một chiếc rương ngọt ngào với thân bánh nướng chắc chắn và trang trí bằng đường. Hoàn hảo để cất trữ vài món đồ theo mùa!
Items/GingerbreadHoodHelm	Text	 	Mụ Trùm Bánh Gung
Items/GingerbreadHoodHelmDesc	Text	 	Phần mũ bánh gừng này chưa được nướng nên vẫn mềm dẻo để trùm lên đầu.
Items/GingerbreadManHelm	Text	 	Đầu Người Bánh Gung
Items/GingerbreadManHelmDesc	Text	 	Một chiếc mũ vui nhộn làm từ bánh gừng. Cú phớt lờ nụ cười rùng rợn và đôi mắt vỡ hồn đi.
Items/GingerbreadPantsArmor	Text	 	Quân Bành Gủng
Items/GingerbreadPantsArmorDesc	Text	 	Đôi chân khá cũng là điểm nhấn của bộ giáp nương này, cùng với vụn bánh kết giữa các ngón chân.
Items/Glass	Text	 	Mạnh Thủy Tinh
Items/GlassBridge	Text	 	Cầu Thủy Tinh
Items/GlassBridgeDesc	Text	 	Một cây cầu trong suốt không cần trụ đỡ, có thể bắc qua nước hoặc vực sâu.
Items/GlassDesc	Text	 	Mảnh thủy tinh này có thể dùng làm nguyên liệu cơ bản để tạo ra các vật thể thủy tinh cao cấp hơn.
Items/GlassFloor	Text	 	Sân Thủy Tinh
Items/GlassFloorDesc	Text	 	Một ô lật trong suốt cho tầm nhìn rõ ràng xuống mặt đất bên dưới.
Items/GlassSmelter	Text	 	Lò Nâu Thủy Tinh
Items/GlassSmelterDesc	Text	 	Chiếc lò tiện lợi này có thể biến mọi khối cắt thành thủy tinh hữu dụng.
Items/GlassStatuePrism	Text	 	Tượng thủy tinh “Bát diện”
Items/GlassStatuePrismDesc	Text	 	Bức tượng táo bạo này là một tác phẩm nghệ thuật phô bày về óng ánh của thủy tinh.
Items/GlassWorkbench	Text	 	Bản Chế Tạo Thủy Tinh
Items/GlassWorkbenchDesc	Text	 	Bản chế tạo này cho phép tạo hình thủy tinh thành các vật thể cao cấp hơn để bổ sung cho căn cứ của bạn.
Items/GlazedHeartberry	Text	 	Dầu Tím Phủ Dương
Items/GlazedHeartberryDesc	Text	 	Một quả dâu tím phủ đường vẫn còn mọng nước và tươi ngon bên trong. Tuyệt ngon!
Items/GleamRootSeed	Text	 	Hát Giọng Gò Lập Lành
Items/GleamRootSeedDesc	Text	 	Sau khi trồng, nó lan rễ phát sáng ra mọi hướng. Chỉ có thể trồng trên nền pha lê.
Items/GleamWood	Text	 	Gò Lập Lành
Items/GleamWoodBridge	Text	 	Cầu Gỗ Lập Lành
Items/GleamWoodBridgeDesc	Text	 	Một cây cầu bị ăn lơ lửng trong không gian, có thể bắc qua nước hoặc vực sâu.
Items/GleamWoodDesc	Text	 	Một mảnh gỗ phát sáng đã kết tinh, là nguyên liệu chế tạo tuyệt vời.
Items/GleamWoodDoor	Text	 	Cửa Gỗ Lấp Lãnh
Items/GleamWoodDoorDesc	Text	 	Một cánh cửa vững chắc để ngăn kẻ thù.
Items/GleamWoodFence	Text	 	Hàng Rào Gỗ Lập Lành
Items/GleamWoodFenceDesc	Text	 	Một hàng rào nhớt nhất, thanh lịch để giữ an toàn cho căn cứ của bạn.
Items/GleamWoodFenceGate	Text	 	Cổng Rào Gỗ Lập Lành
Items/GleamWoodFenceGateDesc	Text	 	Một cánh cổng nhợt nhạt, thanh lịch dành cho hàng rào gỗ lấp lánh.
Items/GleamWoodFloor	Text	 	Sân Gò Lập Lành
Items/GleamWoodFloorDesc	Text	 	Một mặt sân bị ẩn trang trí bằng các ô lát hoa văn.
Items/GleamWoodPlank	Text	 	Vận Gò Lập Lãnh
Items/GleamWoodPlankDesc	Text	 	Một tấm ván gỗ phát sáng cho công việc mộc tuyết mỹ.
Items/GlowTulipRing	Text	 	Nhân Tulip Phật Sáng
Items/GlowTulipRingDesc	Text	 	Một chiếc nhẫn phật sáng chứa đựng tính chất của hoa tulip phát sáng.
Items/GlowingCoral	Text	 	San Hô Lumen
Items/GlowingCoralDesc	Text	 	Một loại san hô phân nhánh hấp thụ năng lượng từ vùng nước phát sáng của The Sunken Sea.
Items/GlowingMushroom	Text	 [new]	Năm phát sáng
Items/GlowingMushroomDesc	Text	 [new]	Loại nấm phát sáng trong bóng tối. Có thể dùng làm thức ăn hoặc vật liệu.
Items/GlowingTulipFlower	Text	 	Tulip Phật Sáng
Items/GlowingTulipFlowerDesc	Text	 	Một bông hoa quý giá, lấp lánh đã hấp thụ năng lượng cổ xưa.
Items/GlowingTulipFlowerRare	Text	 	Tulip Phật Sáng Vàng
Items/GlowingTulipFlowerRareDesc	Text	 	Một biến thể cực hiếm của hoa tulip phát sáng thường gặp.
Items/GlowingTulipSeed	Text	 	Hát Giọng Tulip Phật Sáng
Items/GlowingTulipSeedDesc	Text	 	Mộc thanh một bông hoa phát sáng khi được trồng.
Items/GlurchChest	Text	 	Rương Glurch
Items/GlurchChestDesc	Text	 	Một chiếc rương nhảy nhựa, đang tan chảy còn sót lại từ Abominous Mass.
Items/GlurchTrophy	Text	 	Tượng Glurch
Items/GlurchTrophyDesc	Text	 	Một bản tái hiện sống động của Glurch, Khối Gồm Ghiec.
Items/GoKartWorkbench	Text	 	Bản Chế Tạo Xe Go-Kart
Items/GoKartWorkbenchDesc	Text	 	Một bản chế tạo dài để chế tác những chiếc xe tốc độ cho hành trình của bạn.
Items/Goat	Text	 	Bambuck
Items/GoatBaby	Text	 	Bambuck con
Items/GoatBabyDesc	Text	 	Chú dê con này cũng nghịch ngợm như bố mẹ. Nó chủ yếu lao theo những con bướm khi đang đói, dù phần thưởng không dễ kiếm. Một cảnh tượng thật sự ấm lòng.
Items/GoatDesc	Text	 	Còn Bambuck lông xù có nhiều lên hơn là kiên nhẫn, vậy nên nó khá bạo dạn theo bạn tình. Nó cũng chẳng nhìn thấy nhiều chỗ lầm, nên nếu nó vô tình lao vào bạn thì hãy nhẹ nhàng với nó nhẹ.
Items/GodsentBreastArmor	Text	 	Giáp Ngực Vua Thiên Đình
Items/GodsentBreastArmorDesc	Text	 	Một mảnh giáp hoàng gia độc nhất, tượng trưng cho trái tim của vương quốc. Đôi cánh vàng được thêm vào để kế thừa phong thái của Azeos. Trước khi nó kịp được dùng, vương quốc đã bị thiêu thành tro bụi từ bên trong.
Items/GodsentHelm	Text	 	Mặt Nạ Vua Thiên Đình
Items/GodsentHelmDesc	Text	 	Một mảnh giáp hoàng gia độc nhất, tượng trưng cho người đứng đầu vương quốc, tôn vinh người ấy là hậu duệ của thần linh. Nó được dành cho một tương lai không bao giờ đến.
Items/GodsentPantsArmor	Text	 	Giáp Quân Vua Thiên Đình
Items/GodsentPantsArmorDesc	Text	 	Một mảnh giáp hoàng gia độc nhất, tượng trưng cho người kế vị vương quốc, lẽ ra phải gánh vác vinh quang của vương quốc khi lên ngôi. Một lời tiên tri đến tối và một vụ ám sát đã chấm dứt dòng dõi hoàng tộc.
Items/GoldBar	Text	 	Thanh Vang
Items/GoldBarDesc	Text	 	Thanh kim loại mềm dùng để rèn và làm trang sức.
Items/GoldCrystalNecklace	Text	 	Dây Chuyền Phà Lê Vàng
Items/GoldCrystalNecklaceDesc	Text	 	Món trang sức lấp lánh kết hợp những vật liệu quý giá nhất.
Items/GoldCrystalRing	Text	 	Nhân Phả Lễ Vàng
Items/GoldCrystalRingDesc	Text	 	Một chiếc nhẫn quy định những viên đá quý cổ xưa.
Items/GoldOre	Text	 	Quảng Vang
Items/GoldOreBoulder	Text	 	Tăng Quang Vàng
Items/GoldOreDesc	Text	 	Hiếm khi tìm thấy trong tường đất sét và đá.
Items/GoldenAngleFish	Text	 	Cả Gốc Jasper
Items/GoldenAngleFishDesc	Text	 	Con cá vàng óng như nàng này dường như từng có thân hình bình thường, nhưng nước của The Shimmering Frontier đã làm nó tha hóa, hóa thành pha lê hoàn toàn.
Items/GoldenBombScarab	Text	 [new]	Bộ Hàng Vàng nổ
Items/GoldenBombScarabTrophy	Text	 [new]	Chiến lợi phẩm Bồ Hàng Vàng
Items/GoldenBombScarabTrophyDesc	Text	 [new]	Chiến lợi phẩm sau khi tiêu diệt Bó Hàng Vàng.
Items/GoldenCavelingMask	Text	 	Mặt Nạ Caveling Vàng
Items/GoldenCavelingMaskDesc	Text	 	Một chiếc mặt nạ tinh xảo với vẻ mặt nghiêm nghị. Có lẽ nó từng được dùng trong một nghi lễ hoặc bởi người có chức cao.
Items/GoldenChocolate	Text	 	Sơ-cô-la Vang
Items/GoldenChocolateDesc	Text	 	Sô-cô-la phiên bản giới hạn cho mùa lạnh. Bên trong không có vẻ vang đầu, vì cả thời này được làm từ vàng luôn rồi!
Items/GoldenCocoon	Text	 	Kèn Vàng
Items/GoldenCocoonDesc	Text	 	Một cái nhộng mạ vàng. Đây dường như chưa phải hình dạng cuối cùng của nó.
Items/GoldenDeepstalker	Text	 	Deepstalker Long Lấy
Items/GoldenDeepstalkerDesc	Text	 	Một kẻ săn mồi mà Solarite trườn qua làn nước phát sáng của The Shimmering Frontier, luôn tìm kiếm thứ gì đó yếu hơn.
Items/GoldenFeather	Text	 	Lông vũ vàng
Items/GoldenFeatherDesc	Text	 	Nó to và lấp lánh, mòn không thể thiếu với dân sưu tầm.
Items/GoldenJellyfish	Text	 	Sửa Vàng
Items/GoldenJellyfishDesc	Text	 	Con sủa hiếm này dường như sống tốt mà không cần nước và có vẻ nó thích bầu bạn cùng bạn.
Items/GoldenLarvaMeat	Text	 	Thịt Âu Trung Lập Lành
Items/GoldenLarvaMeatDesc	Text	 	Biến thể vàng hiếm của thịt ấu trùng, với hiệu ứng tăng cường.
Items/GoldenNeedle	Text	 	Kim Vàng
Items/GoldenNeedleDesc	Text	 	Báu vật nhỏ này từng được dùng để cố định áo choàng của một học giả caveling.
Items/GoldenRoseBouquet	Text	 	Bộ Hoa Hồng Vàng
Items/GoldenRoseBouquetDesc	Text	 	Bộ hoa tuyệt đẹp làm từ hoa hồng vàng này sẽ nâng tầm diện mạo của mỗi căn phòng. Hãy tặng nó cho người bạn thường mến.
Items/GoldenSpikeRing	Text	 	Nhan Gai Vàng
Items/GoldenSpikeRingDesc	Text	 	Chiếc nhẫn vàng này đeo rất khó chịu nhưng trong cực ngấu.
Items/GoldenStarfish	Text	 	Sao Biển Vàng
Items/GoldenStarfishDesc	Text	 	Một sinh vật biến sắc bén được dòng chảy mài giữa bóng loáng.
Items/GoldenTorrentDart	Text	 	Phí Tiêu Vàng
Items/GoldenTorrentDartDesc	Text	 	Loại cá khô nắm bắt này xuất hiện thành đàn như một màn trình diễn vàng nhấp nháy để đánh lừa kẻ săn mồi.
Items/GoldenWhistle	Text	 	Cõi Vàng
Items/GoldenWhistleDesc	Text	 	Một chiếc cối vàng nhỏ chưa rõ công dụng. Âm thanh nó phát ra gần như không thể nghe thấy.
Items/GolemBreastArmor	Text	 	Giáp Ngực Dạ
Items/GolemBreastArmorDesc	Text	 	Một mảnh giáp cồng kềnh nhưng chắc chắn làm từ đá đẽo tinh xảo.
Items/GolemHelm	Text	 	Mụ Linh Gác
Items/GolemHelmDesc	Text	 	Phần đầu tháo rời của một lính gác lối. Đợi nó vào thay cực kỳ vướng víu và nặng nề nhưng bù lại bảo vệ rất tốt.
Items/GolemPantsArmor	Text	 	Quân Dạ
Items/GolemPantsArmorDesc	Text	 	Quân giáp do số tác tử đã nguyên khối. Cách tốt nhất để luyện bắp chân.
Items/GolemShield	Text	 	Khiển Linh Gác
Items/GolemShieldDesc	Text	 	Mảnh giáp ngực bị vứt bỏ của một lính gác lồi. Nó có kích thước vừa khít để dùng làm một chiếc khiên lớn và viên đá quý cổ xưa ở giữa đôi khi bắn ra năng lượng khi đó đòn tấn công của kẻ thù.
Items/GolemTrophy	Text	 	Tướng Core Sentry
Items/GolemTrophyDesc	Text	 	Mô hình sống động như thật của một lính gác lối.
Items/GraveTree	Text	 	Cây Xanh Tốt
Items/GraveTreeDesc	Text	 	Cây xanh tươi này đã lớn lên nhiều năm tại Azeos' Wilderness. Hay trông nó lại xuống đất để trang trí cho ngôi nhà của bạn.
Items/GreaterHealingPotion	Text	 	Thuộc Hội Mậu Cấp Cao
Items/GreaterHealingPotionDesc	Text	 	Một loại thuốc tiên lành mạnh hơn nhiều, hồi máu tức thì. Lại còn ngon nữa.
Items/GreaterManaPotion	Text	 [new]	Thuốc mana lớn
Items/GreaterManaPotionDesc	Text	 [new]	Thuộc họ lại một lượng lớn mana cho người dùng.
Items/GreenBlisterHead	Text	 	Dầu Mụn Nước Xanh
Items/GreenBlisterHeadDesc	Text	 	Một loài cá có những bong bóng xanh lớn trên đầu.
Items/GreenDesertDestructible	Text	 	Bình Hoa Ốc Đảo
Items/GreenDesertDestructibleDesc	Text	 	Một cây khỏe mạnh chứa chiến lợi phẩm tự nhiên từ sa mạc.
Items/GreenFireFly	Text	 	Đom đóm xanh
Items/GreenFireFlyDesc	Text	 	Loại bộ bay này luôn xuất hiện thành đàn trống như những ánh sáng nhảy múa. Ánh sáng xanh của nó đặc trưng cho từng vùng.
Items/GreenKelp	Text	 	Tạo Bệ Xanh
Items/GreenKelpDesc	Text	 	Một cụm thực vật biển màu xanh.
Items/GreenLargeDesertDestructible	Text	 	Bình Hoa Ốc Đảo Lớn
Items/GreeneryPod	Text	 	Quạ Xanh Lá
Items/GreenhornPico	Text	 	Pico non xanh
Items/GreenhornPicoDesc	Text	 	Sinh vật nhỏ màu xanh này hoàn toàn trong suốt, không thấy nào. Nó có vẻ chẳng phiền khi bị cấm lên.
Items/Grenade	Text	 [new]	Grenade
Items/GrenadeDesc	Text	 [new]	Quả grenade cầm tay. Ngồi ra sau đó bàn khi.
Items/GrenadePlural	Text	 [new]	Grenades
Items/GreyDuneTail	Text	 	Dưới Cồn Cát Xám
Items/GreyDuneTailDesc	Text	 	Loài cá xám, nhanh nhẹn này có thể di chuyển giữa các hồ nước trong sa mạc để đối nội kiếm ăn.
Items/GreyKelp	Text	 	Tào Bệ Xám
Items/GreyKelpDesc	Text	 	Một cụm thực vật biển màu xám.
Items/GrimBreastArmor	Text	 	Giáp Ngực Ư Âm
Items/GrimBreastArmorDesc	Text	 	Một bộ áo choàng tráng lệ, đầy diềm gỗ với miếng đệm vải sắc nhọn.
Items/GrimHelm	Text	 	Mụ Trùm U Am
Items/GrimHelmDesc	Text	 	Chiếc mũ trùm dù tốn này chắc chắn sẽ gieo rắc nỗi sợ vào kẻ thù của bạn.
Items/GrimPantsArmor	Text	 	Quân Giáp U Âm
Items/GrimPantsArmorDesc	Text	 	Dù khung xương cung cấp, bạn vẫn có thể di chuyển dễ dàng.
Items/GrimyStoneBookshelf	Text	 [new]	Kế sách đã bán
Items/GrimyStoneBookshelfDesc	Text	 [new]	Kế sách bang đã đầy bụi bẩn. Vẫn có thể chứa sách và vật phẩm.
Items/GrimyStoneBookshelfLarge	Text	 [new]	Kế sách đã bán lớn
Items/GrimyStoneBookshelfLargeDesc	Text	 [new]	Kế sách băng đã lớn đầy bụi bẩn.
Items/GrimyStoneFloor	Text	 	San Đà Cầu Bẩn
Items/GrimyStoneFloorDesc	Text	 	Một loại sắn làm từ gạch đá tới màu, cau bán.
Items/GrimyStonePillar	Text	 	Cột Đá Cầu Bẳn
Items/GrimyStonePillarDesc	Text	 	Cây cột nhem nhược này phủ đầy những hình chạm khắc tinh xảo, quái dị.
Items/GrimyStoneTable	Text	 [new]	Bạn đã bán
Items/GrimyStoneTableDesc	Text	 [new]	Chiếc bàn đã đầy bụi bẩn được dựng lại từ lâu rồi.
Items/GroundAcidSlime	Text	 	Slime axit mặt đất
Items/GroundAcidSlimeDesc	Text	 	Chất dính từ từ hòa tan mọi thứ chạm vào nó.
Items/GroundAlienBlock	Text	 	Sàn công nghệ ngoài hành tinh
Items/GroundAlienBlockDesc	Text	 	Một mảnh nền bí ẩn, tinh xảo.
Items/GroundBeachSandBlock	Text	 	Nền Cát Bài Biên
Items/GroundBeachSandBlockDesc	Text	 	Một mảnh nền đáy cát.
Items/GroundCityBlock	Text	 	Sân Thành Phố
Items/GroundCityBlockDesc	Text	 	Một mảnh sân cứng cáp lát bằng tấm kính và vàng.
Items/GroundClayBlock	Text	 	Nền Đất Sét
Items/GroundClayBlockDesc	Text	 	Một mảnh nền đỏ, dễ vụn.
Items/GroundCrystalBlock	Text	 	Nền Pha Lê
Items/GroundCrystalBlockDesc	Text	 	Một mảnh nền xanh, lấp lánh.
Items/GroundDarkStoneBlock	Text	 	Nền Đá Tối
Items/GroundDarkStoneBlockDesc	Text	 	Một mảnh nền tối màu cung cấp.
Items/GroundDesertSandBlock	Text	 	Nền Cát Sa Mạc
Items/GroundDesertSandBlockDesc	Text	 	Một mảnh nền cát màu be.
Items/GroundDesertTempleBlock	Text	 	Sân Đền
Items/GroundDesertTempleBlock2	Text	 	Sân Mễ Cung
Items/GroundDesertTempleBlock2Desc	Text	 	Một khối nền cực kỳ bền dùng trong các mê cung cổ.
Items/GroundDesertTempleBlockDesc	Text	 	Một mảnh sàn cứng cáp lát bằng sa thạch và vàng.
Items/GroundDirtBlock	Text	 	Nền Đất
Items/GroundDirtBlockDesc	Text	 	Một mảnh nền màu nâu.
Items/GroundGrassBlock	Text	 	Nên Có
Items/GroundGrassBlockDesc	Text	 	Một mảnh nền có tuổi tốt.
Items/GroundHiveBlock	Text	 	Nền Tổ Âu Trung
Items/GroundHiveBlockDesc	Text	 	Một mảnh... nên lõi lõm?
Items/GroundLavaBlock	Text	 	Nền Đa Dung Nham
Items/GroundLavaBlockDesc	Text	 	Một mảnh nền nóng chảy.
Items/GroundLavaSlime	Text	 	Slime magma mặt đất
Items/GroundLavaSlimeDesc	Text	 	Chất dính trơn với magma thiêu đốt những kẻ thám hiểm bất cẩn.
Items/GroundMeadowBlock	Text	 	Nền Đông Cơ
Items/GroundMeadowBlockDesc	Text	 	Một mảnh nền dịu nhẹ mọc lên những bông hoa mùa hè nhỏ xinh.
Items/GroundMoldBlock	Text	 	Nền Nam Mộc
Items/GroundMoldBlockDesc	Text	 	Một mảnh nền móc mèo phát tán bào tử lây nhiễm.
Items/GroundObsidianBlock	Text	 	Nền Hắc Diện Thạch
Items/GroundObsidianBlockDesc	Text	 	Một mảnh nền đất không thể phá hủy. Bốn tội biết bạn đang gian lận đấy.
Items/GroundOilSlime	Text	 [new]	Nhờ dầu trên mặt đất
Items/GroundOilSlimeDesc	Text	 [new]	Vùng trên như đậu trên mặt đất. Có thể bắt lửa.
Items/GroundPoisonSlime	Text	 	Nền Slime Doc
Items/GroundPoisonSlimeDesc	Text	 	Chất dính tích tụ độc tố trong cơ thể.
Items/GroundSandBlock	Text	 	Nền Cát
Items/GroundSandBlockDesc	Text	 	Một mảnh nền màu vàng, dễ vỡ.
Items/GroundSlime	Text	 	Nền Slime
Items/GroundSlimeDesc	Text	 	Chất dính làm chậm nhưng nhà thám hiểm bất cẩn. Theo thời gian, các cực slime sẽ bắt đầu đóng kết từ bề mặt phụ slime.
Items/GroundSlipperySlime	Text	 	Nền Slime Tròn
Items/GroundSlipperySlimeDesc	Text	 	Chất trơn khiến ta khó dùng vững.
Items/GroundSnowBlock	Text	 	Nền Tuyết
Items/GroundSnowBlockDesc	Text	 	Một mảnh nền màu trắng, lạnh giá.
Items/GroundStoneBlock	Text	 	Nền Đá
Items/GroundStoneBlockDesc	Text	 	Một mảnh nền chắc chắn.
Items/GroundTurfBlock	Text	 	Nên Có
Items/GroundTurfBlockDesc	Text	 	Một mảnh nền mềm, phủ rêu.
Items/GrubEggNecklace	Text	 	Dây Chuyền Trưng Sau
Items/GrubEggNecklaceDesc	Text	 	Chiếc dây chuyền kỳ lạ này dường như có sự sống riêng.
Items/GrubKapokSeed	Text	 	Hát Giọng Gòn Sáu
Items/GrubKapokSeedDesc	Text	 	Mốc thành cây cho sợi khi thu hoạch.
Items/GrubKnot	Text	 	Bụi Sầu
Items/GrubKnotDesc	Text	 	Một cục sau nhỏ đột biến. Ghe tôm.
Items/GrubPearl	Text	 	Ngọc Trai Sầu
Items/GrubPearlDesc	Text	 	Đây là viên ngọc trai hình con sâu hay con sâu giống ngọc trai?
Items/Grubzooka	Text	 	Grubzooka
Items/GrubzookaDesc	Text	 	Những phát đạn nặng từ Grubzooka còn phá tan mọi tường đất, cát và có trên đường đi.
Items/Grumpkin	Text	 	Bị Cầu Nhau
Items/GrumpkinDesc	Text	 	Một quả săn sủi trong rất bực bội vì bị nhổ khỏi đất.
Items/GrumpkinRare	Text	 	Bị Cầu Nhau Vàng
Items/GrumpkinRareDesc	Text	 	Một biến thể cực hiếm của bi cầu nhau thường.
Items/GrumpkinSeed	Text	 	Hát Giọng Bị Câu Nhau
Items/GrumpkinSeedDesc	Text	 	Mốc thành quả sần sùi khi trồng.
Items/GuardiansPotion	Text	 	Thuộc Hộ Vệ
Items/GuardiansPotionDesc	Text	 	Một loại thuốc tiếp thêm lòng dũng cảm lớn lao và khả năng chống chọi với những kẻ thù mạnh nhất.
Items/HalloweenGoodieBag	Text	 	Túi quà Samhain
Items/HalloweenGoodieBagDesc	Text	 	Một túi dây kéo và bí mật rùng rợn. Mở ra để hè xem bên trong.
Items/HalloweenWorkbench	Text	 	Bản Chế Tạo Samhain
Items/HalloweenWorkbenchDesc	Text	 	Một bản chế tạo hình quan tài hỗ trợ làm ra nội thất kỳ quái.
Items/HandMortar	Text	 	Cối Cẩm Tây
Items/HandMortarDesc	Text	 	Những vấn đề không giải quyết được thì thường có thể nổ tung chúng đi.
Items/HardThorn	Text	 	Gái Cung
Items/HardThornDesc	Text	 	Một cái gai gỗ chắc chắn có thể đâm nhanh vào ngón tay bắt cán.
Items/HealingPotion	Text	 	Thuộc Hội Mậu
Items/HealingPotionDesc	Text	 	Một loại thuốc tiến bộ đường hồi máu tức thì. Lại còn ngon nữa.
Items/HeartBerry	Text	 	Quả Mộng Tím
Items/HeartBerryDesc	Text	 	Một quả mọng ngọt, mọng nước giúp sáng khoái cơ thể.
Items/HeartBerryNecklace	Text	 	Dây Chuyền Quả Móng Tím
Items/HeartBerryNecklaceDesc	Text	 	Một quả mọng tím trên có lá món ăn vặt tiện lợi!
Items/HeartBerryRare	Text	 	Quả Mộng Tím Vàng
Items/HeartBerryRareDesc	Text	 	Một biến thể cực hiếm của quả mọng tim thường.
Items/HeartBerrySeed	Text	 	Hạt Giống Quả Mộng Tím
Items/HeartBerrySeedDesc	Text	 	Mốc thành quả bổ dưỡng khí trong.
Items/HeartOfGold	Text	 	Trái Tim Vàng
Items/HeartOfGoldDesc	Text	 	Phần thưởng cho những ai thật lòng quan tâm đến người khác và giúp đỡ bất cứ khi nào có thể.
Items/HeartberrySoda	Text	 	Soda Qua Móng Tim
Items/HeartberrySodaDesc	Text	 	Thức uống có gà đông lớn này là một sự bùng nổ hương vị và vị ngọt tinh khiết trong miệng bạn.
Items/HiveBigLarva	Text	 	Ấu Trùng Tộ Lớn
Items/HiveBigLarvaTrophy	Text	 	Tương Âu Trung Tộ Lớn
Items/HiveBigLarvaTrophyDesc	Text	 	Mô hình sông đông của một Âu Trung Tô Lớn.
Items/HiveBone	Text	 	Xương Tổ
Items/HiveBoneBreastArmor	Text	 	Giáp Ngực Xương Tổ
Items/HiveBoneBreastArmorDesc	Text	 	Bò giáp bằng thịt phụ đầy gai bảo vệ. Cảm giác trên da khá khó chịu.
Items/HiveBoneHelm	Text	 	Mụ Hivebone
Items/HiveBoneHelmDesc	Text	 	Mũ đời đầu được trang trí bằng những chiếc nanh và gai lởm chởm giống như trên miếng Mễ Tổ.
Items/HiveBonePantsArmor	Text	 	Quận Hivebone
Items/HiveBonePantsArmorDesc	Text	 	Giáp chân làm từ những lớp da dày xếp lộn xộn, quấn quanh chân thành các nếp phòng thủ.
Items/HiveBossCrystal	Text	 	Tim Phà Lê Bị Đánh Cáp
Items/HiveBossCrystalDesc	Text	 	Một viên đá quý cổ đại khổng lồ đã biến chủ nhân của nó thành một con quái vật. Ban đầu nó thuộc về Mễ Tô, nhung da bi mot caveling khat quyen luc giat ra.
Items/HiveBossSummoningItem	Text	 	Tướng Triệu Hồi Mễ Tổ
Items/HiveBossSummoningItemDesc	Text	 	Tướng pha lê để đánh thức Mễ Tô. Bị tiêu hao khi đặt lên rune triệu hồi của Mễ Tổ.
Items/HiveDestructible	Text	 	Mâm Tổ
Items/HiveDestructibleDesc	Text	 	Một mầm mọc giống mạch máu, để lộ chiến lợi phẩm khi bị bắt mổ.
Items/HiveHalloweenBossSummoningItem	Text	 	Tướng Triệu Hồi Mẹ Tô Bị Âm
Items/HiveHalloweenBossSummoningItemDesc	Text	 	Tướng pha lê để đánh thức Mẹ Tô Bị Âm. Bị tiêu hao khi đặt lên rune triệu hồi của Mẹ Tổ.
Items/HiveHalloweenBossTrophy	Text	 	Tượng Nữ hoàng Tổ ong Halloween
Items/HiveHalloweenBossTrophyDesc	Text	 	Bạn tái hiện sống động của Mẹ Tô Bí Âm.
Items/HiveLarva	Text	 	Ấu Trùng Tộ
Items/HiveLarvaTrophy	Text	 	Tượng ấu trùng Tổ ong
Items/HiveLarvaTrophyDesc	Text	 	Bán tại hiện sống động của một Âu Trung Tộ.
Items/HiveMotherScanner	Text	 	Mây Quét Mê Tô
Items/HiveMotherScannerDesc	Text	 	Quét thế giới để tìm Mễ Tô. Bị tiêu hao khi quét thành công.
Items/HiveSpikeTrap	Text	 	Bảy Gái Tổ
Items/HiveSpikeTrapDesc	Text	 	Một cái bẫy to ấu trùng làm từ xương nhọn, gây sát thương cho bất kỳ sinh vật nào giẫm lên nó.
Items/HivemotherChest	Text	 	Rương Nữ hoàng Tổ ong
Items/HivemotherChestDesc	Text	 	Chiếc rương này đập như thế nó còn sống, một tàn tích của Mễ Tổ.
Items/HivemotherHalloweenChest	Text	 	Rương Nữ hoàng Tổ ong Halloween
Items/HivemotherHalloweenChestDesc	Text	 	Chiếc rương này đập như thế nó còn sống, một tàn tích của Mẹ Tổ Bí Âm.
Items/HivemotherTrophy	Text	 	Tượng Nữ hoàng Tổ ong
Items/HivemotherTrophyDesc	Text	 	Bạn tái hiện sống động của Mẹ Tổ.
Items/HomeworldReminiscence	Text	 	Hội Úc Quê Hương
Items/HomeworldReminiscenceDesc	Text	 	Mô hình của một hành tinh xanh lấp lánh, được ba mặt trời quay quanh. Đây có phải là mô hình của một hệ mặt trời không?
Items/HostileCreatureProximitySensor	Text	 [new]	Cấm biển sinh vật thù địch
Items/HostileCreatureProximitySensorDesc	Text	 [new]	Cảm biến phát hiện các sinh vật thù địch nằm trong vùng phát hiện.
Items/HotChocolate	Text	 	Sở Cổ La Nông
Items/HotChocolateDesc	Text	 	Một cốc sữa sô cô la nóng béo ngay với những viên kẹo dẻo nhỏ ở trên. Uống nó khiến ta cảm thấy như được làm trẻ con lần nữa.
Items/HotPunch	Text	 	Punch Nong
Items/HotPunchDesc	Text	 	Ngồi xuống với thức uống tuyệt vời này sẽ truyền một cảm giác ấm áp dọc sống lưng. Nỏ cây, có vị trái cây và đơn giản là ngon.
Items/HourglassRing	Text	 	Nhân Đồng Hồ Cát
Items/HourglassRingDesc	Text	 	Có một chiếc đồng hồ cát nhỏ ở trên. Cát bên trong đã ngừng chảy xuống.
Items/HunterBreastArmor	Text	 	Ao Choang Thổ San
Items/HunterBreastArmorDesc	Text	 	Một chiếc áo choàng được làm từ những chiếc lá to dần vào nhau. Khiên bắn trông như một bụi cây biết đi.
Items/HunterHelm	Text	 	Mụ Trùm Thợ Săn
Items/HunterHelmDesc	Text	 	Chiếc mũ trùm này làm từ những chiếc lá to gai vào một dải băng đỏ. Giúp bạn hòa lẫn vào môi trường xanh.
Items/HuntingSpear	Text	 	Giao Sản
Items/HuntingSpearDesc	Text	 	Một vũ khí tầm xa rất thô sơ được các caveling sống trong Clay Caves sử dụng. Tốt để săn ấu trùng và đặt chúng lên lửa nướng.
Items/HydraBoneBreastArmor	Text	 	Giáp Ngực Xương Hydra
Items/HydraBoneBreastArmorDesc	Text	 	Những chiếc xương sườn gần như không thể phá hủy của một con hydra; chúng tự điều chỉnh theo kích thước ngực của người mặc.
Items/HydraBoneHelm	Text	 	Mũ Xương Hydra
Items/HydraBoneHelmDesc	Text	 	Chiếc sọ rồng trong ghê rợn của một con hydra. Ta cảm nhận được một sự hiện diện hiểm ác khi dời nó lên.
Items/HydraBonePantsArmor	Text	 	Giáp Ông Chấn Xương Hydra
Items/HydraBonePantsArmorDesc	Text	 	Một bộ giáp phần thân dưới cực kỳ chắc chắn được gia cố bằng các tấm xương hydra.
Items/HydraBoneShield	Text	 	Khiển Xương Hydra
Items/HydraBoneShieldDesc	Text	 	Phần trên nặng nề của số một con hydra. Được tạo ra dễ chịu được áp lực sâu trong lòng đất, nó là một lớp bảo vệ tuyệt vời trong chiến đấu.
Items/HydraBoneSword	Text	 	Kiếm Xương Hydra
Items/HydraBoneSwordDesc	Text	 	Một thanh kiếm lởm chởm làm từ xương sống của một con hydra. Nó không sắc làm những hình dạng gồ ghề của nó có thể xé toạc những vết thương nguy hiểm lên kẻ thù của bạn.
Items/HydraBoneTooth	Text	 	Rặng Hydra
Items/HydraBoneToothDesc	Text	 	Chiếc nanh dài của một con hydra. Được tiếp năng lượng nguyên thủy, nó có khả năng gây sát thương cực lớn cũng như hồi máu cho người câm.
Items/HydraBossDesertBait	Text	 	Dân Giờ Cửa Lụa
Items/HydraBossDesertBaitDesc	Text	 	Một nhạc cụ nghi lễ hoạt động nhờ gió thổi qua các hốc của nó. Âm thanh nó tạo ra được điều chỉnh hoàn hảo để thu hút một con thú của vùng hoang mạc khô cằn.
Items/HydraBossDesertChest	Text	 	Rương Pyrdra
Items/HydraBossDesertChestDesc	Text	 	Một chiếc rương đáng sợ gợi nhớ đến Pyrdra, Titan Lửa.
Items/HydraBossDesertScanner	Text	 	Máy Quet Pyrdra, Titan Lửa
Items/HydraBossDesertScannerDesc	Text	 	Quét thế giới để tìm Pyrdra, Titan Lửa. Bị tiêu hao khi quét thành công.
Items/HydraBossDesertTrophy	Text	 	Tượng Pyrdra
Items/HydraBossDesertTrophyDesc	Text	 	Mô phỏng sóng động của Pyrdra, Titan Lửa.
Items/HydraBossFirstCraftingItem	Text	 [new]	Vật triệu hồi Hydra
Items/HydraBossFirstCraftingItemDesc	Text	 [new]	Vật phẩm dùng để bắt đầu ngh lễ triệu hồi Hydra.
Items/HydraBossNatureBait	Text	 	Dân Giờ Hoàng Đà
Items/HydraBossNatureBaitDesc	Text	 	Một nhạc cụ nghi lễ hoạt động nhờ gió thổi qua các khoảng rộng. Âm thanh nó phát ra được điều chỉnh hoàn hảo để thu hút một sinh vật của rừng rậm hoang dã.
Items/HydraBossNatureChest	Text	 	Rương Druidra
Items/HydraBossNatureChestDesc	Text	 	Một chiếc rương đầy uy lực gợi nhớ đến Druidra, Titan Hoang Dã.
Items/HydraBossNatureCraftingItem	Text	 	Mặt Hydra Hồng
Items/HydraBossNatureCraftingItemDesc	Text	 	Một trong ba con mắt của Druidra. Nó có mối liên kết sâu sắc với các thực thể hydra khác và đóng vai trò then chốt trong việc dò tìm chúng.
Items/HydraBossNatureScanner	Text	 	Mây Quét Druidra, Titan Hoàng Da
Items/HydraBossNatureScannerDesc	Text	 	Quét thế giới để tìm Druidra, Titan Hoàng Da. Bị tiêu hao khi quét thành công.
Items/HydraBossNatureTrophy	Text	 	Tướng Druidra
Items/HydraBossNatureTrophyDesc	Text	 	Mô phỏng sóng động của Druidra, Titan Hoang Dã.
Items/HydraBossSeaBait	Text	 	Dân Giờ Băng Giá
Items/HydraBossSeaBaitDesc	Text	 	Một nhạc cụ nghi lễ hoạt động nhờ gió thổi qua các khoảng rộng. Âm thanh nó phát ra được điều chỉnh hoàn hảo để thu hút một sinh vật của vực sâu xanh thẳm.
Items/HydraBossSeaChest	Text	 	Rương Crydra
Items/HydraBossSeaChestDesc	Text	 	Một chiếc rương đầy uy lực gợi nhớ đến Crydra, Titan Băng. Vì lý do bí ẩn nào đó, nó nổi trên mặt nước.
Items/HydraBossSeaCraftingItem	Text	 	Mặt Hydra Trắng
Items/HydraBossSeaCraftingItemDesc	Text	 	Một trong ba con mắt của Crydra. Nó có mối liên kết sâu sắc với các thực thể hydra khác và đóng vai trò then chốt trong việc dò tìm chúng.
Items/HydraBossSeaScanner	Text	 	Máy Quet Crydra, Titan Bang
Items/HydraBossSeaScannerDesc	Text	 	Quét thế giới để tìm Crydra, Titan Băng. Bị tiêu hao khi quét thành công.
Items/HydraBossSeaTrophy	Text	 	Tướng Crydra
Items/HydraBossSeaTrophyDesc	Text	 	Mô phỏng sóng động của Crydra, Titan Bang.
Items/HydraBossVoidBait	Text	 [new]	Mỗi Hydra Void
Items/HydraBossVoidBaitDesc	Text	 [new]	Mọi dùng để thu hút Hydra Void ra khỏi hang ông.
Items/HydraBossVoidChest	Text	 [new]	Rương Hydra Void
Items/HydraBossVoidChestDesc	Text	 [new]	Chiếc rương được bảo vệ bởi Hydra Void. Chứa những vật phẩm quý.
Items/HydraBossVoidCraftingItem	Text	 [new]	Do thế Hydra Void
Items/HydraBossVoidCraftingItemDesc	Text	 [new]	Vật phẩm dùng để chế tạo vật triệu hồi Hydra Void.
Items/HydraBossVoidScanner	Text	 [new]	Máy quét Hydra Void
Items/HydraBossVoidScannerDesc	Text	 [new]	Máy quét giúp bạn quan sát khu vực tổ của Hydra Void.
Items/HydraBossVoidTrophy	Text	 [new]	Chiến lợi phẩm Hydra Void
Items/HydraBossVoidTrophyDesc	Text	 [new]	Chiến lợi phẩm sau khi tiêu diệt Hydra Void.
Items/HydraJewelryDesertNecklace	Text	 	Dây Chuyền của Pyrdra
Items/HydraJewelryDesertNecklaceDesc	Text	 	Một dây chuyền nóng bỏng truyền cho người đeo sức mạnh của hơi nóng thiêu đốt.
Items/HydraJewelryNatureRing	Text	 	Nhân của Druidra
Items/HydraJewelryNatureRingDesc	Text	 	Một chiếc nhẫn đây là cây truyền cho người đeo sức mạnh của thiên nhiên độc địa.
Items/HydraJewelrySeaRing	Text	 	Nhãn của Crydra
Items/HydraJewelrySeaRingDesc	Text	 	Một chiếc nhẫn bằng gia truyền cho người đeo sức mạnh của các nguyên tố lạnh lẽo.
Items/HydraWorkbench	Text	 	Bàn Thờ Hydra
Items/HydraWorkbenchCraftingItem	Text	 	Nào Bộ Không Lộ
Items/HydraWorkbenchCraftingItemDesc	Text	 	Cơ quan cảm giác chính của Ra-Akar. Nó đã tiến hóa để phát hiện những xáo trộn sâu dưới lòng đất và có thể trở nên hữu ích về sau.
Items/HydraWorkbenchDesc	Text	 	Một bản chế tạo nghi lễ cho phép chế tạo những nhạc cụ mà chỉ các mảnh thư nói vực sau mới nghe được.
Items/ICircuit	Text	 [new]	Mạch IC
Items/ICircuitDesc	Text	 [new]	Mạch điện tích hợp dùng trong các hệ thống điện.
Items/IgneousTrophy	Text	 	Tướng Igneous
Items/IgneousTrophyDesc	Text	 	Mô phỏng sống động của Igneous, Khối Nham Thạch.
Items/ImmuneZoneEmitter	Text	 [new]	Máy tạo vùng miễn nhiễm
Items/ImmuneZoneEmitterDesc	Text	 [new]	Máy tạo ra một vùng bảo vệ công trình và động vật khỏi kẻ địch.
Items/ImmuneZoneEmitterLarge	Text	 [new]	Máy tạo vùng miễn nhiễm lớn
Items/ImmuneZoneEmitterLargeDesc	Text	 [new]	Phiên bản lớn hơn của Máy tạo vùng miễn nhiễm, bao phủ một vùng rộng lớn.
Items/ImmuneZoneEmitterMedium	Text	 [new]	Máy tạo vùng miền nhiễm vừa
Items/ImmuneZoneEmitterMediumDesc	Text	 [new]	Phiên bản vua của Mây tạo vùng miễn nhiễm, bao phủ một vùng rộng vừa.
Items/IncenseBowl	Text	 	Bát Hương
Items/IncenseBowlDesc	Text	 	Một chiếc bát sứ với họa tiết xanh ở viền và cận sẫm màu ở giữa. Mùi hương vẫn còn vương vẫn quanh nó làm dịu các giác quan.
Items/Incinerator	Text	 [new]	Lò thiêu đốt
Items/IncineratorDesc	Text	 [new]	Lò thiêu đốt các vật phẩm không cần dùng thanh tro.
Items/InfectedCaveling	Text	 	Caveling Nhiễm Bệnh
Items/InfoBoardBroken	Text	 	Băng Ảnh Võ
Items/InfoBoardBrokenDesc	Text	 	Một tấm bằng vỏ làm từ kính xanh. Khô mà nhận ra các ký tự nhấp nháy trên đó.
Items/InfoBoardLarge	Text	 	Băng Anh Lớn
Items/InfoBoardLargeDesc	Text	 	Một tấm bảng lớn đang dùng làm từ kính xanh. Các ký tự nhấp nháy trên độ trong gần như một loại quảng cáo.
Items/InfoBoardSmall	Text	 	Bằng Anh Nhỏ
Items/InfoBoardSmallDesc	Text	 	Một tấm bảng đang dùng làm từ kính xanh. Các ký tự nhấp nháy trên độ trong gần như một bản đồ thành phố.
Items/InstrumentCello	Text	 	Dan Cello
Items/InstrumentCelloDesc	Text	 	Một nhạc cụ dây làm từ gỗ. Không phải kiệt tác đẳng cấp thế giới nhưng đủ tốt để lấp đầy những hang động tĩnh lặng bằng âm điệu hài hòa.
Items/InstrumentDrumkit	Text	 	Bộ Trống
Items/InstrumentDrumkitDesc	Text	 	Một nhạc cụ làm phiền hàng xóm nhưng tạo ra nhịp điệu khó cưỡng khi được chơi đúng cách.
Items/InstrumentFlute	Text	 	Sao
Items/InstrumentFluteDesc	Text	 	Một nhạc cụ giơ tinh tế tạo ra âm thanh du dương. Có thể khó để thành thạo.
Items/InstrumentHarp	Text	 	Dân Hạc
Items/InstrumentHarpDesc	Text	 	Chỉ cần lướt đầu ngón tay trên những sợi dây mạnh là tạo ra âm thanh hài hòa ngắn vàng trong không gian.
Items/InstrumentPiano	Text	 	Đàn Piano Bộ Tui
Items/InstrumentPianoDesc	Text	 	Nhạc cụ phím di động này có thể chơi solo hoặc bổ sung tuyệt vời cho một dàn nhạc.
Items/IntactGrave	Text	 	Mộ Bề Tôi
Items/IntactGraveDesc	Text	 	Ngôi mộ làm từ đá này khắc hình một caveling cổ đại phụng sự vương quốc từng tồn tại nơi sa mạc.
Items/InventorBreastArmor	Text	 [new]	Giáp ngực Nhà phát minh
Items/InventorBreastArmorDesc	Text	 [new]	Giáp ngực của nhà phát minh dạy dỗ về nhằm giúp việc làm thuận lợi.
Items/InventorHelm	Text	 [new]	Mụ Nhà phát minh
Items/InventorHelmDesc	Text	 [new]	Chiếc mũ của nhà phát minh với kính bảo hộ.
Items/InventorPantsArmor	Text	 [new]	Quân Nhà phát minh
Items/InventorPantsArmorDesc	Text	 [new]	Chiếc quần thợ làm của nhà phát minh.
Items/InventoryAncientChest	Text	 	Rương cổ đại
Items/InventoryAncientChestDesc	Text	 	Chiếc rương này dường như đã hàng nghìn năm tuổi.
Items/InventoryChest	Text	 	Rương
Items/InventoryChestDesc	Text	 	Hữu ích để cất giữ nhiều vật phẩm. Vật phẩm trong rương có thể được dùng khi chế tạo nếu rương được đặt trong phạm vi bàn chế tạo.
Items/InventoryDesertBiomeChest	Text	 	Rương Sa mạc Khởi nguyên
Items/InventoryDesertBiomeChestDesc	Text	 	Phiên bản mạ vàng của chiếc rương cổ, trống còn cổ xưa hơn nữa.
Items/InventoryExcavationBiomeChest	Text	 [new]	Rương Khu khai quật
Items/InventoryExcavationBiomeChestDesc	Text	 [new]	Chiếc rương dùng để cất giữ vật phẩm của bạn.
Items/InventoryLarvaHiveChest	Text	 	Rương Tổ ấu trùng
Items/InventoryLarvaHiveChestDesc	Text	 	Một chiếc rương trông giống sinh vật sống hơn là vật chứa.
Items/InventoryLavaChest	Text	 	Rương dung nham
Items/InventoryLavaChestDesc	Text	 	Một chiếc rương có lớp vỏ rực lửa nhưng bên trong vẫn an toàn để cất đồ.
Items/InventoryMoldDungeonChest	Text	 	Rương Hầm ngục nấm mốc
Items/InventoryMoldDungeonChestDesc	Text	 	Một chiếc rương có móc dây móc trắng.
Items/InventorySeaBiomeChest	Text	 	Rương Biển chìm
Items/InventorySeaBiomeChestDesc	Text	 	Đây là chiếc rương hay là một con trai?
Items/IronAnvil	Text	 	Đề Sát
Items/IronAnvilDesc	Text	 	Tuyệt vời để chế tạo trang bị cấp cao.
Items/IronBar	Text	 	Thanh Sát
Items/IronBarDesc	Text	 	Một thời kim loại chắc chắn để rèn.
Items/IronBow	Text	 	Cung Sát
Items/IronBowDesc	Text	 	Một cây cũng chắc chắn để bàn kế thứ tự xa.
Items/IronBreastArmor	Text	 	Giáp Ngực Sắt
Items/IronBreastArmorDesc	Text	 	Lao vào trận chiến với mảnh giáp ngực hùng vĩ này.
Items/IronChest	Text	 	Rương sắt
Items/IronChestDesc	Text	 	Một chiếc rương cũ làm bằng sắt. Nó không còn khóa nữa.
Items/IronChunkNecklace	Text	 	Dây Chuyền Khối Sắt
Items/IronChunkNecklaceDesc	Text	 	Một món trang sức nặng giúp tăng phòng thủ.
Items/IronFishingRod	Text	 	Cần Cầu Sắt
Items/IronFishingRodDesc	Text	 	Một dụng cụ chắc chắn để kéo lên những con cá hiếm.
Items/IronHalberdSpear	Text	 	Kịch Sặt
Items/IronHalberdSpearDesc	Text	 	Một cây giáo dài xa hoa xứng tầm vệ binh hoàng gia, hoàn hảo để đám kẻ địch.
Items/IronHelm	Text	 	Mù Sặt
Items/IronHelmDesc	Text	 	Mũ cung cấp xứng đáng cho hiệp sĩ. Có kèm tấm che mặt và chùm lông sặc sỡ.
Items/IronHoe	Text	 	Cuộc Sát
Items/IronHoeDesc	Text	 	Một dụng cụ chắc chắn để chuẩn bị đặt trong trọt. Bao phủ vùng 4x4 ô.
Items/IronKey	Text	 	Chìa Khóa Sắt
Items/IronKeyDesc	Text	 	Một chiếc chìa khóa củ đúc bằng sắt. Hắn có một ổ khóa nào đó vừa với nó.
Items/IronMiningPick	Text	 	Cuốc chim sắt
Items/IronMiningPickDesc	Text	 	Một dụng cụ chắc chắn, tuyệt vời để phá những bức tường cứng hơn.
Items/IronOre	Text	 	Quặng Sắt
Items/IronOreBoulder	Text	 	Tăng Quang Sát
Items/IronOreDesc	Text	 	Thường thấy trong các bức tượng đá.
Items/IronPantsArmor	Text	 	Quân Sắt
Items/IronPantsArmorDesc	Text	 	Bàn cờ đầu gối bằng thép rồi dày!
Items/IronShield	Text	 	Khiên Sắt
Items/IronShieldDesc	Text	 	Một chiếc khiên huy hiệu mang lại sự bảo vệ đáng kể trước các đòn tấn công.
Items/IronShovel	Text	 	Xeng Sắt
Items/IronShovelDesc	Text	 	Một chiếc xẻng chắc chắn, tuyệt vời để đào đất.
Items/IronSledge	Text	 	Búa Tà Sát
Items/IronSledgeDesc	Text	 	Một vũ khí mạnh để đập tan kẻ thù và vật thể.
Items/IronSword	Text	 	Kiếm Sắt
Items/IronSwordDesc	Text	 	Một vũ khí mạnh để hạ gục kẻ thù.
Items/IronWorkBench	Text	 	Bản Chế Tạo Sát
Items/IronWorkBenchDesc	Text	 	Bản chế tạo thiết yếu để sinh tồn dưới lòng đất.
Items/ItemCollector	Text	 [new]	Máy thu gom vật phẩm
Items/ItemCollectorDesc	Text	 [new]	Thu gom vật phẩm rơi gần đó và chuyển chúng vào rương được kết nối.
Items/IvyBreastArmor	Text	 	Giáp Gai Ivy
Items/IvyBreastArmorDesc	Text	 	Mảnh giáp ngực hữu cơ này được điểm những chiếc gai, cho phép tung đòn chí mạng mạnh hơn.
Items/IvyChest	Text	 	Rương Ivy
Items/IvyChestDesc	Text	 	Một chiếc rương phụ slime gợi nhớ đến Poisonous Mass.
Items/IvyPantsArmor	Text	 	Quận Ivy
Items/IvyPantsArmorDesc	Text	 	Giáp thân dưới mọc tự nhiên trong rừng rậm dưới lòng đất, với phần đầu gối phụ gai.
Items/IvyRing	Text	 	Nhân Ivy
Items/IvyRingDesc	Text	 	Một chiếc nhẫn hữu có móc lên từ những chiếc gai phụ slime.
Items/IvyTrophy	Text	 	Tướng Ivy
Items/IvyTrophyDesc	Text	 	Bạn tái hiện sống động của Ivy, Khối Kịch Đọc.
Items/JellyFish	Text	 	Sửa Ngọc
Items/JellyFishDesc	Text	 	Một loại sữa phát sáng thừa hưởng năng lượng cổ xưa.
Items/JellyfishDestructable	Text	 	Sửa Đạt Bộ
Items/JellyfishDestructableDesc	Text	 	Một sinh vật sền sét chứa đồ vật từ biển cả.
Items/JewelryWorkBench	Text	 	Bản Chế Tạo Trang Sức
Items/JewelryWorkBenchDesc	Text	 	Bản chế tạo để làm nhân và dây chuyền.
Items/JingleJamCookie	Text	 	Bánh Quy Jingle Jam
Items/JingleJamCookieDesc	Text	 	Quá đặc biệt khi tham gia sự kiện từ thiện Jingle Jam.
Items/JuteBag	Text	 	Túi thắt lưng
Items/JuteBagDesc	Text	 	Một túi đeo thắt lưng đơn giản, làm từ vỏ cây đã được làm mịn.
Items/KeenPotion	Text	 	Thuộc Tỉnh Tướng
Items/KeenPotionDesc	Text	 	Một loại tiền được lãnh giúp tập trung giác quan và độ chính xác.
Items/KelpDumpling	Text	 	Bành Bao Tào Bé
Items/KelpDumplingDesc	Text	 	Một chiếc bánh bao mềm, ấm có mùi khá... buồn cười. Bạn không thực sự muốn biết nó từ đầu ra dầu.
Items/KelpTree	Text	 	Cây Táo Bé
Items/KelpTreeDesc	Text	 	Về kỹ thuật thì đây không phải cây mà là một cây tạo bè khổng lồ với thân là san hô xoắn kép.
Items/KeyCraftingTable	Text	 	Bạn Đức Chìa Khóa
Items/KeyCraftingTableDesc	Text	 	Một bản chế tạo với các tâm dục thay đổi được để làm đủ loại chìa khóa khác nhau.
Items/Kiln1	Text	 	Lò Gốm Đất Sét Hồng
Items/Kiln1Desc	Text	 	Trải qua nhiều năm sử dụng, chiếc lô cũ này đã không thể sửa được nữa.
Items/Kiln2	Text	 	Thung Nùng Đất Sét
Items/Kiln2Desc	Text	 	Một thiết bị đơn giản dùng để nung đất sét và làm nổ cứng hơn.
Items/KinematicDynamo	Text	 [new]	Dynamo động học
Items/KinematicDynamoDesc	Text	 [new]	Một máy phát điện biến chuyển động thành năng lượng.
Items/KingSlimeChest	Text	 	Rương King Slime
Items/KingSlimeChestDesc	Text	 	Một chiếc rương phụ đầy slime với điểm nhấn màu vàng gợi nhớ đến King Slime.
Items/KingSlimeCrown	Text	 	Vương Miện King Slime
Items/KingSlimeCrownDesc	Text	 	Một mụ đối đầu hiếm phòng bạn làm vua của mỗi loại slime. Bạn cảm thấy rất quyền quý khi đòi nợ.
Items/KingSlimeSummoningItem	Text	 	Tướng Triệu Hồi Vương Miện
Items/KingSlimeSummoningItemDesc	Text	 	Một tượng pha lê có cảm giác như đến từ thế giới khác. Bị tiêu hao khi đặt lên bất kỳ rune triệu hồi Giant Slime nào.
Items/KingSlimeTrophy	Text	 	Tướng Nho King Slime
Items/KingSlimeTrophyDesc	Text	 	Một hình ảnh sống động như thật của King Slime.
Items/KingfishScale	Text	 	Vậy Cá Vua
Items/KingfishScaleDesc	Text	 	Chiếc váy đẹp đẽ này dường như thuộc về một con cá thực sự phi thường.
Items/LCircuit	Text	 [new]	Mạch L
Items/LCircuitDesc	Text	 [new]	Mạch điển hình chữ L dùng trong các hệ thống điện tử cung.
Items/LaboratoryWorkbench	Text	 [new]	Ban chế tạo Phòng thí nghiệm
Items/LaboratoryWorkbenchDesc	Text	 [new]	Bản chế tạo dùng trong phòng thí nghiệm để tạo ra các công cụ khoa học.
Items/Lamp	Text	 	Đến
Items/LampDesc	Text	 	Sáng lên khi được cấp điện.
Items/LampPost	Text	 [new]	Cột đèn đường
Items/LampPostDesc	Text	 [new]	Cột đèn đường cao áp phản chiếu sang khu vực rộng lớn.
Items/LandKelp	Text	 	Tào Cán
Items/LandKelpDesc	Text	 	Một loại tảo có thể mọc bên ngoài nước.
Items/Lantern	Text	 	Đền Long
Items/LanternDesc	Text	 	Một nguồn sáng nhỏ, hữu ích giúp rảnh tay.
Items/LargeAlienTechDestructible	Text	 	Khối công nghệ ngoài hành tinh lớn bị phá hủy
Items/LargeAlienTechDestructibleDesc	Text	 [new]	Vật công nghệ ngoại hành lớn có thể phá hủy.
Items/LargeAncientDestructible	Text	 	Thung Cỏ Đài Lớn
Items/LargeAncientDestructibleDesc	Text	 [new]	Vật công cổ xưa lớn có thể phá hủy để lấy vật liệu.
Items/LargeBomb	Text	 	Bom Lớn
Items/LargeBombDesc	Text	 	Một chất nổ rất mạnh dùng để phá hủy quy mô lớn.
Items/LargeCityDestructible	Text	 	Thùng Đỗ Thị Lớn
Items/LargeCityDestructibleDesc	Text	 [new]	Vật thành phố lớn có thể phá hủy để lấy vật liệu.
Items/LargeCritterPouch	Text	 [new]	Túi sinh vật lớn
Items/LargeCritterPouchDesc	Text	 [new]	Túi lớn dùng để mang theo nhiều sinh vật nhỏ.
Items/LargeCrystalDestructible	Text	 	Phà Lê Mặt Trời Lớn
Items/LargeCrystalDestructibleDesc	Text	 [new]	Vật pha lê lớn có thể phá hủy để lấy vật liệu.
Items/LargeDesertDestructible	Text	 	Bình Hoa Sa Mạc Lớn
Items/LargeDesertDestructibleDesc	Text	 [new]	Vật sa mạc lớn có thể phá hủy để lấy vật liệu.
Items/LargeDesertTempleDestructible	Text	 	Thung Đền Thờ Lớn
Items/LargeDesertTempleDestructibleDesc	Text	 [new]	Vật đen thô sa mạc lớn có thể phá hủy.
Items/LargeFishPouch	Text	 [new]	Túi cá lớn
Items/LargeFishPouchDesc	Text	 [new]	Túi lớn dùng để mang theo nhiều con cá.
Items/LargeJellyfishDestructable	Text	 	Sửa Đất Bộ Lớn
Items/LargeMoldDestructible	Text	 	Bình Nam Mộc Lớn
Items/LargeMoldDestructibleDesc	Text	 [new]	Vật Nhung lớn có thể phá hủy để lấy vật liệu.
Items/LargeOreAndBlockPouch	Text	 [new]	Túi quặng và khói lớn
Items/LargeOreAndBlockPouchDesc	Text	 [new]	Túi dạng lượng lớn dùng quặng và khối vật liệu.
Items/LargePassageDestructible	Text	 	Cụm Hoa Thạch Lớn
Items/LargePassageDestructibleDesc	Text	 	Một dòng hóa thạch sinh vật biển với hóa chất chống. Bên trong có thể có một ít tài nguyên.
Items/LargePotionPouch	Text	 [new]	Túi thuốc lớn
Items/LargePotionPouchDesc	Text	 [new]	Túi dạng lượng lớn dùng các loại thuốc.
Items/LargeSeedAndCropsPouch	Text	 [new]	Túi hạt và hoa màu lớn
Items/LargeSeedAndCropsPouchDesc	Text	 [new]	Túi dạng lượng lớn dùng hạt giống và hoa màu.
Items/LargeShinyGlimmeringObject	Text	 	Vật Thể Lấp Lãnh Sáng Bóng Lớn
Items/LargeShinyGlimmeringObjectDesc	Text	 	Một vật thể pha lê hình quả trứng. Nó sẽ thu hút ánh nhìn của bạn ngay cả từ khoảng cách xa.
Items/LargeTempleRug	Text	 	Thẩm Trang Trí Đền Thờ Lớn
Items/LargeTempleRugDesc	Text	 	Một tấm thảm cỏ lớn với hoa văn rất tinh xảo dẹt vào trong. Hắn nó từng là một vật đắt giá và là dấu hiệu của sự thịnh vượng.
Items/LargeValuablePouch	Text	 [new]	Túi vật quý lớn
Items/LargeValuablePouchDesc	Text	 [new]	Túi dạng lượng lớn dùng các vật quý.
Items/LargeWaterCan	Text	 	Bình Tuổi Lớn
Items/LargeWaterCanDesc	Text	 	Dùng để tưới hạt giống và đất. Chứa nhiều nước hơn bình tưới thường và bao phủ một vùng 2x2 ở.
Items/Larva	Text	 	Ấu Trùng
Items/LarvaBBQ	Text	 	Hồ Lúa Nương
Items/LarvaBBQDesc	Text	 	Vừa là lò sưởi, vừa là chỗ nướng. Đây là nơi tuyệt vời để quây quần và thưởng thức vài miếng thịt ấu trùng nướng.
Items/LarvaBossCrystal	Text	 	Súng Ghorm
Items/LarvaBossCrystalDesc	Text	 	Một viên đá quý nhọn khiến một con ấu trùng lớn vượt xa kích thước tối đa của nó.
Items/LarvaBossScanner	Text	 	Mây Quét Ghorm, Kẻ Ngấu Nghiến
Items/LarvaBossScannerDesc	Text	 	Quét thế giới để tìm Ghorm, Kẻ Ngấu Nghiến. Bị tiêu hao khi quét thành công.
Items/LarvaBossSummoningItem	Text	 	Tướng Triệu Hồi Ghorm
Items/LarvaBossSummoningItemDesc	Text	 	Tướng pha lê để đánh thức Ghorm, Kế Ngẫu Nghiên. Bị tiêu hao khi đặt lên rune triệu hồi của Ghorm.
Items/LarvaBreastArmor	Text	 	Giáp Ngực Ấu Trùng
Items/LarvaBreastArmorDesc	Text	 	Đừng làm gì khác. Cứ làm ấu trùng đi.
Items/LarvaHelm	Text	 	Mù Âu Trung
Items/LarvaHelmDesc	Text	 	Chàng cần mù điều đã. Cứ ấu trùng thời.
Items/LarvaMeat	Text	 	Thịt Âu Trung
Items/LarvaMeatDesc	Text	 	Chỉ kể sống sót thực thụ mới ăn sống.
Items/LarvaRing	Text	 	Nhân Âu Trung
Items/LarvaRingDesc	Text	 	Một chiếc nhẫn sống. Không dành cho kẻ yếu bóng vía đeo.
Items/LarvaSkewer	Text	 	Xiển Âu Trung
Items/LarvaSkewerDesc	Text	 	Một cách khá tàn nhẫn để tích trữ thịt đúng đắn.
Items/LarvaSpikeClub	Text	 	Chuy Gai Ấu Trùng
Items/LarvaSpikeClubDesc	Text	 	Một vũ khí đắp nên khó mà chống đỡ.
Items/LarvaTrophy	Text	 	Tướng Âu Trung
Items/LarvaTrophyDesc	Text	 	Mô hình ấu trùng giống như thật.
Items/LarvaskinRug	Text	 	Thăm Đá Âu Trung
Items/LarvaskinRugDesc	Text	 	Tấm thảm gồm ghiec này còn là chiến lợi phẩm từ con ấu trùng bị săn lấy da.
Items/LarvaskinRugRed	Text	 	Thăm Đá Âu Trung Tộ
Items/LarvaskinRugRedDesc	Text	 	Tấm thảm gồm ghiec này còn là chiến lợi phẩm từ con ấu trùng tơ bị săn lấy da.
Items/LarvaskinTent	Text	 	Lều Đa Ấu Trưng
Items/LarvaskinTentDesc	Text	 	Kiểu nhà đơn giản này hẳn đã dùng đến rất nhiều đá ấu trùng. Còn có cả mảnh đá của các sinh vật khác chắp vào nữa.
Items/LaserDrillTool	Text	 	Tía Huy Điệt
Items/LaserDrillToolDesc	Text	 	Một công cụ đào năng lượng cao luôn chực chờ bùng nổ. Tia laser chỉ chực thoát ra làm tan chảy gần như mọi thứ trên đường đi.
Items/LavaAxe	Text	 	Rìu Chiến Dung Nham
Items/LavaAxeDesc	Text	 	Một vũ khí nặng nề, ầm ĩ cháy như thế vừa được lấy ra khỏi lò rèn.
Items/LavaBreastArmor	Text	 	Giáp Thân Magma
Items/LavaBreastArmorDesc	Text	 	Bò giáp rực lửa này gần như nóng đến mức không cầm nổi nhưng lại tới luyện vững vàng khi được mắc vào.
Items/LavaButterfly	Text	 	Bướm Dung Nham
Items/LavaButterflyTrophy	Text	 	Tướng Bướm Dung Nham
Items/LavaButterflyTrophyDesc	Text	 	Mô hình bướm dung nham giống như thật.
Items/LavaHelm	Text	 	Giáp Sùng Magma
Items/LavaHelmDesc	Text	 	Một món trang bị khả định khiến bạn trông như sự giả của diệt vong.
Items/LavaMortar	Text	 [new]	Cờ Lửa
Items/LavaMortarDesc	Text	 [new]	Có pha chế được nung trong dung nham. Dùng để chế tạo các vật phẩm đặc biệt.
Items/LavaPantsArmor	Text	 	Giáp Ông Chân Magma
Items/LavaPantsArmorDesc	Text	 	Giáp chăn nóng chảy làm từ đá lỏng, đem lại định nghĩa hoàn toàn mới cho đôi chân nóng bỏng.
Items/LavaPost1	Text	 	Cột Gò Mỏ Đá Gậy
Items/LavaPost1Desc	Text	 	Nửa còn lại của một kết cấu gỗ gãy vỡ tường như từng giữ vật gì đó cố định.
Items/LavaPost2	Text	 	Cột Gò Mỏ Đá Lớn
Items/LavaPost2Desc	Text	 	Một kết cấu gỗ dùng để giữ quặng và đá phía trên lửa. Nhiệt độ tăng vọt đã khiến nó không còn dùng được.
Items/LavaRock	Text	 	Đa Dung Nham
Items/LavaRockDesc	Text	 	Bạn không chắc tại sao mình làm thế này... nhưng ít ra giờ bạn có một viên đá rất nóng.
Items/LavaShield	Text	 	Khiên Thiếu Đột
Items/LavaShieldDesc	Text	 	Lớp vỏ da nóng chảy, được tạo hình để cắm như một chiếc khiên.
Items/LavaSlime	Text	 	Slime magma
Items/LavaSlimeBlob	Text	 	Slime dung nham
Items/LavaSlimeBossChest	Text	 	Rương Igneous
Items/LavaSlimeBossChestDesc	Text	 	Một chiếc rương phụ magma gợi nhớ đến Molten Mass.
Items/LavaSlimeBossScanner	Text	 	Mây Quet Igneous, Khối Nham Thạch
Items/LavaSlimeBossScannerDesc	Text	 	Quét thế giới để tìm Igneous, Khôi Nham Thạch. Bị tiêu hao khi quét thành công.
Items/LavaSlimeDesc	Text	 	Một khối slime chạy rực màu sẫm. Có thể chế biến thêm.
Items/LavaSlimeTrophy	Text	 	Tướng Slime Dung Nham
Items/LavaSlimeTrophyDesc	Text	 	Mô hình slime dùng nhầm giống như thật.
Items/LavaStalagmite	Text	 	Mang Đá Dung Nham
Items/LavaStalagmiteDesc	Text	 	Một cột đá hình thành qua hàng ngàn năm từ magma nhỏ giọt.
Items/LavaWoodenDestructible	Text	 	Thung Cháy Sem
Items/LavaWoodenDestructibleDesc	Text	 	Chiếc thùng gỗ này đã bị môi trường thiêu đốt làm cho đèn sấm.
Items/LeafFossil	Text	 	Hoa Thạch La
Items/LeafFossilDesc	Text	 	Bằng chứng của một môi trường từng tuổi tốt.
Items/Leash	Text	 	Dãy Đất
Items/LeashDesc	Text	 	Dây xích dài này có thể bước vào gia súc để lừa chúng đi nhanh hơn. Khả hữu ích khi có kẻ thù đang săn lùng chút thịt mềm.
Items/LeatherFrame	Text	 	Khung Cảng Đá
Items/LeatherFrameDesc	Text	 	Khung gỗ này được dùng để căng da ấu trùng và chế biến thành da thuộc.
Items/LeatherFrameSmall	Text	 	Khung Cảng Đá Nhỏ
Items/LeatherFrameSmallDesc	Text	 	Khung gỗ nhỏ này tận dụng cả những ấu trùng bé nhất để biến đa chúng thành đa thuốc.
Items/LegendaryBow	Text	 	Phantom Spark
Items/LegendaryBowDesc	Text	 	Một cây cung huyền thoại, được chế tác bậc thầy, bắn ra những tia năng lượng thuần khiết. Đôi khi chúng xuyên qua bức màn không gian và thời gian, triệu hồi linh hồn của quá khứ.
Items/LegendaryBowParchment	Text	 	Giày Da Khắc Phù
Items/LegendaryBowParchmentDesc	Text	 	Một mảnh giấy có được bảo quản kỹ lưỡng đến lạ thường. Trên đó có những ký tự và hình ảnh chỉ cách rèn ra một vũ khí cổ đại mạnh mẽ.
Items/LegendaryBowPart1	Text	 	Đa Quy Dân Năng
Items/LegendaryBowPart1Desc	Text	 	Một viên đá quý có được chạm khắc đặc biệt, tập trung năng lượng ở đầu mũi. Có vẻ đây là phần lõi của một vũ khí cổ đại mạnh mẽ.
Items/LegendaryBowPart2	Text	 	Cảnh Cung Võ
Items/LegendaryBowPart2Desc	Text	 	Những mảnh văng từng được nung chảy hợp nhất để chịu áp lực lớn. Hắn phải có thứ gì đó vô cùng mạnh mẽ mọi bề gầy được chúng.
Items/LegendaryBowPart3	Text	 	Dãy Cung Năng Lượng
Items/LegendaryBowPart3Desc	Text	 	Một sợi tơ mảnh dẹt bằng những mảnh đá quý có dải li ti. Sự tồn tại của nó là minh chứng cho khả năng làm chủ vật liệu tuyệt đối của người tạo ra nó.
Items/LegendaryMiningPick	Text	 	Soul Seeker
Items/LegendaryMiningPickDesc	Text	 	Bản nguyên mẫu kế thừa của Cuộc Cổ Đại từng bị bỏ dở. Trong ngọn lửa của Lò Rèn Cổ Đài, nó cuối cùng cũng được hoàn thiện.
Items/LegendaryMiningPickParchment	Text	 	Giấy Da Mật Mã
Items/LegendaryMiningPickParchmentDesc	Text	 	Một cuộn giấy vàng được bảo quản kỹ lưỡng đến lạ thường. Giữa những ký tự viền xanh lá hình vẽ một lỗ ren cổ đại trông như khuôn mặt của một Caveling.
Items/LegendaryMortar	Text	 [new]	Có truyền thuyết
Items/LegendaryMortarDesc	Text	 [new]	Có pha chế thuốc truyền thuyết với sức mạnh to lớn.
Items/LegendaryMortarParchment	Text	 [new]	Cuốn đã truyền thuyết (Cô)
Items/LegendaryMortarParchmentDesc	Text	 [new]	Cuốn đã hướng dẫn cách tạo ra Cổ truyền thuyết.
Items/LegendaryMortarPart1	Text	 [new]	Phần 1 Có truyền thuyết
Items/LegendaryMortarPart1Desc	Text	 [new]	Phần của một có pha chế truyền thuyết. Cần nhiều phần để góp đủ.
Items/LegendaryMortarPart2	Text	 [new]	Phần 2 Có truyền thuyết
Items/LegendaryMortarPart2Desc	Text	 [new]	Phần của một có pha chế truyền thuyết. Cần nhiều phần để góp đủ.
Items/LegendaryMortarPart3	Text	 [new]	Phần 3 Có truyền thuyết
Items/LegendaryMortarPart3Desc	Text	 [new]	Phần của một có pha chế truyền thuyết. Cần nhiều phần để góp đủ.
Items/LegendaryStaff	Text	 [new]	Phương trượng truyền thuyết
Items/LegendaryStaffDesc	Text	 [new]	Phương trượng phép thuật truyền thuyết với sức mạnh kinh khủng.
Items/LegendaryStaffParchment	Text	 [new]	Cuốn đã truyền thuyết (Phương trường)
Items/LegendaryStaffParchmentDesc	Text	 [new]	Cuốn đã hướng dẫn cách tạo ra Phương trường truyền thuyết.
Items/LegendaryStaffPart1	Text	 [new]	Phần 1 Phương trường truyền thuyết
Items/LegendaryStaffPart1Desc	Text	 [new]	Phần của phương trường truyền thuyết. Cần nhiều phần để góp đủ.
Items/LegendaryStaffPart2	Text	 [new]	Phần 2 Phương trường truyền thuyết
Items/LegendaryStaffPart2Desc	Text	 [new]	Phần của phương trường truyền thuyết. Cần nhiều phần để góp đủ.
Items/LegendaryStaffPart3	Text	 [new]	Phần 3 Phương trường truyền thuyết
Items/LegendaryStaffPart3Desc	Text	 [new]	Phần của phương trường truyền thuyết. Cần nhiều phần để góp đủ.
Items/LegendarySword	Text	 	Rune Song
Items/LegendarySwordBlade	Text	 	Lưới Kiềm Sút
Items/LegendarySwordBladeDesc	Text	 	Một mảnh của vũ khí cổ đại. Vẻ ngoài như thủy tinh khiến nó trông mong manh nhưng nó cũng hơn bất kỳ vật liệu nào bắn từng thấy.
Items/LegendarySwordDesc	Text	 	Một thanh kiếm huyền thoại ngắn vàng khi vung quả không trung. Độ bền của nó là dấu hiệu của tay nghề phi thường và nó có sức mạnh hạ gục kẻ thù chỉ trong một đòn.
Items/LegendarySwordGemstone	Text	 	Đá Quý Trọng Suốt
Items/LegendarySwordGemstoneDesc	Text	 	Một mảnh của vũ khí cổ đại. Dù cũng chất liệu với đá quý cổ đại, viên này lại trong suốt một cách kỳ lạ và tràn đầy nguồn năng lượng lạ thường.
Items/LegendarySwordParchment	Text	 	Giấy Da Khắc Kỷ Tử
Items/LegendarySwordParchmentDesc	Text	 	Một mảnh giấy có được bảo quản kỹ lưỡng đến lạ thường. Các ký tự không thể giải mã nhưng những biểu tượng nhỏ gợi ý rằng đó là công thức cho một vũ khí kỳ lạ.
Items/Lever	Text	 	Cần Gạt
Items/LeverDesc	Text	 	Tạo ra một lượng điện nhỏ có thể bật và tắt.
Items/LightningGun	Text	 	Stormbringer
Items/LightningGunDesc	Text	 	Được tăng cường bởi nguồn năng lượng bí ẩn, vũ khí này giải phóng những tia sét lan truyền lên kẻ thù. Cấm nó tạo cảm giác râm ran chạy dọc cánh tay.
Items/LiquidMetal	Text	 	Hợp Kim Long Tuyết Hào
Items/LiquidMetalBasin	Text	 	Bốn Hợp Kim Long
Items/LiquidMetalBasinDesc	Text	 	Một khối đá tự nhiên có hoạt động núi lửa. Sự kết nối với lòng đất sau thảm cho phép nó hình thành một loại kim loại đặc biệt.
Items/LiquidMetalDesc	Text	 	Một dòng chất lỏng kim loại nóng sôi, hòa vào tế bào có thể sau khi tiêu thụ, khiến chúng dẻo dai hơn.
Items/LiquidMetalVent	Text	 	Lỗ Thoát Hợp Kim Long
Items/LiquidMetalVentDesc	Text	 	Một nhánh phụ của Bồn Hợp Kim Long có nhiệm vụ giải phóng nhiệt tích tụ.
Items/LithoTrilobite	Text	 	Bộ Ba Thủy Litho
Items/LithoTrilobiteDesc	Text	 	Hậu duệ đột biến của tổ tiên đã tuyệt chủng. Lớp vỏ xám của nó đã thích nghi để chịu được áp lực cực lớn.
Items/LockedCopperChest	Text	 	Rương đồng bị khóa
Items/LockedCopperChestDesc	Text	 	Một chiếc rương thô sơ làm từ đồng với xích nâng quấn quanh. Có thể mở bằng dùng chìa khóa.
Items/LockedGalaxiteChest	Text	 	Rương Galaxite bị khóa
Items/LockedGalaxiteChestDesc	Text	 	Một chiếc rương bất khả phá làm từ galaxite với xích nâng quấn quanh. Có thể mở bằng dùng chìa khóa.
Items/LockedIronChest	Text	 	Rương sắt bị khóa
Items/LockedIronChestDesc	Text	 	Một chiếc rương cũ làm từ sắt với xích nâng quấn quanh. Có thể mở bằng dùng chìa khóa.
Items/LockedKingChest	Text	 	Rương Vua sa mạc bị khóa
Items/LockedOctarineChest	Text	 	Rương Octarine bị khóa
Items/LockedOctarineChestDesc	Text	 	Một chiếc rương cồng kềnh làm từ octarine với xích nâng quấn quanh. Có thể mở bằng dùng chìa khóa.
Items/LockedPrinceChest	Text	 	Rương Hoàng tử sa mạc bị khóa
Items/LockedQueenChest	Text	 	Rương Nữ hoàng sa mạc bị khóa
Items/LockedReluciteChest	Text	 [new]	Rương Relucite bị khóa
Items/LockedReluciteChestDesc	Text	 [new]	Rương bị khóa. Cần chìa khóa Relucite để mở.
Items/LockedScarletChest	Text	 	Rương Scarlet bị khóa
Items/LockedScarletChestDesc	Text	 	Một chiếc rương chắc chắn làm từ scarlet với xích nâng quấn quanh. Có thể mở bằng dùng chìa khóa.
Items/LockedSolariteChest	Text	 	Rương Solarite bị khóa
Items/LockedSolariteChestDesc	Text	 	Một chiếc rương lấp lánh làm từ solarite với xích nâng quấn quanh. Có thể mở bằng dùng chìa khóa.
Items/LogicCircuit	Text	 	Mạch Logic
Items/LogicCircuitDesc	Text	 	Điện có thể đi qua mạch khí nhận được điện ở đúng 2 trên 3 đầu vào.
Items/LoomSpinningWheel	Text	 	Khung Cui
Items/LoomSpinningWheelDesc	Text	 	Thiết bị cổ xưa này cho phép biến sợi thành những bộ quần áo và trang phục đẹp đẽ.
Items/LooseFlooring	Text	A decorative flooring item like bricks or stone plates. they can change design a bit depending on what the player color them hence why we don't call it just 'stone plates' or so	San Roi
Items/LooseFlooringDesc	Text	 	Một bộ vật liệu lát nền để tạo hình làm từ đất sét. Người chơi nghiệp dư đích thực có thể biến chúng thành nhiều hình dạng và màu sắc khác nhau.
Items/LostPaddle	Text	 	Mãi Chèo Thất Lạc
Items/LostPaddleDesc	Text	 	Đâu đó hắn có ai đang chèo vòng vòng.
Items/LucentOakTree	Text	 	Soi Lấp Lãnh
Items/LucentOakTreeDesc	Text	 	Thụ từng trồng như một cây bình thường đã bị phá lễ thâm vào, biến nó thành một tác phẩm nghệ thuật sống.
Items/LuckyCat	Text	 [new]	Mèo may mắn
Items/LuckyCatDesc	Text	 [new]	Tướng mèo vun tay mang lại may mắn. Xưa đuổi vẫn xui ra khỏi căn cứ.
Items/LuckyRing	Text	 	Nhan Mây Man
Items/LuckyRingDesc	Text	 	Một chiếc nhẫn rẻ tiền từ máy bán hàng tự động. Nếu tin đủ mạnh, bạn có thể cảm thấy may mắn hơn.
Items/LumpOfCoal	Text	 	Cúc Than
Items/LumpOfCoalDesc	Text	 	Một cục than bụi bám làm tay bẩn định đen và lương tâm vậy bẩn. Phải chẳng bẩn đã hư hỏng?
Items/Lunacorn	Text	 	Lunacorn
Items/LunacornDesc	Text	 	Một loại cây bột, nhiều màu sắc giúp tăng độ dẻo dai.
Items/LunacornRare	Text	 	Lunacorn Vàng
Items/LunacornRareDesc	Text	 	Một biến thể cực hiếm của lunacorn thông thường.
Items/LunacornSeed	Text	 	Hát Giọng Lunacorn
Items/LunacornSeedDesc	Text	 	Khi trồng sẽ mọc thành cây truyền cảm hứng. Chỉ mọc trên nền pha lê.
Items/LuxuriousHandmirror	Text	 	Gương Cám Tây Sang Trọng
Items/LuxuriousHandmirrorDesc	Text	 	Một chiếc gương cầm tay còn rất tốt. Rõ ràng ai đó có gu thẩm mỹ.
Items/MagicMirror	Text	 	Gương Phép
Items/MagicMirrorDesc	Text	 	Món nội thất bí ẩn này đã được tăng cường theo những cách kỳ lạ. Nhìn vào nó cho phép bạn thay đổi ngoại hình.
Items/MagicPotion	Text	 	Thuộc Huyện Bí
Items/MagicPotionDesc	Text	 	Một hỗn hợp để bay hơi khuếch đại năng lượng phép của bạn.
Items/MagnetOffHand	Text	 [new]	Nam châm
Items/MagnetOffHandDesc	Text	 [new]	Nam châm cầm tay hút vật phẩm rồi liên tục kéo chúng về phía bạn.
Items/MagneticRing	Text	 	Nhân Nam Chăm
Items/MagneticRingDesc	Text	 	Một chiếc nhẫn kỳ lạ hút chiến lợi phẩm quanh bàn trong bàn kính rộng hơn. Nam châm, chúng hoạt động thế nào nhi?
Items/MakeAWishHat	Text	 [new]	Mụ Ước nguyện
Items/MakeAWishHatDesc	Text	 [new]	Chiếc mũ ước nguyện. Chức điều ước của bạn định thành hiện thực.
Items/MalugazChest	Text	 [new]	Rương Malugaz
Items/MalugazChestDesc	Text	 [new]	Chiếc rương được Malugaz bảo vệ. Chưa vật phẩm quý giá.
Items/MalugazTrophy	Text	 	Tướng Malugaz
Items/MalugazTrophyDesc	Text	 	Hình ảnh sống động của Malugaz, Kẻ Sa Nga.
Items/ManaPotion	Text	 [new]	Thuốc mana
Items/ManaPotionDesc	Text	 [new]	Thuộc họ lại một phần mana cho người dùng.
Items/Mannequin	Text	 	Ma-nô-cánh
Items/MannequinDesc	Text	 	Một hình nộm gỗ tuyết với đế trưng bày trang bị và bột cảm thấy cô đơn.
Items/MeadowBush	Text	 	Bụi Cây Đồng Cỏ
Items/MeadowBushDesc	Text	 	Một khoảnh cờ vàng óng vùng đồng cỏ để dùng làm vật trang trí.
Items/MeadowTallGrass	Text	 	Cổ Đông Cổ Cao
Items/MeadowTallGrassDesc	Text	 	Một khoảnh lớn có cao vàng óng vùng đồng cỏ để dùng làm vật trang trí.
Items/MeadowTree	Text	 	Cây Đông Cơ
Items/MeadowTreeDesc	Text	 	Sự yên bình của động cơ đã tạo ra một biến thể của Cây Sum Sue mọc là màu vàng óng. Trong lại xuống đất để trang trí cho ngôi nhà của bạn.
Items/Meat	Text	 	Thịt Vân Mô
Items/MeatDesc	Text	 	Một tảng thịt dày, cho được hầm và nêm nếm.
Items/MechanicalArm	Text	 	Cánh Tây Cơ Khí
Items/MechanicalArmDesc	Text	 	Một mảnh công nghệ cổ xưa bị cây cối phủ kín. Các khớp đá cùng những hạn nổ từng làm được những nhiệm vụ đáng kinh ngạc.
Items/MechanicalPart	Text	 	Bộ Phan Cơ Khí
Items/MechanicalPartDesc	Text	 	Một mảnh máy móc cổ xưa.
Items/MediumCritterPouch	Text	 [new]	Túi sinh vật vừa
Items/MediumCritterPouchDesc	Text	 [new]	Túi có kích thước vừa dùng để mang theo sinh vật nhỏ.
Items/MediumFishPouch	Text	 [new]	Tui cá vừa
Items/MediumFishPouchDesc	Text	 [new]	Túi có kích thước vừa dùng để mang theo cá.
Items/MediumOreAndBlockPouch	Text	 [new]	Túi quặng và khói vừa
Items/MediumOreAndBlockPouchDesc	Text	 [new]	Túi có kích thước vừa dùng quãng và khối vật liệu.
Items/MediumPotionPouch	Text	 [new]	Túi thuốc vừa
Items/MediumPotionPouchDesc	Text	 [new]	Túi có kích thước vừa dùng các loại thuốc.
Items/MediumSeedAndCropsPouch	Text	 [new]	Túi hạt và hoa màu vừa
Items/MediumSeedAndCropsPouchDesc	Text	 [new]	Túi có kích thước vừa dùng hạt giống và hoa màu.
Items/MediumValuablePouch	Text	 [new]	Túi vật quý vừa
Items/MediumValuablePouchDesc	Text	 [new]	Túi có kích thước vừa đúng các vật quý.
Items/MeltingCrystalRing	Text	 	Nhân Phả Lễ Chay
Items/MeltingCrystalRingDesc	Text	 	Một chiếc nhẫn nhấp nháy nhỏ như slime trơn trượt xuống sàn.
Items/MetalBarrel	Text	 [new]	Thùng kim loại
Items/MetalBarrelDesc	Text	 [new]	Thùng kim loại đáy vật liệu. Có thể dùng để trang trí.
Items/MetalBarricade	Text	 [new]	Rào chắn kim loại
Items/MetalBarricadeDesc	Text	 [new]	Rào chắn kim loại dùng để chặn đường kẻ địch.
Items/MetalGrateBridge	Text	 	Lưới Sắt
Items/MetalGrateBridgeDesc	Text	 	Một cây cầu kim loại từng được dùng để băng qua dung nham trong mỏ đá nóng chảy.
Items/MetalPallet	Text	 [new]	Pallet kim loại
Items/MetalPalletDesc	Text	 [new]	Pallet kim loại để xếp vật liệu và hàng hóa.
Items/MetalTable	Text	 [new]	Bán kim loại
Items/MetalTableDesc	Text	 [new]	Bàn kim loại chắc chắn dùng để chế tạo.
Items/MeteorStaff	Text	 [new]	Phương trượng Sao băng
Items/MeteorStaffDesc	Text	 [new]	Phương trượng triệu hồi các sao băng rơi xuống từ trên trời tiêu diệt kẻ địch.
Items/MeteorStaffLesser	Text	 [new]	Pháp trượng sao băng nhỏ
Items/MeteorStaffLesserDesc	Text	 [new]	Phiên bản nhỏ của Phương trượng Sao băng, gây ít sát thương hơn.
Items/MildewLeaf	Text	 	La Mộc
Items/MildewLeafDesc	Text	 	Một chiếc lá có đốm mọc trắng. Ngoài ra trong nó vẫn lành lặn.
Items/Milk	Text	 	Sửa Đồng Cơ
Items/MilkDesc	Text	 	Một chai sữa có hương vani nhẹ và đủ vị mộc mạc.
Items/Mimite	Text	Mimite is a word combination from Mimic + Mite. Please translate accordingly into other languages	Mimite
Items/MimiteTrophy	Text	 	Tướng Mimite
Items/MimiteTrophyDesc	Text	 	Hình ảnh sống động của một Mimite.
Items/Minecart	Text	 	Xe Goong
Items/MinecartDesc	Text	 	Cho phép đi trên đường ray với tốc độ cao.
Items/MinerBreastArmor	Text	 	Do Lao Động Cửa Thổ Mở
Items/MinerBreastArmorDesc	Text	 	Một bộ đồ khóa kéo kín khi để làm việc trong hàng sau. Mẫu cấm nổi bật làm nó thêm chính quy.
Items/MinerHelm	Text	 	Mụ Bảo Hộ Của Thợ Mỏ
Items/MinerHelmDesc	Text	 	Một chiếc mũ tiền dùng tích hợp kính bảo hộ và đến đời đầu vẫn còn hoạt động.
Items/MinerPantsArmor	Text	 	Quân Lao Động Cửa Thổ Mở
Items/MinerPantsArmorDesc	Text	 	Quân vua vẫn giúp việc đi lại dưới lòng đất tiện lợi hơn nhiều. Kèm theo dõi ứng cao sự kêu kéo kết.
Items/Minigun	Text	 [new]	Súng Minigun
Items/MinigunDesc	Text	 [new]	Súng minigun bắn ra loa dần dần liên tục. Rất nặng nhưng vô cùng hiệu quả.
Items/MinionDetonator	Text	 [new]	Máy kích nổ lính
Items/MinionDetonatorDesc	Text	 [new]	Kích nổ tất cả các lính được triệu hồi của bạn.
Items/MinionDetonatorMinor	Text	 [new]	Máy kích nổ lính nhỏ
Items/MinionDetonatorMinorDesc	Text	 [new]	Phiên bản nhỏ của Máy kích nổ lính, chỉ gây ít sát thương.
Items/MinionPotion	Text	 	Thuốc Giao Ước Sức Mạnh
Items/MinionPotionDesc	Text	 	Một chất lỏng trong đáng ngại làm tăng sức mạnh cho đội quân triệu hồi của bạn.
Items/MinionRange	Text	 	Tây Sái Đôi
Items/MoldChest	Text	 	Rương nấm mốc
Items/MoldChestDesc	Text	 	Chiếc rương cổ xưa nay đã bị nấm mốc phủ kín.
Items/MoldCicada	Text	 	Ve sầu nấm mốc (có liềm)
Items/MoldCicadaDesc	Text	 	Một con ve sầu khổng lồ đã chết trước khi kịp lột xác. Trông như nó bị nhiễm một loại nấm mốc hung dữ khiến nở hoa điên loạn.
Items/MoldCicadaWithoutSickle	Text	 	Ve sầu nấm mốc
Items/MoldCicadaWithoutSickleDesc	Text	 	Một con ve sầu khổng lồ đã chết trước khi kịp lột xác. Trông như nó bị nhiễm một loại nấm mốc hung dữ khiến nở hoa điên loạn.
Items/MoldDestructible	Text	 	Bộc Nam Mộc
Items/MoldDestructibleDesc	Text	 	Một bụi năm ròng, lông tơ. Đập vỡ nở ra có thể thu được vài món hữu ích.
Items/MoldDew	Text	 	Sương Nam Mộc
Items/MoldDewDesc	Text	 	Sương màu vàng kim tỏa ra từ bao tử nấm mốc, biết đâu có người dùng được nó.
Items/MoldPillar	Text	 	Cột Nam Mộc
Items/MoldPillarDesc	Text	 	Một cột trụ cổ xưa khắc hình Lôi, bị năm mộc phủ kín.
Items/MoldRing	Text	 	Nhân Nam Mộc
Items/MoldRingDesc	Text	 	Một chiếc nhẫn mềm chậm rãi nhả ra bao tử năm móc.
Items/MoldShark	Text	 	Cá Mập Mộc
Items/MoldSharkDesc	Text	 	Một kẻ săn mồi nhỏ của vùng nước nấm mọc đục ngàu.
Items/MoldShell	Text	 	Võ Nam Mộc
Items/MoldShellDesc	Text	 	Lớp vỏ nhợt nhạt, lông tơ của một sinh vật đã rời đi.
Items/MoldTentacle	Text	 	Xúc Tu Nam Mộc
Items/MoldTentacleTrophy	Text	 	Tướng Xúc Từ Nam Mộc
Items/MoldTentacleTrophyDesc	Text	 	Mô hình sông đông của Xúc Tu Nam Mộc.
Items/MoldTree	Text	 	Cây Nam Mộc
Items/MoldTreeDesc	Text	 	Cây xanh tươi này đã bị nấm mốc xâm nhiễm hoàn toàn.
Items/MoldVeinNecklace	Text	 	Dây Chuyền Sói Nam Mộc
Items/MoldVeinNecklaceDesc	Text	 	Một vòng sợi hữu cơ trắng, bám chặt vào da.
Items/MoldWell	Text	 	Giếng Nam Mộc
Items/MoldWellDesc	Text	 	Chắc chắn bạn không muốn tưới cây bằng thứ chưa trồng này đâu.
Items/MoldwebBreastArmor	Text	 	Giáp Ngực Mang Mốc
Items/MoldwebBreastArmorDesc	Text	 	Một mảnh giáp ngực phụ nam mọc sống, khao khát con mồi to lớn.
Items/MoldwebHelm	Text	 	Mũ Mang Mộc
Items/MoldwebHelmDesc	Text	 	Một mảnh giáp đầu phụ nam mọc sống. Nhịp đập của nó tăng cường chức năng có thể bắn.
Items/MoldwebPantsArmor	Text	 	Quận Mang Mộc
Items/MoldwebPantsArmorDesc	Text	 	Trang bị chân phụ nam mọc sống. Có vẻ nó không thèm ăn người mặc.
Items/MoltenButterflyWing	Text	 	Cảnh Dung Nham Tấn Cháy
Items/MoltenButterflyWingDesc	Text	 	Cánh của một con bướm dung nham, vung nỏ lên khiến tia lửa bắn ra từ phía.
Items/MoonstoneOffhand	Text	 	Đá Mặt Trăng
Items/MoonstoneOffhandDesc	Text	 	Tình thế nguyên số này chưa đầy năng lượng. Nó khiến bạn cảm thấy quyết tâm.
Items/MorphaBag	Text	 	Tui Bong Bong của Morpha
Items/MorphaBagDesc	Text	 	Một chiếc túi co giãn với rất nhiều chỗ chứa, hình thành từ một nhánh móc bên ngoài của Morpha.
Items/MorphaChest	Text	 	Rương Morpha
Items/MorphaChestDesc	Text	 	Một chiếc rương phụ slime gợi nhớ đến Aquatic Mass.
Items/MorphaRing	Text	 	Nhân của Morpha
Items/MorphaRingDesc	Text	 	Một vòng nhỏ kỳ lạ làm từ slime xanh, gần như tuột khỏi ngón tay bẩn.
Items/MorphaTrophy	Text	 	Tướng Morpha
Items/MorphaTrophyDesc	Text	 	Mô hình sông đóng của Morpha, Khối Thủy Sinh.
Items/MucusAmoeba	Text	 	Trứng amip nhầy
Items/MucusAmoebaDesc	Text	 	Một côn trùng amip khổng lồ nhảy nhựa, có vẻ như nó đang nhìn bàn.
Items/MummyCaveling	Text	 	Xác Ướp Caveling
Items/Mushroom	Text	 	Nam
Items/MushroomBrute	Text	 	Shrooman Hung Hán
Items/MushroomDesc	Text	 	Một cây năm hạng nhỏ, hoàn hảo cho bữa ăn nhẹ dọc đường.
Items/MushroomEnemy	Text	 	Shrooman
Items/MushroomEnemyTrophy	Text	 	Tướng Shrooman
Items/MushroomEnemyTrophyDesc	Text	 	Mô hình sống động của một shrooman.
Items/MushroomHelm	Text	 	Mũ Shrooman
Items/MushroomHelmDesc	Text	 	Nó mọc trên đầu bàn. Bạn có thể cảm nhận vết thương lạnh lại cùng với nó.
Items/MushroomPlural	Text	 	Nam
Items/MusicBowl	Text	 	Bát Nhạc
Items/MusicBowlDesc	Text	 	Một chiếc bát quý giữ một ống trụ vang từng có vẻ đã chơi một giai điệu sầu muộn. Nhưng nó đã ngừng hoạt động.
Items/MusicSheetCookServeDelicious3ItsDangerousToGoAlone	Text	 	CSD!3!? – Ít's Dangerous To Go Alone
Items/MusicSheetCookServeDelicious3ItsDangerousToGoAloneDesc	Text	 	Một ban nhạc chứa giai điệu đầy động lực. Đạt lên giả nhạc cho phép chơi giai điệu này bằng nhạc cụ.
Items/MusicSheetCoreKeeperBaseTheme	Text	 	Core Keeper - Base Theme
Items/MusicSheetCoreKeeperBaseThemeDesc	Text	 	Một bản nhạc chứa giai điệu âm cung. Đạt lên giả nhạc cho phép chơi giai điệu này bằng nhạc cụ.
Items/MusicSheetHappyBirthday	Text	 	Happy Birthday To You
Items/MusicSheetHappyBirthdayDesc	Text	 	Một ban nhạc chứa giai điệu mừng sinh nhật. Đạt lên giả nhạc cho phép chơi giai điệu này bằng nhạc cụ.
Items/MusicSheetOwlBoyMainTheme	Text	 	Owlboy - Main Title
Items/MusicSheetOwlBoyMainThemeDesc	Text	 	Một ban nhạc chứa giai điệu phấn chấn. Đạt lên giả nhạc cho phép chơi giai điệu này bằng nhạc cụ.
Items/MusicSheetStand	Text	 	Gia Nhạc
Items/MusicSheetStandDesc	Text	 	Một món nội thất hữu ích để dùng bản nhạc. Khi gắn một bản nhạc vào, có thể chơi giai điệu trong đó bằng nhạc cụ.
Items/MusicSheetStardewValleyItsABigWorldOutside	Text	 	Stardew Valley - Spring (It's a Big World Outside)
Items/MusicSheetStardewValleyItsABigWorldOutsideDesc	Text	 	Một bản nhạc chứa giai điệu thư giãn. Đặt lên giả nhạc cho phép chơi giai điệu này bằng nhạc cụ.
Items/MusicSheetTerrariaJourneysBeginning	Text	 	Terraria - Journey's Beginning
Items/MusicSheetTerrariaJourneysBeginningDesc	Text	 	Một ban nhạc chứa giai điệu phiêu lưu. Đạt lên giả nhạc cho phép chơi giai điệu này bằng nhạc cụ.
Items/MusicSheetValheimMeadows	Text	 	Valheim - Meadows
Items/MusicSheetValheimMeadowsDesc	Text	 	Một ban nhạc chưa giai điệu yên bình. Đạt lên giả nhạc cho phép chơi giai điệu này bằng nhạc cụ.
Items/MusicWorkbench	Text	 	Ban Chế Tạo Nhạc
Items/MusicWorkbenchDesc	Text	 	Chiếc bàn của nhạc sĩ này khởi nguồn cảm hứng cho các dụng cụ và ban nhạc dùng để chơi nhạc.
Items/MysteriousIdol	Text	 	Tướng Thân Bí An
Items/MysteriousIdolDesc	Text	 	Một tướng lời bằng pha lê. Có thể thu hút ai đó đang tìm kiếm tượng thần bí ẩn nếu đặt trong phòng có thể ở được.
Items/NatureBones	Text	 	Xương Hoằng Đa
Items/NatureCavelingMoss	Text	 	Rêu tươi tốt
Items/NatureCavelingMossDesc	Text	 	Cây mọc dưới đất tìm thấy ở Azeos' Wilderness. Chúng kết những quả mọng nhỏ thu hút Caveling của khu vực tương ứng.
Items/NatureCicadaSummoningItem	Text	 [new]	Vật phẩm triệu hồi Ve sầu thiên nhiên
Items/NatureCicadaSummoningItemDesc	Text	 [new]	Dùng vật phẩm này tại bàn thờ thiên nhiên để triệu hồi Ve sầu thiên nhiên.
Items/NatureDestructible	Text	 	Bình Hòa
Items/NatureDestructibleDesc	Text	 	Một cây màu vàng chứa chiến lợi phẩm hữu cơ.
Items/NatureGemstone	Text	 	Lúc Bảo Rừng Giá
Items/NatureGemstoneDesc	Text	 	Một viên đá quý xanh tươi hiếm thấy ở vùng tuổi tốt đá kết tinh. Đặc tính riêng của nó cho phép dùng để chế tạo chất lượng cao hơn.
Items/NatureWoodenDestructible	Text	 	Thung Gò Phú Cây
Items/NatureWoodenDestructibleDesc	Text	 	Một chiếc hộp đã bị thiên nhiên xâm chiếm một phần. Bên trong chưa do hữu ích.
Items/NilipedeTrophy	Text	Change the translations in a way that it relates to the Nilipede having no legs if you haven't already. Nil is latin for 'zero'.	Tướng Nilipède
Items/NilipedeTrophyDesc	Text	Change the translations in a way that it relates to the Nilipede having no legs if you haven't already. Nil is latin for 'zero'.	Mô hình sông đóng của một Nilipede.
Items/NinjaBreastArmor	Text	 	Áo Ninja
Items/NinjaBreastArmorDesc	Text	Should be written with 7 syllables. like the second sentence in a haiku.	Di chuyển nhanh như gió.
Items/NinjaHelm	Text	 	Mụ Trùm Ninja
Items/NinjaHelmDesc	Text	Should be written with 5 syllables. like the first sentence in a haiku.	Ẩn mình trong bóng tối.
Items/NinjaPantsArmor	Text	 	Quân Ninja
Items/NinjaPantsArmorDesc	Text	Should be written with 5 syllables. like the last sentence in a haiku.	Biến mất không một tiếng động.
Items/NobleRing	Text	 	Nhan Quý Tộc
Items/NobleRingDesc	Text	 	Một chiếc nhẫn trong đắt tiền gần hồng ngọc. Hắn nổ từng thuộc về người giàu có.
Items/NomadNecklace	Text	 	Dây Chuyền Du Mục
Items/NomadNecklaceDesc	Text	 	Làm từ vải rách và những huy hiệu kim loại, chứng nhận của sa mạc này mang lại cho bản lợi thế sắc bén khi tấn công.
Items/NomadRing	Text	 	Nhan Dụ Mục
Items/NomadRingDesc	Text	 	Chiếc nhẫn nhỏ này làm từ vải rách để tránh nóng lên giữa những thung lũng sa mạc thiêu đốt.
Items/OasisStalagmite	Text	 [new]	Đá thạch như Oasis
Items/OasisStalagmiteDesc	Text	 [new]	Đá thạch nhũ phát sáng được tìm thấy ở vùng Oasis.
Items/OasisSucculent	Text	 [new]	Cây mọng nước Oasis
Items/OasisSucculentDesc	Text	 [new]	Cây mọng nước Oasis thích nghi tốt với khí hậu sa mạc nóng bộ.
Items/OasisSucculentLarge	Text	 [new]	Cây mọng nước Oasis lớn
Items/OasisSucculentLargeDesc	Text	 [new]	Cây mọng nước Oasis lớn hơn, được cây bản thân nước trong thân cây.
Items/ObeliskSmall	Text	 	Cột Đá Nhỏ
Items/ObeliskSmallDesc	Text	 	Một bia đá khắc chữ, đeo vào đá. Những chữ rune trên đó không thể giải mã.
Items/ObeliskTall	Text	 	Cột Đá Cao
Items/ObeliskTallDesc	Text	 	Một bia đá khắc chữ lớn, đeo vào đá. Nhưng chữ rune trên đó không thể giải mã.
Items/Ocarina	Text	 	Sáo Ocarina
Items/OcarinaDesc	Text	 	Một nhạc cụ vượt thời gian.
Items/OceanHeartNecklace	Text	 	Dây Chuyền Oceanheart
Items/OceanHeartNecklaceDesc	Text	 	Một viên kim cương xanh lớn là tâm điểm của báu vật phi thường này. Bạn cảm thấy được yêu thương khi áp nó vào ngực.
Items/OctarineAnvil	Text	 	Đe Octarine
Items/OctarineAnvilDesc	Text	 	Một chiếc đế kỳ lạ để tạo ra trang bị phi thường.
Items/OctarineAxe	Text	 	Rìu Octarine
Items/OctarineAxeDesc	Text	 	Vũ khí hình lưỡi liềm này đánh mạnh và uốn cong theo phép thuật về phía điểm yếu của kẻ thù.
Items/OctarineBackpack	Text	 	Túi Octarine
Items/OctarineBackpackDesc	Text	 	Một chiếc túi kỳ lạ có không gian bên trong lớn hơn vẻ ngoài của nó.
Items/OctarineBar	Text	 	Thánh Octarine
Items/OctarineBarDesc	Text	 	Một thời kim loại bí ẩn dùng cho rèn đúc phi thường.
Items/OctarineBow	Text	 	Cung Octarine
Items/OctarineBowDesc	Text	 	Một cây cùng kỳ là tăng cường đường bay của mũi tên, cho phép bắn nhanh hơn.
Items/OctarineBreastArmor	Text	 	Giáp Ngực Octarine
Items/OctarineBreastArmorDesc	Text	 	Tam giáp ngực bí ẩn này kích thích cơ bắp giúp bạn vùng vũ khí nhanh hơn nhiều.
Items/OctarineChest	Text	 	Rương Octarine
Items/OctarineChestDesc	Text	 	Một chiếc rương cồng kềnh làm từ octarine. Nó đã không còn bị khóa nữa.
Items/OctarineFishingRod	Text	 	Cần Cầu Octarine
Items/OctarineFishingRodDesc	Text	 	Một dụng cụ phi thường để kéo lên những con cá biển sâu.
Items/OctarineHelm	Text	 	Mụ Octarine
Items/OctarineHelmDesc	Text	 	Một chiếc mũ kỳ lạ không có kính che mắt. Vì lý do nào đó bạn vẫn nhìn rõ khi đội nở lên.
Items/OctarineKey	Text	 	Chìa Khóa Octarine
Items/OctarineKeyDesc	Text	 	Một chiếc chìa khóa cong kênh đúc bằng octarine. Hắn ở đầu dò có một ổ khóa vừa với nó.
Items/OctarineMiningPick	Text	 	Cuộc Octarine
Items/OctarineMiningPickDesc	Text	 	Một dụng cụ phi thường để phá những bức tường cứng chắc.
Items/OctarineNecklace	Text	 	Dây Chuyền Octarine
Items/OctarineNecklaceDesc	Text	 	Một dây chuyền làm từ octarine nguyên chất tràn đầy năng lượng phép thuật.
Items/OctarineOre	Text	 	Quảng Octarine
Items/OctarineOreBoulder	Text	 	Tăng Quang Octarine
Items/OctarineOreDesc	Text	 	Quặng bí ẩn thường thấy trong các bức tượng đá vôi.
Items/OctarinePantsArmor	Text	 	Quận Giáp Octarine
Items/OctarinePantsArmorDesc	Text	 	Tam giáp chân kỳ dị này truyền năng lượng đi khắp cơ thể bạn.
Items/OctarineRing	Text	 	Nhân Octarine
Items/OctarineRingDesc	Text	 	Một chiếc nhẫn làm từ octarine nguyên chất được tăng cường đặc tính phép thuật.
Items/OctarineSeeder	Text	 [new]	Mây gieo Octarine
Items/OctarineSeederDesc	Text	 [new]	Mây gieo hạt giống Octarine. Dùng để gieo cấy trong khu vườn.
Items/OctarineShield	Text	 	Khiên Octarine
Items/OctarineShieldDesc	Text	 	Một chiếc khiên cực kỳ bên chứa đầy năng lượng giúp tăng màu khi cầm nó.
Items/OctarineShovel	Text	 	Xẻng Octarine
Items/OctarineShovelDesc	Text	 	Một chiếc xẻng cực kỳ đa năng, không gỉ sánh được khi đào đất.
Items/OctarineSledge	Text	 	Búa tạ Octarine
Items/OctarineSledgeDesc	Text	 	Một vũ khí phi thường để nghiền nát kẻ thù và vật thể.
Items/OctarineSword	Text	 	Kiếm Octarine
Items/OctarineSwordDesc	Text	 	Một vũ khí phi thường để hạ gục kẻ thù.
Items/OctarineWorkbench	Text	 	Bản Chế Tạo Octarine
Items/OctarineWorkbenchDesc	Text	 	Bản chế tạo huyền bí để tạo ra trang bị phi thường.
Items/OctopusBossChest	Text	 	Rương Omoroth
Items/OctopusBossChestDesc	Text	 	Một chiếc rương cổ xưa, to lớn, nằm đáy đá quý. Nhờ những phần phình ra chứa khí ở đây, nó có thể nổi trên mặt nước.
Items/OctopusBossScanner	Text	 	Mây Quet Omoroth, Titan Biển Cả
Items/OctopusBossScannerDesc	Text	 	Quét thế giới để tìm Omoroth, Titan Biển Cả. Bị tiêu hao khi quét thành công.
Items/OctopusBreastArmor	Text	 	Giáp Ngực Omoroth
Items/OctopusBreastArmorDesc	Text	 	Một bộ giáp thân trên gối nhỏ đến Sea Titan. Có một chiếc áo choàng mượt mà gắn vào nó.
Items/OctopusHelm	Text	 	Mu Omoroth
Items/OctopusHelmDesc	Text	 	Một chiếc mũ đúc bằng sắt với vẻ mặt nhẵn nhỏ đáng sợ và những xúc tu nhô ra.
Items/OctopusPantsArmor	Text	 	Giáp Chan Omoroth
Items/OctopusPantsArmorDesc	Text	 	Tấm giáp chân được trang trí tinh xảo nhưng lúc nào cũng ẩm ướt. Trong ngàu nhưng mắc rất khó chịu.
Items/OffspringCapsule	Text	 	Bình Phổi Thái
Items/OffspringCapsuleDesc	Text	 	Một bình thủy tinh chứa một phôi thai lơ lửng trong dung dịch dinh dưỡng. Nó màu xanh dương với đôi tai nhọn nhưng có vẻ không phải Caveling.
Items/OilBarrel	Text	 [new]	Thùng dầu
Items/OilBarrelDesc	Text	 [new]	Thùng đầy dầu. Khi bị bắn trúng sẽ tràn dầu ra đất.
Items/OilGrenade	Text	 [new]	Lựu đạn dầu
Items/OilGrenadeDesc	Text	 [new]	Grenade làm trận đầu ra một vùng lớn tại khu vực phát nổ.
Items/OldAmulet	Text	 	Bùa Cử
Items/OldAmuletDesc	Text	 	Món tráng sức bằng da giòn để vò. Quả nhỏ để con người đeo.
Items/OldJournal	Text	 	Nhật Ký Cũ
Items/OldJournalDesc	Text	 	Một cuốn sách bia đá với những trang giấy mực nát. Nó được viết bằng những chữ cái quen thuộc nhưng là một ngôn ngữ bạn không biết.
Items/OldSporeMask	Text	 	Mặt Nạ Bao Tự Cũ
Items/OldSporeMaskDesc	Text	 	Một chiếc mặt nạ cũ chống lại bào tử trong không khí. Nó đã hỏng nhưng vẫn có thể bán được giá tốt.
Items/OmorothBeak	Text	 	Mỏ Omoroth
Items/OmorothBeakDesc	Text	 	Phần mộ sắc bén của Omoroth, Titan Biển Cả. Nó dường như có thể nghiền nát mọi vật liệu.
Items/OmorothCompass	Text	 	La bàn Omoroth
Items/OmorothCompassDesc	Text	 	Một dụng cụ tuyệt vời cho việc đi biển được tạo ra để tôn vinh Omoroth, ai sở hữu nó sẽ không bao giờ lạc lối trên biển. Một món quà xứng tầm bậc vương gia.
Items/OmorothNecklace	Text	 	Dây Chuyền Omoroth
Items/OmorothNecklaceDesc	Text	 	Một món trang sức giống Sea Titan đến lạ thường. Đeo nó bạn cảm thấy hòa hợp với The Sunken Sea, tăng cường có thể theo nhiều cách.
Items/OmorothRing	Text	 	Nhân Omoroth
Items/OmorothRingDesc	Text	 	Một chiếc xúc tu cuộn tròn bọc giáp quấn quanh ngón tay bạn. Bắt nguồn từ một titan, nó tăng cường sức mạnh của bạn khi chiến đấu với những quái vật khổng lồ này.
Items/OmorothTrophy	Text	 	Tướng Omoroth
Items/OmorothTrophyDesc	Text	 	Một mô hình sống động như thật của Omoroth, Titan Biển Cả.
Items/OpabiniaFossil	Text	 	Hóa Thạch Opabinia
Items/OpabiniaFossilDesc	Text	 	Thân hoa đa của một sinh vật biển thời tiền sử. Chúng là một trong những kẻ săn mồi đầu bảng đầu tiên xuất hiện ở các đại dương cổ xưa của trái đất.
Items/OracleCardAzeos	Text	 	Lã Bái Tiên Tri 'Hào Quang'
Items/OracleCardAzeosDesc	Text	 	Một lá bài trẩy xước với viền vàng và hình titan bầu trời. Trông như là một phần của bộ bài.
Items/OracleCardCity	Text	 	Lã Bài Tiên Tri 'Đỗ Thị'
Items/OracleCardCityDesc	Text	 	Một lá bài còn nguyên vẹn với viền vàng và hình một thành phố cổ. Trông như là một phần của bộ bài.
Items/OracleCardCore	Text	 	Lã Bài Tiên Tri 'Thực Thế'
Items/OracleCardCoreDesc	Text	 	Một lá bài bi công với viền vàng và hình Lõi. Trông như là một phần của bộ bài.
Items/OracleCardFlower	Text	 	Lã Bài Tiên Tri 'Rục Rô'
Items/OracleCardFlowerDesc	Text	 	Một lá bài chạy sem với viền vàng và hình một Hoa Tulip Phật Sáng. Trông như là một phần của bồ bài.
Items/OracleCardGem	Text	 	Lã Bái Tiên Tri 'Hào Quang'
Items/OracleCardGemDesc	Text	 	Một lá bài bị rách với viền vàng và hình một viên đá quý cô. Trông như là một phần của bộ bài.
Items/OracleCardLeader	Text	 	Lã Bài Tiên Tri 'Cẩm Hưng'
Items/OracleCardLeaderDesc	Text	 	Nửa lá bài với viền vàng và hình một chiếc mặt nạ vàng. Trông như là một phần của bộ bài.
Items/OracleCardOmoroth	Text	 	Lã Bài Tiên Tri 'Diêu Đô'
Items/OracleCardOmorothDesc	Text	 	Một lá bài phải màu với viền vàng và hình titan biển cả. Trông như là một phần của bộ bài.
Items/OracleCardRaAkar	Text	 	Lã Bài Tiên Tri 'Bến Bi'
Items/OracleCardRaAkarDesc	Text	 	Một lá bài mục nát với viền vàng và hình titan cắt. Trông như là một phần của bộ bài.
Items/OracleCardScholar	Text	 	Lã Bái Tiên Tri 'Trí Tuệ'
Items/OracleCardScholarDesc	Text	 	Một lá bài ướt sũng với viền vàng và hình một học giả Caveling. Trông như là một phần của bộ bài.
Items/OracleDeck	Text	 	Bộ Bài Tiên Tri
Items/OracleDeckDesc	Text	 	Bộ bài tiên tri hoàn chỉnh. Việc ghép chúng lại một cách kỳ lạ đã khôi phục các lá bài về tình trạng hoàn hảo và giờ chúng tỏa ra một lượng hào quang khai sáng mạnh mẽ.
Items/OrangeCaveGuppy	Text	 	Cả Bảy Mẫu Hàng Cấm
Items/OrangeCaveGuppyDesc	Text	 	Cá nhỏ màu cam sống ở các hồ hang đất.
Items/OrbLantern	Text	 	Đền Long Cầu
Items/OrbLanternDesc	Text	 	Một nguồn sáng tốt hơn, rực rỡ hơn để gắn vào thắt lưng.
Items/OrbitalTurret	Text	 	Tháp Pháo Quy Đạo
Items/OrbitalTurretTrophy	Text	 	Tượng Tháp Pháo Quy Đạo
Items/OrbitalTurretTrophyDesc	Text	 	Mô hình giống như thật của một Tháp Pháo Quy Đạo.
Items/OreAndBlockPouch	Text	 [new]	Túi quặng và khói
Items/OreAndBlockPouchDesc	Text	 [new]	Túi đựng để mang theo quặng và khối vật liệu.
Items/OstaraRing	Text	 	Nhân Ostara
Items/OstaraRingDesc	Text	 	Một chiếc nhẫn làm từ lá cây và những quả trứng vàng nhỏ. Đó là dấu hiệu của sự sống nảy nở và mùa xuân.
Items/PaintBrushBlack	Text	 	Cổ Sơn Đen
Items/PaintBrushBlackDesc	Text	 	Dùng để sơn một số vạt thành màu đen.
Items/PaintBrushBlue	Text	 	Cổ Sơn Xanh Dương
Items/PaintBrushBlueDesc	Text	 	Dùng để sơn một số vạt thành màu xanh dương.
Items/PaintBrushBrown	Text	 	Cổ Sơn Nấu
Items/PaintBrushBrownDesc	Text	 	Dùng để sơn một số vạt thành màu nâu.
Items/PaintBrushCyan	Text	 	Cố Sơn Lục Lâm
Items/PaintBrushCyanDesc	Text	 	Dùng để sơn một số vạt thành màu lục lam.
Items/PaintBrushGreen	Text	 	Cổ Sơn Xanh La
Items/PaintBrushGreenDesc	Text	 	Dùng để sơn một số vạt thành màu xanh lá.
Items/PaintBrushGrey	Text	 	Cổ Sơn Xám
Items/PaintBrushGreyDesc	Text	 	Dùng để sơn một số vạt thành màu xám.
Items/PaintBrushOrange	Text	 	Cô Sơn Cẩm
Items/PaintBrushOrangeDesc	Text	 	Dùng để sơn một số vạt thành màu cam.
Items/PaintBrushPeach	Text	 	Cô Sơn Đạo
Items/PaintBrushPeachDesc	Text	 	Dùng để sơn một số vạt thành màu đào.
Items/PaintBrushPink	Text	 	Cổ Sơn Hồng
Items/PaintBrushPinkDesc	Text	 	Dùng để sơn một số vạt thành màu hồng.
Items/PaintBrushPurple	Text	 	Cô Sơn Tím
Items/PaintBrushPurpleDesc	Text	 	Dùng để sơn một số vạt thành màu tím.
Items/PaintBrushRed	Text	 	Cổ Sơn Đồ
Items/PaintBrushRedDesc	Text	 	Dùng để sơn một số vạt thành màu đỏ.
Items/PaintBrushTeal	Text	 	Cổ Sơn Xanh Móng Kết
Items/PaintBrushTealDesc	Text	 	Dùng để sơn một số vạt thành màu xanh mòng kết.
Items/PaintBrushWhite	Text	 	Cô Sơn Trang
Items/PaintBrushWhiteDesc	Text	 	Dùng để sơn một số vạt thành màu trắng.
Items/PaintBrushYellow	Text	 	Cô Sơn Vàng
Items/PaintBrushYellowDesc	Text	 	Dùng để sơn một số vạt thành màu vàng.
Items/PaintableFloor	Text	 	Sân Sơn Được
Items/PaintableFloorDesc	Text	 	Một sàn đá xám xịt có thể sơn để căn cứ của bàn thêm sắc màu.
Items/PaintableLitFloor	Text	 	Sân Phật Sáng
Items/PaintableLitFloorDesc	Text	 	Một ô sân tròn tự phát sáng một cách kỳ diệu. Có thể sơn màu và đặt dưới hầu hết mọi loại sân khác.
Items/PaintersTable	Text	 	Ban Họa Sĩ
Items/PaintersTableDesc	Text	 	Bản chế tạo để tạo ra nhiều loại có vẻ đầy màu sắc.
Items/Painting	Text	 	Bức Tranh
Items/PaintingDesc	Text	 	Tấm vải trắng có khung này đang chờ được biến thành một kiệt tác.
Items/PaleKelp	Text	 	Tào Bé Nhất
Items/PaleKelpDesc	Text	 	Một cục thực vật biển nhớt nhất.
Items/PandoriumAxe	Text	 	Rìu Pandorium
Items/PandoriumAxeDesc	Text	 	Vũ khí này được tạo ra bởi những tâm trí méo mó trong bóng tối của The Passage. Nó xé rách nhiều hơn là chém.
Items/PandoriumBar	Text	 	Thành Pandorium
Items/PandoriumBarDesc	Text	 	Một thói mèo mò dành cho nghề rèn méo mó.
Items/PandoriumBreastArmor	Text	 	Giáp Ngực và Bờ Tây Pandorium
Items/PandoriumBreastArmorDesc	Text	 	Những tam giáp này có cảm giác kết nối khó hiểu với toàn bộ hệ thần kinh của bạn. Khi mặc, cơ bắp bạn giật lên dây mong chờ.
Items/PandoriumCrystal	Text	 	Phà Le Pandorium
Items/PandoriumCrystalDesc	Text	 	Khối pha lê lớn này nó lách tách với năng lượng hỗn loạn.
Items/PandoriumHelm	Text	 	Mũ Pandorium
Items/PandoriumHelmDesc	Text	 	Lấp lánh và méo mó. Khi mắc, bạn cảm thấy hòa hợp với mọi kết cục có thể xảy ra.
Items/PandoriumOre	Text	 	Quảng Pandorium
Items/PandoriumOreBoulder	Text	 	Tầng Quặng Pandorium
Items/PandoriumOreDesc	Text	 	Một loại quặng tràn đầy tiềm năng hỗn loạn. Có thể tìm thấy mọc trên nền hóa thạch.
Items/PandoriumPantsArmor	Text	 	Quận Pandorium
Items/PandoriumPantsArmorDesc	Text	 	Giáp chân nhẹ và thoáng khí. Khỉ mạc, bạn có thể cảm nhận những rung động nhỏ nhất dưới chân.
Items/ParasiteFossil	Text	 	Hoa Thạch Kỳ Sinh Trung
Items/ParasiteFossilDesc	Text	 	Phần còn lại hóa đá của một ký sinh trùng cổ đại, không chắc nó đã thực sự chết hay chưa.
Items/ParsecPalsDolls	Text	 	Bộ Bup Be Bí An
Items/ParsecPalsDollsDesc	Text	 	Một cặp búp bê xanh mặc quần áo, ngồi cạnh nhau trông như đôi bạn thân.
Items/PassageChest	Text	 	Rương Passage
Items/PassageChestDesc	Text	 	Một chiếc rương cũ dùng để cất giữ đủ loại đồ tinh quái.
Items/PassageCraftingStatue	Text	 	Tướng Khe Nút
Items/PassageCraftingStatueDesc	Text	 	Bức tượng này mở ra một khe nứt dẫn tới một thực thể bí ẩn. Có vẻ nó sẵn lòng trao đổi.
Items/PassageDestructible	Text	 	Cụm Hoa Thạch
Items/PassageDestructibleDesc	Text	 	Những đồng hóa thạch biển vôi hóa. Bên trong có thể có vài tài nguyên.
Items/PassageStalagmite	Text	 	Mang Đá Hóa Thạch
Items/PassageStalagmiteDesc	Text	 	Một cây cột làm từ nhiều sinh vật quấn vào nhau.
Items/PearlLantern	Text	 	Đền Long Ngọc Trai
Items/PearlLanternDesc	Text	 	Một viên ngọc trai xanh lấp lánh trong vỏ sò soi sáng lồi đi của bàn phía trên đáy biển tới tâm.
Items/PeasantBreastArmor	Text	 	Áo Giáp Nông Dân
Items/PeasantBreastArmorDesc	Text	 	Một bộ giáp tám bộ đơn giản cho phần thân trên.
Items/PeasantHelm	Text	 	Mụ Nông Dân
Items/PeasantHelmDesc	Text	 	Mụ đã đơn giản, trông không đẹp lắm nhưng làm tốt việc của nó.
Items/PeasantPantsArmor	Text	 	Quận Nông Dân
Items/Pedestal	Text	 	Bể Trưng Bày
Items/PedestalDesc	Text	 	Trưng bày những vật bẩn tìm được!
Items/PepperSoup	Text	 	Sụp Tiêu
Items/PetBed	Text	 [new]	Giường thư cung
Items/PetBedBirdStick	Text	 [new]	Giường chấm chim
Items/PetBedBirdStickDesc	Text	 [new]	Giường thú cũng hình cánh đầu cho thú cưng đang chìm.
Items/PetBedCatTree	Text	 [new]	Giường cây mèo
Items/PetBedCatTreeDesc	Text	 [new]	Giường thú cưng hình cây đeo cho thú cưng dạng mèo trèo leo.
Items/PetBedDesc	Text	 [new]	Giường để thú cưng của bạn nghỉ ngơi và hồi phục.
Items/PetBedDogHouse	Text	 [new]	Giường chuối cho
Items/PetBedDogHouseDesc	Text	 [new]	Giương thư cũng hình chuối cho chó thú cưng đang chờ.
Items/PetBird	Text	 	Owlux
Items/PetBirdDesc	Text	 	Một đồng minh có mở nhanh nhẹn. Tuy quá nhút nhát để tham chiến, nó vẫn luôn ở bên bạn!
Items/PetBirdEgg	Text	 	Trung Sông Đông
Items/PetBirdEggCracked	Text	 	Trung Sông Đông Nút Vỗ
Items/PetBirdEggCrackedDesc	Text	 	Một quả trứng có lông bí ẩn sắp nở.
Items/PetBirdEggDesc	Text	 	Một quả trứng có lông bị ăn dường như phản ứng với sự hiện diện của bạn. Liệu có cách nào để áp nó nó không?
Items/PetBunny	Text	Name is a combination of Fan + Hare. Translations can be creative as long as hare. bunny. lapin + its long. fan-like ears or poisonous properties are considered.	Fanhare
Items/PetBunnyDesc	Text	 	Loài gặm nhấm tại lông này là một bạn đồng hành đắc lực, bú cho kích thước nhỏ bé bằng cách quất nhưng sợi lông cũng tẩm độc vào kẻ thù.
Items/PetBunnyEgg	Text	 	Trung Lãnh Lễ
Items/PetBunnyEggCracked	Text	 	Trung Lãnh Lê Nút Vỗ
Items/PetBunnyEggCrackedDesc	Text	 	Một quả trứng tại long bí ẩn sắp nở.
Items/PetBunnyEggDesc	Text	 	Một quả trứng tại lòng bí ẩn dường như phản ứng với sự hiện diện của bạn. Liệu có cách nào để áp nó nó không?
Items/PetCandy	Text	 	Viên Thức An Thư Cung
Items/PetCandyDesc	Text	 	Nấm đỏ ăn vặt với nhiều hương vị thịt khác nhau này là phần bổ sung tuyệt vời cho khẩu phần của thú cưng.
Items/PetCandyEpic	Text	 	Viên Tăng Lực Thư
Items/PetCandyEpicDesc	Text	 	Chưa đầy vitamin, hương vị và rất nhiều năng lượng. Món quà này là đỉnh cao của việc chiếu chương thú cưng của bạn.
Items/PetCandyRare	Text	 	Kéo Hiếm
Items/PetCandyRareDesc	Text	 	Món ăn vặt giàu dưỡng chất được nhiều người săn lùng. Thú cưng của bạn sẽ mê tít món này!
Items/PetCat	Text	Again. the name should feel whimsical and be a creative combination of cat/breed/cat parts + its fire shooting properties. It's fine if it doesn't exactly match the names in other languages	Embertail
Items/PetCatDesc	Text	 	Bản tính bộc phát và bốc đồng. Thư cũng nảy đủ đạn trong chiến đấu chẳng kém gì lực cao xe đồ đạc. Nhưng cũng cực kỳ thích được ôm ấp.
Items/PetCatEgg	Text	 	Trung Tộ Mộ
Items/PetCatEggCracked	Text	 	Trung Tộ Mỏ Nút Vỗ
Items/PetCatEggCrackedDesc	Text	 	Một quả trứng bí ẩn, đuôi xoắn sắp nở.
Items/PetCatEggDesc	Text	 	Một quả trứng bí ẩn, đuôi xoắn dường như phản ứng với sự hiện diện của bạn. Liệu có cách nào để nó nó không?
Items/PetDog	Text	Try to find a word mix with dog/breeds + anything related to subterran. cave. den or similar when doing translations.	Subterrier
Items/PetDogDesc	Text	 	Một người bạn đồng hành bốn chân luôn sẵn sàng trừng trị kẻ thù của bạn, liêm chán không ngừng và nói chung chỉ là một người bạn tốt.
Items/PetDogEgg	Text	 	Trung Trung Thành
Items/PetDogEggCracked	Text	 	Trung Trung Thành Nút Vỗ
Items/PetDogEggCrackedDesc	Text	 	Một quả trứng bí ẩn, tai nhọn sắp nở.
Items/PetDogEggDesc	Text	 	Một quả trứng bí ẩn, tai nhọn dường như phản ứng với sự hiện diện của bạn. Liệu có cách nào để nó nó không?
Items/PetElectric	Text	 [new]	Thư cùng Điền
Items/PetElectricDesc	Text	 [new]	Thú cưng mang đặc tính điện. Nó có thể gây sóng điện cho kẻ địch.
Items/PetElectricEgg	Text	 [new]	Trung thư cung Điền
Items/PetElectricEggCracked	Text	 [new]	Trung thư cùng Điền danh võ
Items/PetElectricEggCrackedDesc	Text	 [new]	Quả trứng của thú cưng Điền đã bắt đầu đánh vỡ. Nó sắp nổ ra.
Items/PetElectricEggDesc	Text	 [new]	Ấm quá, trứng của thú cưng Điện gần bị nổ tung nhẹ.
Items/PetLavaSlimeBlob	Text	 	Slime dung nham nhí
Items/PetLavaSlimeBlobDesc	Text	 	Một người bạn nhỏ nóng bỏng đã sẵn sàng cho những cuộc phiêu lưu dưới lòng đất.
Items/PetLavaSlimeBlobEgg	Text	 	Trứng dung nham nhấp nháy
Items/PetLavaSlimeBlobEggCracked	Text	 	Trứng Dung Nham Nhóp Nhép Nút Vỡ
Items/PetLavaSlimeBlobEggCrackedDesc	Text	 	Một quả trứng bí ẩn, trong suốt sắp nở.
Items/PetLavaSlimeBlobEggDesc	Text	 	Một quả trứng bí ẩn, trong suốt dường như phản ứng với sự hiện diện của bạn. Liệu có cách nào để nó nó không?
Items/PetMagic	Text	 [new]	Thư cùng Phép
Items/PetMagicDesc	Text	 [new]	Thú cưng mang đặc tính phép thuật. Nó có thể hỗ trợ phép thuật của bạn.
Items/PetMagicEgg	Text	 [new]	Trung thư cùng Phép
Items/PetMagicEggCracked	Text	 [new]	Trung thư cùng Phép danh võ
Items/PetMagicEggCrackedDesc	Text	 [new]	Quả trứng của thú cưng Phép đã bắt đầu đánh vỡ. Nó sắp nổ ra.
Items/PetMagicEggDesc	Text	 [new]	Âm quả trứng của thú cưng Phép tỏa ra năng lượng phép huyền bí.
Items/PetMoth	Text	 	Pheromoth
Items/PetMothDesc	Text	 	Một người bạn đồng hành thân thiện đến từ vùng đất mọc mèo. Đôi cánh mượt mà của nó không hợp để chiến đấu nhưng nó sẽ hỗ trợ bạn từ khoảng cách an toàn.
Items/PetMothEgg	Text	 	Trung Long Tổ
Items/PetMothEggCracked	Text	 	Trung Long Tổ Nút Vỗ
Items/PetMothEggCrackedDesc	Text	 	Một quả trứng bí ẩn, phủ mọc sắp nở.
Items/PetMothEggDesc	Text	 	Một quả trứng bí ẩn, phu mọc dường như phản ứng với sự hiện diện của bạn. Liệu có cách nào để nó nó không?
Items/PetPoisonSlimeBlob	Text	 	Slime tím nhí
Items/PetPoisonSlimeBlobDesc	Text	 	Một người bạn nhỏ độc địa đã sẵn sàng cho những cuộc phiêu lưu dưới lòng đất.
Items/PetPoisonSlimeBlobEgg	Text	 	Trứng độc nhấp nháy
Items/PetPoisonSlimeBlobEggCracked	Text	 	Trứng Độc Nhóp Nhép Nút Vỡ
Items/PetPoisonSlimeBlobEggCrackedDesc	Text	 	Một quả trứng bí ẩn, trong suốt sắp nở.
Items/PetPoisonSlimeBlobEggDesc	Text	 	Một quả trứng bí ẩn, trong suốt dường như phản ứng với sự hiện diện của bạn. Liệu có cách nào để nó nó không?
Items/PetPrinceSlimeBlob	Text	 	Slime Hoàng Tử
Items/PetPrinceSlimeBlobDesc	Text	 	Một người bạn nhỏ hoàng tộc đã sẵn sàng cho những cuộc phiêu lưu dưới lòng đất.
Items/PetPrinceSlimeBlobEgg	Text	 	Trứng Hoàng Tộc Nhóp Nhép
Items/PetPrinceSlimeBlobEggCracked	Text	 	Trứng Hoàng Tộc Nhóp Nhép Nút Vỡ
Items/PetPrinceSlimeBlobEggCrackedDesc	Text	 	Một quả trứng bí ẩn, trong suốt sắp nở.
Items/PetPrinceSlimeBlobEggDesc	Text	 	Một quả trứng bí ẩn, trong suốt dường như phản ứng với sự hiện diện của bạn. Liệu có cách nào để nó nó không?
Items/PetRock	Text	 	Đa Cung
Items/PetRockDesc	Text	 	Đây là Bob, hòn đá cứng. Dùng làm rơi hay ném nó, nó cũng có cảm xúc đấy.
Items/PetSlimeBlob	Text	 	Slime cam nhí
Items/PetSlimeBlobDesc	Text	 	Một người bạn nhỏ nhấp nháy đã sẵn sàng cho những cuộc phiêu lưu dưới lòng đất.
Items/PetSlimeBlobEgg	Text	 	Trứng Nhóp Nhép
Items/PetSlimeBlobEggCracked	Text	 	Trứng Nhóp Nhép Nút Vỡ
Items/PetSlimeBlobEggCrackedDesc	Text	 	Một quả trứng bí ẩn, trong suốt sắp nở.
Items/PetSlimeBlobEggDesc	Text	 	Một quả trứng bí ẩn, trong suốt dường như phản ứng với sự hiện diện của bạn. Liệu có cách nào để nó nó không?
Items/PetSlipperySlimeBlob	Text	 	Slime xanh nhí
Items/PetSlipperySlimeBlobDesc	Text	 	Một người bạn nhỏ trơn trượt đã sẵn sàng cho những cuộc phiêu lưu dưới lòng đất.
Items/PetSlipperySlimeBlobEgg	Text	 	Trứng Trơn Trượt Nhóp Nhép
Items/PetSlipperySlimeBlobEggCracked	Text	 	Trứng trơn trượt nhấp nháy nứt vỏ
Items/PetSlipperySlimeBlobEggCrackedDesc	Text	 	Một quả trứng bí ẩn, trong suốt sắp nở.
Items/PetSlipperySlimeBlobEggDesc	Text	 	Một quả trứng bí ẩn, trong suốt dường như phản ứng với sự hiện diện của bạn. Liệu có cách nào để nó nó không?
Items/PetTardigrade	Text	 	Snugglygrade
Items/PetTardigradeDesc	Text	 	Họ hàng khổng lồ này của loài gấu nước thích ngủ trưa trong lớp trầm tích rời rạc của The Passage. Việc lớn lên trong môi trường khắc nghiệt khiến nó cũng trở thành một vệ sĩ giỏi.
Items/PetTardigradeEgg	Text	 	Trứng Mem Nhùn
Items/PetTardigradeEggCracked	Text	 	Trứng Mem Nhùn Nút Vỗ
Items/PetTardigradeEggCrackedDesc	Text	 	Một quả trứng bí ẩn, nhiều lớp sáp nở.
Items/PetTardigradeEggDesc	Text	 	Một quả trứng bí ẩn, nhiều lớp dường như phản ứng với sự hiện diện của bạn. Liệu có cách nào để nó nó không?
Items/PetWarlock	Text	 [new]	Thú cưng Warlock
Items/PetWarlockDesc	Text	 [new]	Thú cưng mang đặc tính Warlock. Nó phụ thu hút sát thương từ các lính.
Items/PetWarlockEgg	Text	 [new]	Trung thu cùng Warlock
Items/PetWarlockEggCracked	Text	 [new]	Trung thư cùng Warlock đánh vợ
Items/PetWarlockEggCrackedDesc	Text	 [new]	Quả trứng của thú cưng Warlock đã bắt đầu đánh vỡ. Nó sắp nổ ra.
Items/PetWarlockEggDesc	Text	 [new]	Âm quả trứng của thú cưng Warlock tỏa ra năng lượng tối.
Items/PetalRing	Text	 	Nhan Cảnh Hoa
Items/PetalRingDesc	Text	 	Một chiếc nhẫn quý mộc tự nhiên trong những đóa hoa vàng ở hang rừng rậm.
Items/PetrifiedCoral	Text	 	San Hô Hoa Đà
Items/PetrifiedCoralDesc	Text	 	Mảnh xám và xốp của một hệ sinh thái khổng lồ. Đại dương mà nó từng thuộc về dường như đã biến mất từ lâu.
Items/PetrifiedEgg	Text	 	Trung Hoa Đà
Items/PetrifiedEggDesc	Text	 	Vỏ trứng hóa thạch. Sở thấy nhẹ và giòn.
Items/PetrifiedTrilobite	Text	 	Bộ Ba Thủy Hỏa Đà
Items/PetrifiedTrilobiteDesc	Text	 	Hóa thạch của một loài sinh vật đã tuyệt chủng từ lâu. Chúng là tổ tiên của vô số đáng sống.
Items/Pewpaya	Text	 	Pewpaya
Items/PewpayaDesc	Text	 	Một loại quả mọng nước, ngọt ngào giúp đầu óc minh mẫn và tăng sự tập trung.
Items/PewpayaRare	Text	 	Pewpaya Vàng
Items/PewpayaRareDesc	Text	 	Một biến thể cực hiếm của quả pewpaya thường.
Items/PewpayaSeed	Text	 	Hạt Giống Pewpaya
Items/PewpayaSeedDesc	Text	 	Mốc thành quả mọng nước khi trồng trên cát bãi biển.
Items/PickaxeHead	Text	 	Đầu cuốc chim
Items/PickaxeHeadDesc	Text	 	Phần đầu của một cây cuốc chim sắt đã nóng chảy một phần. Hắn nó đã bị hỏng khi làm việc trong điều kiện khắc nghiệt.
Items/PileOfChum	Text	 	Đồng Mới Ca
Items/PileOfChumDesc	Text	 	Phần thức ăn thừa chưa tiêu hóa của con mồi, có thể dùng làm mồi cho cá. Đặt nó trong một căn phòng ở được và một nhân vật thích câu cá có thể sẽ dọn đến.
Items/Pinegrapple	Text	 	Pinegrapple
Items/PinegrappleDesc	Text	 	Một loại quả ngon đậm đã khiến bạn nắm chặt vũ khí của mình.
Items/PinegrappleRare	Text	 	Pinegrapple Vàng
Items/PinegrappleRareDesc	Text	 	Một biến thể cực hiếm của quả pinegrapple thường.
Items/PinegrappleSeed	Text	 	Hạt Giống Pinegrapple
Items/PinegrappleSeedDesc	Text	 	Mốc thành quả chưa ngọt tươi mát khi trồng trên cát bãi biển.
Items/PinkCherryFlower	Text	 	Hoa Anh Đào Hồng
Items/PinkCherryFlowerDesc	Text	 	"""""Một đóa hoa hồng rực rỡ rụng từ cây ""rủ cánh"". Mùa nở ngắn ngủi của nó khiến người ta nghĩ về sự phù du của cuộc đời."""""
Items/PinkCherryTree	Text	 	Cây Anh Đào Hồng
Items/PinkCherryTreeDesc	Text	 	"""""Cây ""rủ cánh"" này buồng canh thấp xuống, để những đóa hoa rủ xuống mặt đất. Người ta nói rằng những chiến binh dũng cảm mang theo hình ảnh những cây này vào trận chiến cuối cùng của họ."""""
Items/PinkCoralotl	Text	 	Coralotl hồng
Items/PinkCoralotlDesc	Text	 	Một loại lưỡng cư nhỏ màu hồng với mảng nhô ra trông giống san hô. Nó cũng dùng chúng để hút dưỡng chất từ vùng nước của The Sunken Sea.
Items/PinkPalaceFish	Text	 	Ca Cung Diên Hồng
Items/PinkPalaceFishDesc	Text	 	Một con cá hồng trong kỳ lạ với những chiếc váy có hình thù quái dị.
Items/PinkRoseBouquet	Text	 	Bộ Hồng Phấn
Items/PinkRoseBouquetDesc	Text	 	Bộ họa tuyệt đẹp làm từ hồng phấn này sẽ tôn lên vẻ đẹp của mỗi căn phòng. Hãy tặng nó cho người bạn yêu quý.
Items/PinkhornPico	Text	 	Pinkhorn Pico
Items/PinkhornPicoDesc	Text	 	Sinh vật nhỏ màu hồng này hoàn toàn trong suốt và không thấy nào. Nó có vẻ chẳng phiền khi bị cấm lên.
Items/PlagueDoctorHelm	Text	 	Mặt nạ bác sĩ dịch hạch
Items/PlagueDoctorHelmDesc	Text	 	Một chiếc mặt nạ ghê rợn che kín mũi, giúp bạn sống sót trước những mùi hôi thối.
Items/Plank	Text	 	Tam Văn
Items/PlankDesc	Text	 	Tấm gỗ phẳng dùng cho công việc mộc tinh xảo hơn.
Items/PlanterBox	Text	 	Bốn Trong Cây
Items/PlanterBoxDesc	Text	 	Chiếc bồn rỗng đẽo từ đá này giữ được ba cây để trang trí.
Items/PlateBreastArmor	Text	 [new]	Giáp ngực Tấm thép
Items/PlateBreastArmorDesc	Text	 [new]	Giáp ngực thép các lớp cho khả năng bảo vệ tốt.
Items/PlateHelm	Text	 [new]	Mũ Tấm thép
Items/PlateHelmDesc	Text	 [new]	Mũ thép các lớp bảo vệ đầu bắn khỏi các cư dân mạnh.
Items/PlatePantsArmor	Text	 [new]	Quan Tâm thép
Items/PlatePantsArmorDesc	Text	 [new]	Quan thép các lớp bảo vệ chân của bạn.
Items/PlayerGrave	Text	 	Bia Mộ
Items/PlayerGraveDesc	Text	 	Giờ điều tồi tệ nhất đã qua, hãy dùng nó để trang trí!
Items/PlayerProximitySensor	Text	 [new]	Cảm biến người chơi
Items/PlayerProximitySensorDesc	Text	 [new]	Cảm biến phát hiện người chơi tới gần và kích hoạt các thiết bị điện.
Items/PlayingDice	Text	 	Xuc Xac
Items/PlayingDiceDesc	Text	 	Một con xúc xắc với ký hiệu độc đáo trên mỗi mắt. Có lẽ nó từng được dùng theo bó và cho nhiều trò chơi khác nhau.
Items/PlumeBall	Text	 	Chùm Lá
Items/PlumeBallDesc	Text	 	Một chùm lá mọc trên cây chùm lá.
Items/PlumeTree	Text	 	Cây Chùm Lá
Items/PlumeTreeDesc	Text	 	Cây này có vỏ cũng như đá và rễ sâu để hút và giữ nước từ đất sa mạc. Lá của nó mọc thành những chùm phong xốp.
Items/PoisonAidPotion	Text	 	Thuộc Giải Độc
Items/PoisonAidPotionDesc	Text	 	Một thứ chất lỏng tìm nhảy nhựa có vị kinh khủng nhưng chưa được mọi loại độc.
Items/PoisonGrenade	Text	 [new]	Lựu đạn độc
Items/PoisonGrenadeDesc	Text	 [new]	Grenade tạo ra một vùng dọc trên đất khi phát nổ.
Items/PoisonSlime	Text	 	Slime Doc
Items/PoisonSlimeBlob	Text	 	Slime Tim
Items/PoisonSlimeBossScanner	Text	 	Máy Quét Ivy, Khối Kích Độc
Items/PoisonSlimeBossScannerDesc	Text	 	Quét thế giới để tìm Ivy, Khối Kích Độc. Tiêu hao khi quét thành công.
Items/PoisonSlimeDesc	Text	 	Một khối slime đọc màu tím. Có thể chế biến thêm.
Items/PoisonSlimeDestructLarge	Text	 	Bình Slime Dốc Lớn
Items/PoisonSlimeDestructMedium	Text	 	Bình Slime Đọc Vua
Items/PoisonSlimeDestructSmall	Text	 	Bình Slime Đọc Nhớ
Items/PoisonTrap	Text	 	Bảy Chồng Dọc
Items/PoisonTrapDesc	Text	 	Bẫy chống cơ học phản ứng với bất cứ ai giẫm lên, đồng thời gây độc khi tạo sát thương.
Items/PoisonousShield	Text	 	Khiển Đốc
Items/PoisonousShieldDesc	Text	 	Một chiếc khiên phủ chất nhờn độc hại. Có khả năng làm trúng độc kẻ thù khi chặn đòn tấn công.
Items/PoisonousSickle	Text	 	Liêm Độc
Items/PoisonousSickleDesc	Text	 	Nông cụ biến thành vũ khí khi phải hạ gục một mối đe dọa lớn.
Items/PolishedCopperCrossNecklace	Text	 	Dây Chuyền Chữ Thập Đông Bóng Loang
Items/PolishedCopperCrossNecklaceDesc	Text	 	Mặt dây chuyền này giúp tập trung tốt hơn, cho phép đánh chính xác hơn.
Items/PolishedCoralAmulet	Text	 	Bua San Hô Bồng Loang
Items/PolishedCoralAmuletDesc	Text	 	Dây chuyền làm từ một mảnh san hô xinh xắn và những viên sỏi trắng.
Items/PolishedGlowTulipRing	Text	 	Nhân Hòa Tulip Phật Sáng Bồng Loang
Items/PolishedGlowTulipRingDesc	Text	 	Một chiếc nhẫn tỏa sáng chứa đựng tính chất của hoa tulip phát sáng.
Items/PolishedGoldCrystalNecklace	Text	 	Dây Chuyền Pha Lê Vàng Bóng Loang
Items/PolishedGoldCrystalNecklaceDesc	Text	 	Một món trang sức lấp lánh kết hợp những vật liệu quý giá nhất.
Items/PolishedGoldCrystalRing	Text	 	Nhan Pha Lê Vàng Bồng Loang
Items/PolishedGoldCrystalRingDesc	Text	 	Một chiếc nhẫn quý giá gần những viên đá quý cổ xưa.
Items/PolishedGoldenSpikeRing	Text	 	Nhan Gai Vàng Bông Loang
Items/PolishedGoldenSpikeRingDesc	Text	 	Chiếc nhẫn vàng này đeo rất khó chịu nhưng trong cực ngấu.
Items/PolishedIronChunkNecklace	Text	 	Dây Chuyền Cục Sát Bông Loang
Items/PolishedIronChunkNecklaceDesc	Text	 	Một món trang sức nặng giúp tăng phòng thủ.
Items/PolishedMagneticRing	Text	 	Nhan Tử Tinh Bồng Loang
Items/PolishedMagneticRingDesc	Text	 	Một chiếc nhẫn kỳ lạ hút chiến lợi phẩm quanh bàn trong bàn kính lớn hơn. Nam châm, chúng hoạt động kiểu gì nhỉ?
Items/PolishedOctarineNecklace	Text	 	Dây Chuyền Octarine Bóng Loang
Items/PolishedOctarineNecklaceDesc	Text	 	Một chiếc dây chuyền làm từ octarine nguyên chất chứa đầy năng lượng phép.
Items/PolishedOctarineRing	Text	 	Nhân Octarine Bong Loang
Items/PolishedOctarineRingDesc	Text	 	Một chiếc nhẫn làm từ octarine nguyên chất được tăng cường thuộc tính phép.
Items/PolishedScarletChunkNecklace	Text	 	Dây Chuyền Cục Scarlet Bóng Loang
Items/PolishedScarletChunkNecklaceDesc	Text	 	Phiên bản scarlet của dây chuyền cực sát. Nó tăng phòng thủ của bạn nhiều hơn nữa và mang lại thêm lợi ích.
Items/PolishedShell	Text	 	Vô Số Bóng Loang
Items/PolishedShellDesc	Text	 	Một chiếc vỏ sò nhẵn như gương, được mài nhẵn bởi dòng nước và cắt cuộn từ đáy biển.
Items/PolishedSwiftRing	Text	 	Nhân Tộc Hành Bồng Loang
Items/PolishedSwiftRingDesc	Text	 	Đeo chiếc nhẫn có cánh này tạo ra một làn gió nhẹ đẩy bắn về phía trước.
Items/Portal	Text	 	Cổng Dịch Chuyển
Items/PortalDesc	Text	 	Cho phép dịch chuyển đến các điểm mốc và cổng dịch chuyển đã được đặt. Cổng dịch chuyển mất 10 phút để nạp năng lượng trước khi có thể dùng sau khi được đặt xuống.
Items/PotBreastArmor	Text	 	Thần Hư
Items/PotBreastArmorDesc	Text	 	Chiếc hũ đất sét giòn này vừa khít cơ bản và thường chứa đầy đồ tiếp tế của Caveling.
Items/PotHelm	Text	 	Nạp Hư
Items/PotHelmDesc	Text	 	Một chiếc nắp đất sét nặng đã nứt một phần và kiêm luôn vai trò chiếc mũ ngộ nghĩnh.
Items/PotionPouch	Text	 [new]	Túi thuốc
Items/PotionPouchDesc	Text	 [new]	Túi đựng để mang theo các loại thuốc.
Items/PottedAlienFlower	Text	 	Hoa ngoài hành tinh trong chậu
Items/PottedAlienFlowerDesc	Text	 	Đây không phải hoa thật mà là hình chiếu ba chiều của một bông hoa. Phải chăng đó là bằng chứng của một thế giới hấp hối nói không còn gì móc nối?
Items/PottedCherryTree	Text	 	Cây Anh Đào Trong Châu
Items/PottedCherryTreeDesc	Text	 	Một nhánh còn có bonsai của cây anh đào thường, trồng trong một chiếc bình trang trí.
Items/PottedEnvelopeTree	Text	 [new]	Cây Envelope trong chậu
Items/PottedEnvelopeTreeDesc	Text	 [new]	Cây Envelope nhờ được trồng trong chậu để trang trí ngôi nhà.
Items/PottedFlowerTree	Text	 	Cây Hoa Nở Trong Châu
Items/PottedFlowerTreeDesc	Text	 	Một bụi cây trong chậu mọc ra những bông hoa tuyệt đẹp. Có vẻ nó chỉ tồn tại ở dạng này.
Items/PottedGlowberryTree	Text	 	Cây Chương Trang Trọng Châu
Items/PottedGlowberryTreeDesc	Text	 	Một bụi cây trong chậu mọc ra những bông hoa phát sáng. Có vẻ nó chỉ tồn tại ở dạng này.
Items/PottedGoldenOrbBush	Text	 	Cây Đông Cổ Trong Châu
Items/PottedGoldenOrbBushDesc	Text	 	Một nhánh còn có bonsai của cây đồng cỏ thường, trồng trong một chậu gỗ.
Items/PottedLandKelp	Text	 	Tào Cán Trọng Châu
Items/PottedLandKelpDesc	Text	 	Một phiên bản trang trí của Tào Cán thượng, trống trong một chầu gỗ trôi.
Items/PottedLucentTree	Text	 	Soi Lucent Trong Châu
Items/PottedLucentTreeDesc	Text	 	Một bụi cây của loài Sói Lucent lộng lẫy, mọc lên từ một châu pha lê hình thành tự nhiên.
Items/PottedLushBush	Text	 	Cây Vực Thâm Trọng Châu
Items/PottedLushBushDesc	Text	 	Một loại cây mọc trong các khe nứt của Azeos' Wilderness, trồng trong một chậu đất sét.
Items/PottedLushTree	Text	 	Cây Lush Trong Châu
Items/PottedLushTreeDesc	Text	 	Một bụi cây của loài Cây Lush thường, trồng trong một chậu đã tạm bợ.
Items/PottedMagmaTulip	Text	 	Hoa Tulip Dung Nham Trong Châu
Items/PottedMagmaTulipDesc	Text	 	Một giống hoa Tulip Phật Sáng trang trí hiếm có, chịu được sức nóng khủng khiếp.
Items/PottedPlumeTree	Text	 	Cây Plume Trong Châu
Items/PottedPlumeTreeDesc	Text	 	Một nhánh còn có bonsai của cây plume thường, trồng trong một chiếc chậu cổ xưa.
Items/PottedPuffSticks	Text	 	Pompom Nam Mộc Trong Châu
Items/PottedPuffSticksDesc	Text	 	Một bông hoa phong to quá khô đã bị nấm mốc xâm chiếm.
Items/PouchWorkbench	Text	 [new]	Bản chế tạo Túi
Items/PouchWorkbenchDesc	Text	 [new]	Bản chế tạo dùng để tạo ra các loại túi đựng đồ.
Items/PreciousUrn	Text	 	Bình Quý Giá
Items/PreciousUrnDesc	Text	 	Một món trang trí đẹp đẽ không hề có vết nứt hay ti vết, nhưng thú chứa bên trong ban đầu đã biến mất từ lâu.
Items/PressurePlate	Text	 	Ban Đập Áp Lục
Items/PressurePlateDesc	Text	 	Tạo ra một lượng nhỏ điện khi người chơi giảm lên.
Items/PrimitiveGoKart	Text	 	Xe Go-kart Thổ Sở
Items/PrimitiveGoKartDesc	Text	 	Một chiếc xe cổ xưa được nền văn minh đã mất chế tạo, dường như chỉ để vui chơi thuần túy. Nó chỉ còn cung cấp một phần tốc độ so với khả năng trước kia.
Items/ProcessorChip	Text	 	Chip Xử Lý
Items/ProcessorChipDesc	Text	 	Con chíp vàng tinh xảo này có vẻ rất tiên tiến về kỹ thuật và hắn đã thực hiện những phép tính phức tạp.
Items/ProtocolSlate	Text	 	Phà Lê Rồng
Items/ProtocolSlateDesc	Text	 	Một viên pha lê hình thoi làm từ thủy tinh có gắn các mạch điện phức tạp. Nó dường như đã ngừng hoạt động. Có lẽ có thể nạp dữ liệu để kích hoạt lại?
Items/ProtocolSlateKey	Text	 	Khoa Quản Trị
Items/ProtocolSlateKeyDesc	Text	 	Một chiếc khóa được kích hoạt lại thuộc về một thủ lĩnh thông thái. Nó có thể mở ra cánh cửa dẫn đến thứ gì đó rất giá trị.
Items/ProximityBomb	Text	 [new]	Bom cảm biến
Items/ProximityBombDesc	Text	 [new]	Bom phát nổ khi có kẻ địch hoặc người chơi tới gần.
Items/Puffungi	Text	 	Puffungi
Items/PuffungiDesc	Text	 	Một loại nấm mốc hợp khẩu vì người sành ăn.
Items/PuffungiRare	Text	 	Nấm phồng vàng
Items/PuffungiRareDesc	Text	 	Một biến thể cực hiếm của loại puffungi thông thường.
Items/PuffungiSeed	Text	 	Hạt Giống Puffungi
Items/PuffungiSeedDesc	Text	 	Một hạt giống chỉ mọc trong năm mọc.
Items/PulseCircuit	Text	 	Mạch Xung
Items/PulseCircuitDesc	Text	 	Điện di chuyển qua theo khoảng cách mỗi 1 giây.
Items/PumpkinCoin	Text	 	Đông Xứ Bí Ngô
Items/PumpkinCoinDesc	Text	 	Một đồng xu trong tinh nghịch có thể đổi lấy nhiều món hàng kỳ quái.
Items/PumpkinHeadCavelingShamanTrophy	Text	 	Tướng Pumpking Caveling
Items/PumpkinHeadCavelingShamanTrophyDesc	Text	 	Hình ảnh sống động như thật của một Pumpking Caveling.
Items/PumpkinHelm	Text	 	Đậu Bí Ngọ
Items/PumpkinHelmDesc	Text	 	Một cái đầu trái cây với khuôn mặt được khắc vào. Dù bên trong cảm giác kinh tởm thế nào, bên ngoài trông khá ngầu.
Items/PumpkinLantern	Text	 	Đền Long Bị Ngô
Items/PumpkinLanternDesc	Text	 	Một chiếc đèn lồng dạng số những âm cũng được khắc từ trái cây. Dũng đạp vỡ nó, sẽ mang lại xui xẻo.
Items/PuppetRing	Text	 	Nhân Con Rối
Items/PuppetRingDesc	Text	 	Một chiếc nhẫn kỳ lạ, cầu kỳ. Bạn cảm thấy gắn kết hôn với đấm tay sai khi đeo nó.
Items/PurpleFireFly	Text	 [new]	Đỏ đốm tím
Items/PurpleFireFlyDesc	Text	 [new]	Loài do đốm phát sáng màu tím huyền bí trong bóng tối.
Items/PurpleSlimeTrophy	Text	 	Tướng Purple Slime
Items/PurpleSlimeTrophyDesc	Text	 	Hình ảnh sống động như thật của một Purple Slime đọc.
Items/PuzzleDoor	Text	 [new]	Cửa đồ
Items/PuzzleDoorDesc	Text	 [new]	Cánh cửa cần giải đố để mở. Cần độ sẽ đánh dấu vị trí chính xác.
Items/PuzzleDoorKey	Text	 [new]	Chìa khóa của đồ
Items/PuzzleDoorKeyDesc	Text	 [new]	Chìa khóa dùng để mở Cửa đó.
Items/PuzzleDoorLocked	Text	 [new]	Cửa đồ bị khóa
Items/PuzzleDoorLockedDesc	Text	 [new]	Cánh cửa đó đang bị khóa. Yêu cầu di chuyển các khối tắt đến vị trí chính xác.
Items/RaAkarAutomaton	Text	 	May Tử Đông Ra-Akar
Items/RaAkarAutomatonDesc	Text	 	Một cỗ máy lên dây cột phức tạp được tạo ra để tôn vinh Ra-Akar, dường như có ý chí riêng. Một món quà xứng đáng cho một hoàng tử trẻ.
Items/RaAkarNecklace	Text	 	Dây Chuyền của Ra-Akar
Items/RaAkarNecklaceDesc	Text	 	Một dây chuyền sa mạc rất giống titan cắt. Đeo nó cho bạn thêm khả năng phòng vệ và thêm sát thương.
Items/RaAkarTrophy	Text	 	Tướng Ra-Akar
Items/RaAkarTrophyDesc	Text	 	Hình ảnh sống động như thật của Ra-Akar, Titan Cat.
Items/RadiationBreastArmor	Text	 	Áo Khoác Bộ Đồ Bảo Hộ
Items/RadiationBreastArmorDesc	Text	 	Dù vấn đề là gì, đối mặt với nó sau lớp đó bảo hộ cũng khiến nó bớt căng thẳng hơn một chút.
Items/RadiationCrystal	Text	 	Phà Lê Phong Xa
Items/RadiationCrystalDesc	Text	 	Sự kết tinh của các nguyên tố phóng xạ tạo nên một cấu trúc giống thủy tinh.
Items/RadiationHelm	Text	 	Mụ Bảo Hộ
Items/RadiationHelmDesc	Text	 	Cần xử lý những vật liệu kỳ lạ phát ra bức xạ còn kỳ lạ hơn? Đừng hỏi thêm nữa!
Items/RadiationPantsArmor	Text	 	Quân Bộ Đỗ Bảo Hổ
Items/RadiationPantsArmorDesc	Text	 	Một bộ đồ bảo hộ chưa hoàn chỉnh nếu thiếu vài đôi giày bảo vệ đôi chân.
Items/RadicalRabbitEars	Text	 	Tại Thổ Cực Chất
Items/RadicalRabbitEarsDesc	Text	 	Một chiếc mũ trùm đang yêu với đôi tai thỏ trắng. Bạn cảm thấy khá tinh nghịch và nhanh nhẹn khi đòi nó.
Items/RadicalRabbitEarsDiadem	Text	 	Bang Đồ Thổ Cực Chất
Items/RadicalRabbitEarsDiademDesc	Text	 	Một chiếc băng đỏ đáng yêu với đôi tai thỏ trắng. Bạn cảm thấy khá tinh nghịch và nhanh nhẹn khi đeo nó.
Items/Rail	Text	 	Đường Ray
Items/RailDesc	Text	 	Di chuyển khắp thế giới ngầm nhanh hơn nhiều.
Items/RailwayForge	Text	 	Lò Rèn Đường Ray
Items/RailwayForgeDesc	Text	 	Lò rèn cao cấp để tạo ra hệ thống đường ray ngầm.
Items/RailywayForge	Text	 	Lò Rèn Đường Ray
Items/RainBreastArmor	Text	 	Áo Mưa
Items/RainBreastArmorDesc	Text	 	Nhung thu dinh nhop truot tuot khoi chiec ao bong loang co gian nay. Màu vàng tươi chỉ là điểm nhấn đẹp mắt.
Items/RainPantsArmor	Text	 	Ung Cao Su
Items/RainPantsArmorDesc	Text	 	Đội ưng nhận chống slime giữ cho chân bàn khô ráo và nhanh nhẹn. Cũng rất tuyệt để nhảy vào vùng nước.
Items/RainbowKelp	Text	 	Tạo Bệ Cầu Vòng
Items/RainbowKelpDesc	Text	 	Một biến thể siêu hiếm của tảo bẹ thường, khoe đủ loại sắc màu.
Items/RamboBreastArmor	Text	 	Ao Ba Lô Lính Đánh Thuê
Items/RamboBreastArmorDesc	Text	 	Màu xanh lá và đậm mồ hôi, mảnh trang phục này hoàn hảo để lao ra từ bóng tối với súng nhà dân.
Items/RamboHelm	Text	 	Bang Do Linh Danh Thuế
Items/RamboHelmDesc	Text	 	Thu duy nhat ban can deo khi muon mot minh lao xuyen rung ram nhu ca dao quan… khoản đã, đó là chuyện khác.
Items/RamboPantsArmor	Text	 	Quân Lính Đánh Thuê
Items/RamboPantsArmorDesc	Text	 	Quân ngụy trang giúp bạn luôn cảnh giác quanh những khu vực canh gác nghiêm ngặt.
Items/RangerBreastArmor	Text	 	Ao Chén Cung Thủ
Items/RangerBreastArmorDesc	Text	 	Một chiếc áo chẽn nhẹ kèm bao dung tên, giúp bạn cùng nhanh nhẹn.
Items/RangerHelm	Text	 	Mụ Trùm Cung Thủ
Items/RangerHelmDesc	Text	 	Một chiếc mũ trùm tối màu bằng vải cũ. Gần như chỉ có đôi mắt nhắm vào mục tiêu lộ ra ngoài.
Items/RangerPantsArmor	Text	 	Quân Cung Thủ
Items/RangerPantsArmorDesc	Text	Changed 'boots' to 'pants' in the description	Chiếc quần đã chắc chắn này giúp bạn đứng vững và ngắm bắn ổn định vào mục tiêu.
Items/RazorFlake	Text	 	Phí Tiêu Bất Tường
Items/RazorFlakeDesc	Text	 	Một vũ khí ném bốn lưỡi này quá này lại khắp phòng. Chèm đứt mọi kẻ địch trên đường đi.
Items/RecallIdol	Text	 	Tướng Triệu Hồi
Items/RecallIdolDesc	Text	 	Dịch chuyển bạn trở lại căn cứ và bị tiêu hao khi sử dụng.
Items/RedEnvelope	Text	 	Bao Li Xi
Items/RedEnvelopeDesc	Text	 	Một món quà tượng trưng cho lời chúc tốt lành và may mắn cho năm tới. Ai đó để lại cho bạn mở.
Items/RedFireFly	Text	 	Dom Dom Đỏ
Items/RedFireFlyDesc	Text	 	Loài bọ bay này luôn xuất hiện thành đàn trống như những đốm sáng nhảy múa. Ánh đỏ của nó đặc trưng theo từng vùng.
Items/RedKelp	Text	 	Tào Bệ Độ
Items/RedKelpDesc	Text	 	Một bụi thực vật biển màu đỏ.
Items/RedSlimeTrophy	Text	 	Tướng Slime Đỏ
Items/RedSlimeTrophyDesc	Text	 	Mô hình sống động của một con Red Slime hung dữ.
Items/ReluciteBar	Text	 [new]	Thời Relucite
Items/ReluciteBarDesc	Text	 [new]	Thời Relucite đã được luyện qua lò nén. Dùng để chế tạo vật phẩm.
Items/ReluciteChest	Text	 [new]	Rương Relucite
Items/ReluciteChestDesc	Text	 [new]	Rương làm từ Relucite, một vật liệu phát sáng.
Items/ReluciteKey	Text	 [new]	Chìa khóa Relucite
Items/ReluciteKeyDesc	Text	 [new]	Chìa khóa làm từ Relucite phát sáng. Dùng để mở Ruong Relucite bị khóa.
Items/ReluciteOre	Text	 [new]	Quặng Relucite
Items/ReluciteOreBoulder	Text	 [new]	Đá quặng Relucite
Items/ReluciteOreDesc	Text	 [new]	Quặng Relucite phát sáng được tìm thấy trong lòng đất.
Items/RemedaisyNecklace	Text	 	Dây Chuyền Remedaisy
Items/RemedaisyNecklaceDesc	Text	 	Trang sức làm từ một loại cây hiếm có khả năng kháng độc.
Items/RemoteDetonatorOffHand	Text	 [new]	Máy kích nổ từ xa
Items/RemoteDetonatorOffHandDesc	Text	 [new]	Máy kích nổ các công trình nổ từ xa khi bắn kích hoạt.
Items/RemoteExplosive	Text	 [new]	Vật nổ điều khiển từ xa
Items/RemoteExplosiveDesc	Text	 [new]	Công trình nổ được kích hoạt từ xa bằng Máy kích nổ từ xa.
Items/RenegadeGoKart	Text	 	Go-kart Phần Loan
Items/RenegadeGoKartDesc	Text	 	Một chiếc xe địa hình tăng tốc nhanh nhưng tốc độ tối đa thấp hơn. Trong hơi tàn tạ nhưng giúp bạn vào cửa ổn định hơn.
Items/RiftLensOffhand	Text	 	Thấu Kính Khe Nút
Items/RiftLensOffhandDesc	Text	 	Một thiết bị cầm tay kỳ lạ, dùng để dịch chuyển tâm trí.
Items/RiftianLampfish	Text	 	Cá đèn Khe Nứt
Items/RiftianLampfishDesc	Text	 	Một sinh vật phi thường dường như không thuộc về thế giới này. Cấu tạo sinh học của nó hoàn toàn khác mọi thứ bạn từng biết.
Items/RingOfRock	Text	 	Nhân Đà Tạng
Items/RingOfRockDesc	Text	 	Chiếc nhẫn đơn giản tìm thấy trong tảng đá sâu nhất.
Items/RingOfSand	Text	 	Nhân Cát
Items/RingOfSandDesc	Text	 	Một chiếc nhẫn kỳ lạ làm từ cát, được kết dính bởi dòng chảy thời gian.
Items/RingOfStone	Text	 	Nhân Đà
Items/RingOfStoneDesc	Text	 	Chiếc nhẫn đơn giản đeo từ đá.
Items/RitualDagger	Text	 	Đảo Gâm Hiền Tề
Items/RitualDaggerDesc	Text	 	Con dao găm khác thường này làm từ một mảnh đá quý lớn. Trên cạn có những đốm đỏ sẫm.
Items/RitualGoblet	Text	 	Lý Hiển Tế
Items/RitualGobletDesc	Text	 	Một chiếc ly có làm từ đá và đá quý. Bên trong phủ những lớp cán đỏ sẫm.
Items/RobotArm	Text	 	Cánh Tây Robot
Items/RobotArmDebris	Text	 [new]	Mảnh cánh tay robot
Items/RobotArmDebrisDesc	Text	 [new]	Mảnh vú cánh tay robot hồng. Rất có ích cho việc chế tạo.
Items/RobotArmDebrisSmall	Text	 [new]	Mảnh cánh tay robot nhỏ
Items/RobotArmDebrisSmallDesc	Text	 [new]	Mảnh nhỏ của cánh tay robot hông.
Items/RobotArmDesc	Text	 	Bàn tay may phụ giúp, gặp đồ vật và đặt sang chỗ khác khi được cấp điện.
Items/RobotBossActivatorConsole	Text	 [new]	Bảng điện kích hoạt Robot boss
Items/RobotBossActivatorConsoleDesc	Text	 [new]	Bảng điều khiển dùng để kích hoạt Robot boss trong khu vực.
Items/RobotBossChest	Text	 [new]	Rương Robot
Items/RobotBossChestDesc	Text	 [new]	Chiếc rương được Robot boss bảo vệ. Chưa vật phẩm quý giá.
Items/RobotBossScanner	Text	 [new]	Máy quét Robot boss
Items/RobotBossScannerDesc	Text	 [new]	Máy quét giúp bạn xác định vị trí của Robot boss.
Items/RobotBossSummoningItem	Text	 [new]	Vật triệu hồi Robot boss
Items/RobotBossSummoningItemDesc	Text	 [new]	Dùng vật phẩm này tái bản điều khiển để triệu hồi Robot boss.
Items/RobotBossTrophy	Text	 [new]	Chiến lợi phẩm Robot boss
Items/RobotBossTrophyDesc	Text	 [new]	Chiến lợi phẩm sau khi tiêu diệt Robot boss.
Items/RobotFarmArm	Text	 [new]	Cánh tay robot làm ruộng
Items/RobotFarmArmDesc	Text	 [new]	Cánh tay robot có thể tự động trồng và thu hoạch cây.
Items/RobotMiner	Text	 [new]	Robot thợ mỏ
Items/RobotMinerTrophy	Text	 [new]	Chiến lợi phẩm Robot thợ mỏ
Items/RobotMinerTrophyDesc	Text	 [new]	Chiến lợi phẩm sau khi thu thập Robot thợ mỏ.
Items/RobotPatroller	Text	 [new]	Robot tuần tra
Items/RobotPatrollerTrophy	Text	 [new]	Chiến lợi phẩm Robot tuần tra
Items/RobotPatrollerTrophyDesc	Text	 [new]	Chiến lợi phẩm sau khi tiêu diệt Robot tuần tra.
Items/RobotSwarmer	Text	 [new]	Robot nhóm
Items/RobotSwarmerTrophy	Text	 [new]	Chiến lợi phẩm Robot nhóm
Items/RobotSwarmerTrophyDesc	Text	 [new]	Chiến lợi phẩm sau khi tiêu diệt Robot nhóm.
Items/RockJaw	Text	 	Rock Jaw
Items/RockJawDesc	Text	 	Một con cá mập nhỏ có thể cắn vỏ gần như mọi vật liệu chỉ với một củ đớp.
Items/RolyPoly	Text	 	Bọ cuộn tròn
Items/RolyPolyBaby	Text	 	Ấu The Strolly Poly
Items/RolyPolyBabyDesc	Text	 	Phiên bản non của Strolly Poly. Khác với cha mẹ đã trưởng thành, con này luôn có nguy cơ bị giam phải hoặc bị các nhà thám hiểm bắt cắn nhầm là ấu trùng.
Items/RolyPolyDesc	Text	 	Mãn nguyện với mọi thứ diễn ra quanh mình, gã khổng lồ hiền lành này lách bạch đi xuyên bóng tối, luôn tìm kiếm một món ăn vặt giòn rum lúc nhục. Bạn có biết nó thậm chí không phải là côn trùng không?
Items/RolyPolyPlate	Text	Item received from a big roly poly animal. Translations of said animal should refer to something correlating to a roly poly + slowness/wandering/strolling	Mạnh Võ Strolly Poly
Items/RolyPolyPlateDesc	Text	 	Một mảnh vỏ rụng ra tạo nên lớp giáp cứng của Strolly Poly. Rất chắc chắn và tuyệt vời để chế tạo.
Items/RoofingTool	Text	 	Dụng Cụ Lốp Mai
Items/RoofingToolDesc	Text	 	Chiếc găng kỳ lạ này có thể tạo ánh sáng mai nhà lên ở bàn đang hướng tới, hoặc gỡ nó đi. Tuy nhiên nó không giúp bạn thoát ra được.
Items/RootSeed	Text	 	Hát Giọng Rê
Items/RootSeedDesc	Text	 	Sau khi gieo, nó lan rễ ra mọi hướng.
Items/RoseWater	Text	 	Nước Hoa Hồng
Items/RoseWaterDesc	Text	 	Một lò chứa nước và tính chất hoa hồng, được cho là giúp đá mịn màng và tóc bóng mượt.
Items/RotFish	Text	 	Cá Thoi
Items/RotFishDesc	Text	 	Mất nửa thân mình mà chẳng hiểu sao vẫn còn sống. Rón người.
Items/RoyalGel	Text	 	Gel Hoàng Gia
Items/RoyalGelDesc	Text	 	Một cực slime với chiếc vương miện tí hon ở giữa. Có môn đối đầu phù hợp, bạn có thể thống trị mọi loại slime.
Items/RoyalSlimeBlob	Text	 	Slime Hoàng Gia
Items/Rug	Text	 	Thăm
Items/RugDesc	Text	 	Che đi nền đất lạnh và làm cho căn cứ của ban ấm cúng.
Items/RuinsCavelingPillar	Text	 	Cột Caveling
Items/RuinsCavelingPillarDesc	Text	 	Một cột đá to bản, khắc hình một Caveling cách điệu.
Items/RuinsCoreRelief	Text	 	Tam Phủ Điều Lợi
Items/RuinsCoreReliefDesc	Text	 	Một tấm đá khổng lồ viền vàng, khắc họa hình tượng của Lôi.
Items/RuinsFireplace	Text	 	Lò Suối Caveling
Items/RuinsFireplaceDesc	Text	 	Một lò sưởi vững chãi với khung đồ nặng nề. Nó chạy bằng thứ lửa kỳ lạ phát ra từ viên đá quý dưới đây.
Items/RuinsGate	Text	 	Cổng Đô Thị
Items/RuinsGateDesc	Text	 	Một cổng đá còn nguyên vẹn tìm thấy ở đô thị hoang phế. Nó dùng sừng sững và hắn đã khiến khách viếng thăm choáng ngợp với viên đá quý cổ xưa khổng lồ ở chính giữa.
Items/RuinsPedestal	Text	 	Bể Kính Xanh
Items/RuinsPedestalDesc	Text	 	Một bệ đá khảm vàng và kính, cách trưng bày kho báu thật trang nhã.
Items/RuinsPiece1	Text	 	Vòm Phế Tích
Items/RuinsPiece1Desc	Text	 	Một phiến đá khổng lồ dường như từng là một phần của trận nhà. Hắn nhưng con rung chân đã làm nó sụp xuống.
Items/RuinsPiece2	Text	 	Công Phế Tích
Items/RuinsPiece2Desc	Text	 	Một lối vào đổ nát làm từ đá chạm khắc và đá quý cổ xưa. Có vẻ nó từng là một phần của thành phố rộng lớn.
Items/RuinsPiece3	Text	 	Tam Lạt Phế Tích
Items/RuinsPiece3Desc	Text	 	Tấm đá lát dày này có hoa văn trông giống Lời. Nó đã bị bắt khỏi mặt đất.
Items/RuinsPiece4	Text	 	Cột Phế Tích
Items/RuinsPiece4Desc	Text	 	Những cột đá đổ rạp từng chống đỡ một trận nhà rất cao. Khi sụp xuống, hắn chúng đã gây ra nhiều tàn phá.
Items/RuinsShelfLarge	Text	 	Kẻ Đá Lớn
Items/RuinsShelfLargeDesc	Text	 	Một chiếc kệ lớn vững chãi với nhiều chỗ để sách và cuộn giấy. Những thứ còn sót lại được viết bằng thứ ngôn ngữ bạn không hiểu.
Items/RuinsShelfSmall	Text	 	Kẻ Đá
Items/RuinsShelfSmallDesc	Text	 	Một chiếc kệ vững chãi với nhiều chỗ để sách và cuộn giấy. Những thứ còn sót lại không thể đọc nổi.
Items/RuinsStool	Text	 	Ghẻ Đầu Caveling
Items/RuinsStoolDesc	Text	 	Chiếc ghế đầu này làm từ đá đặc nhưng có gắn một tấm đệm êm ái.
Items/RuinsTable	Text	 	Bản Viễn Vang Lớn
Items/RuinsTableDesc	Text	 	Một chiếc bàn to vung chai đeo từ phiến đá khổng lồ. Có nhiều chỗ cho đông người ngồi.
Items/RuinsTableSmall	Text	 	Bản Viễn Vang
Items/RuinsTableSmallDesc	Text	 	Một chiếc bàn vững chãi đeo từ phiến đá khổng lồ. Có nhiều chỗ cho dòng người ngồi.
Items/RustedNecklace	Text	 	Dây Chuyền Gi Sét
Items/RustedNecklaceDesc	Text	 	Mặt dây chuyền này từng trông đẹp đẽ nhưng đã bị gỉ sét đến tận lõi.
Items/RustedRing	Text	 	Nhân Gi Sét
Items/RustedRingDesc	Text	 	Một chiếc nhẫn từ vực sau mà ai đó hắn đã đánh rơi từ lâu lắm rồi.
Items/RustyDagger	Text	 	Đảo Gâm Gi Sét
Items/RustyDaggerDesc	Text	 	Một lưỡi dao gỉ sét đến mức chỉ còn lơ mơ giống đồng. Nó sắc bén đến bất ngờ.
Items/RustyFishingHook	Text	 	Lưới Cầu Gi Sét
Items/RustyFishingHookDesc	Text	 	Gi sét đến tận lõi và không dùng được. Còn cả đồ tổ quá sức xử lý, ảnh bản a.
Items/RustySpoon	Text	 	Thia Gi Sét
Items/RustySpoonDesc	Text	 	Một dụng cụ ăn uống cũ kỹ, gỉ sét. Hầu như mọi nền văn hóa đều đã sáng tạo ra nó.
Items/SahabarMonument	Text	 [new]	Tượng đài Sahabar
Items/SahabarMonumentDesc	Text	 [new]	Tượng đài to lớn tôn thờ Sahabar.
Items/SalvageAndRepairStation	Text	 	Trạm Tân Dũng và Sửa Chữa
Items/SalvageAndRepairStationDesc	Text	 	Tháo dỡ công cụ và trang bị bắn không cần hoặc tân trang những món hông.
Items/SamhainCurseRing	Text	 	Nhân Nguyên Samhain
Items/SamhainCurseRingDesc	Text	 	Một chiếc nhẫn bị nguyền dùng để chào đón mùa lạnh đến vùng đất này. Nó tượng trưng cho sự tan lùi và bóng tối.
Items/SamhainOfferingNecklace	Text	 	Dây Chuyền Te Le Samhain
Items/SamhainOfferingNecklaceDesc	Text	 	Một dây chuyền được bán phước dạng như món quà tiễn biệt mùa ấm. Nó tượng trưng cho mùa gắt và anh hoàng hơn.
Items/SandySpikeback	Text	 	Cà Gai Lũng Cát
Items/SandySpikebackDesc	Text	 	Một loài cá rất phòng thủ với lớp đá sa thạch và những chiếc gai lởm chởm tua tủa.
Items/SantaHelm	Text	 	Mụ Lê Hối
Items/SantaHelmDesc	Text	 	Một chiếc mũ ấm áp, mềm mại giữ tại khối lạnh trong mùa giá rét. Mùa đông không thể không đổi một chiếc như thế này.
Items/SantasLittleHelper	Text	 	Phủ Tả Nhĩ
Items/SantasLittleHelperDesc	Text	 	Một Caveling đồng hành vừa vặn trong ba lô của bạn nhưng muốn sớm được đặt xuống vì nó hăng hái làm việc. Nó sẽ chế tạo quả để đổi lấy món ăn nấu chín; cho nó món hiếm để có chất lượng cao hơn!
Items/ScarabBossScanner	Text	 	Máy Quét Ra-Akar, Titan Cát
Items/ScarabBossScannerDesc	Text	 	Quét thế giới để tìm Ra-Akar, Titan Cát. Bị tiêu hao khi quét thành công.
Items/ScarabBreastArmor	Text	 	Giáp Ngực Bố Hùng
Items/ScarabBreastArmorDesc	Text	 	Giáp thân trên được chế tác tinh xảo để chống chọi với hiểm nguy của sa mạc.
Items/ScarabHelm	Text	 	Mặt nạ Scarab
Items/ScarabHelmDesc	Text	 	Mũ được thiết kế theo hình Ra-Akar, chiếu con mắt trung tâm vào kẻ thù của bạn.
Items/ScarabMortar	Text	 	Cối Bom Scarab
Items/ScarabMortarDesc	Text	 	Vũ khí mạnh mẽ bắn ra đạn nổ trong giống con mắt trung tâm của bộ hùng bom.
Items/ScarabPantsArmor	Text	 	Giáp Chan Scarab
Items/ScarabPantsArmorDesc	Text	 	Giáp thân dưới mô phỏng đặc tính của các sinh vật sa mạc.
Items/ScarabWingcover	Text	 	Vở Cánh Scarab
Items/ScarabWingcoverDesc	Text	 	Vỏ cánh của Bom Scarab trông giống nửa cái sọ.
Items/ScarfHelm	Text	 [new]	Mù Khăn
Items/ScarfHelmDesc	Text	 [new]	Chiếc mũ có khăn quàng bảo vệ cổ và đầu bắn khỏi cái lạnh.
Items/ScarletAnvil	Text	 	De Scarlet
Items/ScarletAnvilDesc	Text	 	Cái để cực kỳ tân tiến để tạo ra trang bị tối thượng.
Items/ScarletBar	Text	 	Thánh Scarlet
Items/ScarletBarDesc	Text	 	Thanh quý giá dùng để rèn cấp cao.
Items/ScarletBreastArmor	Text	 	Giáp Ngực Scarlet
Items/ScarletBreastArmorDesc	Text	 	Giáp thân trên dữ dội dành cho chiến binh thực thụ.
Items/ScarletBridge	Text	 	Cầu Scarlet
Items/ScarletBridgeDesc	Text	 	Đừng để băng qua vực và nước nhưng cũng làm sân rất đẹp.
Items/ScarletChest	Text	 	Rương Scarlet
Items/ScarletChestDesc	Text	 	Một chiếc rương chắc chắn làm từ Scarlet. Nó không còn bị khóa.
Items/ScarletChunkNecklace	Text	 	Dây Chuyền Khối Scarlet
Items/ScarletChunkNecklaceDesc	Text	 	Phiên bản scarlet của dây chuyền khối sắt. Nó tăng phòng thủ của bạn nhiều hơn nữa và mang lại lợi ích bổ sung.
Items/ScarletCrossbow	Text	 	Nó Scarlet
Items/ScarletCrossbowDesc	Text	 	Nó kim loại nặng bắn ra mũi tên đầy uy lực.
Items/ScarletDagger	Text	 	Đảo Gam Scarlet
Items/ScarletDaggerDesc	Text	 	Con dao găm do thám lượn sóng này xuyên qua hầu hết mọi vật liệu.
Items/ScarletDoor	Text	 	Cửa Scarlet
Items/ScarletDoorDesc	Text	 	Cửa gia cố để chặn bất kỳ kẻ không mới nào.
Items/ScarletFence	Text	 	Hàng rào Scarlet
Items/ScarletFenceDesc	Text	 	Hàng rào kim loại gia cố để bảo vệ những gì thuộc về bạn.
Items/ScarletFenceGate	Text	 	Cổng Hàng Rào Scarlet
Items/ScarletFenceGateDesc	Text	 	Cổng kim loại cung cấp cho hàng rào scarlet.
Items/ScarletFishingRod	Text	 	Cần Cầu Scarlet
Items/ScarletFishingRodDesc	Text	 	Công cụ tuyệt vời để kéo lên những con cá rất khó bắt.
Items/ScarletFloor	Text	 	Sàn Scarlet
Items/ScarletFloorDesc	Text	 	Tấm sàn kim loại gia cố với hợp kim do thấm đẹp mắt.
Items/ScarletHelm	Text	 	Mụ Scarlet
Items/ScarletHelmDesc	Text	 	Mũ có sừng trong dãy đe dọa, kết hợp hoàn hảo với phần còn lại của bò.
Items/ScarletHoe	Text	 	Cuộc Làm Vườn Scarlet
Items/ScarletHoeDesc	Text	 	Công cụ xuất sắc để chuẩn bị đất trồng trọt. Mỗi lần đánh bao phủ vùng 5x5 ở.
Items/ScarletKey	Text	 	Chìa Khóa Scarlet
Items/ScarletKeyDesc	Text	 	Chìa khóa chắc chắn đúc bằng scarlet. Đầu dò hắn có ổ khóa khớp với nó.
Items/ScarletMiningPick	Text	 	Cúp Chim Scarlet
Items/ScarletMiningPickDesc	Text	 	Công cụ tuyệt vời để phá vỡ những bức tường cực kỳ cứng.
Items/ScarletOre	Text	 	Quặng Scarlet
Items/ScarletOreBoulder	Text	 	Tăng Quang Scarlet
Items/ScarletOreDesc	Text	 	Quặng scarlet thường thấy trong tường cổ.
Items/ScarletPantsArmor	Text	 	Quận Scarlet
Items/ScarletPantsArmorDesc	Text	 	Tiến thẳng qua kẻ thù và đứng ngoảnh lại.
Items/ScarletShellBackpack	Text	 	Bà Lộ Vợ Scarlet
Items/ScarletShellBackpackDesc	Text	 	Ba lô võ cùng với nhiều không gian và sự bảo vệ bổ sung.
Items/ScarletShovel	Text	 	Xẻng Scarlet
Items/ScarletShovelDesc	Text	 	Cay xeng cuc ky chac chan, đào đất xuất sắc.
Items/ScarletSledge	Text	 	Búa tạ Scarlet
Items/ScarletSledgeDesc	Text	 	Vũ khí tuyệt vời để đập tan kẻ thù và vật thể.
Items/ScarletSword	Text	 	Kiếm Scarlet
Items/ScarletSwordDesc	Text	 	Vũ khí tuyệt vời để hạ gục kẻ thù.
Items/ScarletWorkBench	Text	 	Bản Chế Tạo Scarlet
Items/ScarletWorkBenchDesc	Text	 	Bản chế tạo cao cấp hơn để sẵn sàng cho các hệ hàng đóng bên ngoài.
Items/SceneBuilder_StructureLootTool	Text	 [new]	Công cụ Thử vật phẩm (SceneBuilder)
Items/SceneBuilder_StructureLootToolDesc	Text	 [new]	Công cụ của SceneBuilder cho phép cấu hình vết rơi vật phẩm. Chỉ dành cho nhà phát triển.
Items/SceneBuilder_StructureSaverTool	Text	 [new]	Công cụ Lưu vật thể (SceneBuilder)
Items/SceneBuilder_StructureSaverToolDesc	Text	 [new]	Công cụ của SceneBuilder cho phép lưu trữ vật thể. Chỉ dành cho nhà phát triển.
Items/SceneBuilder_StructureVoid	Text	 [new]	Vật thể Void (SceneBuilder)
Items/SceneBuilder_StructureVoidDesc	Text	 [new]	Vật thể SceneBuilder. Chỉ dành cho nhà phát triển.
Items/ScholarArmor	Text	 	Áo Choang Học Giả
Items/ScholarArmorDesc	Text	 	Mảnh vải được phủ phép thuật, mặc bởi các học giả Caveling. Khoác nó lên bạn cảm thấy hòa hợp với người xưa.
Items/ScholarBag	Text	 	Tui Học Giả
Items/ScholarBagDesc	Text	 	Có mùi sách củ âm mộc dễ chịu.
Items/ScholarHelm	Text	 	Mụ Trùm Học Giả
Items/ScholarHelmDesc	Text	 	Một chiếc mũ trùm kỳ lạ làm từ vải lanh trắng và vàng. Trong bóng của nó bạn cảm thấy thông minh hơn thường lệ.
Items/ScholarStaff	Text	 	Gây Học Giả
Items/ScholarStaffDesc	Text	 	Một cây gậy phép được các học giả Caveling sử dụng, dùng một viên đá quý cổ xưa để tạo ra những tia năng lượng mạnh mẽ.
Items/ScholarTrophy	Text	 	Tướng Caveling Học Giả
Items/ScholarTrophyDesc	Text	 	Một mô hình sống động của một Caveling học giả.
Items/ScrapPart	Text	Should be in plural as the ingame icon shows several parts	Mạnh Phế Liệu
Items/ScrapPartDesc	Text	 	Các vật liệu khác nhau thu hồi tự do phế thải. Dùng để sửa chữa vật phẩm tại trạm thu hồi và sửa chữa.
Items/ScreenDevice	Text	 	Thiết Bị Màn Hình
Items/ScreenDeviceDesc	Text	 	Một thiết bị nhỏ làm từ kính xanh, vừa khít trong tay bạn. Nó cảm ứng và lướt qua hình ảnh cùng các ký hiệu.
Items/SeaBiomeChest	Text	 	Rương Biển chìm
Items/SeaFoamRing	Text	 	Nhân Bột Biên
Items/SeaFoamRingDesc	Text	 	Một chiếc nhẫn trong suốt trong như một con sông bị đóng băng trong thời gian.
Items/SeaGemstone	Text	 	Lâm Ngọc Đại Đường
Items/SeaGemstoneDesc	Text	 	Một viên đá quý màu xanh azure hiếm khi tìm thấy ở những vùng nước kết tinh. Tính chất đặc biệt của nó cho phép dùng để chế tạo chất lượng cao hơn.
Items/SeaShell	Text	 	Vô Sở
Items/SeaShellDesc	Text	 	Một vô số kỳ lạ với bề mặt mượt mà như lửa.
Items/SeaWoodenDestructible	Text	 	Thung Gỗ Trôi Đất
Items/SeaWoodenDestructibleDesc	Text	 	Chiếc thùng này được làm từ gỗ trôi dạt và bị bạc màu bởi ánh sáng từ trên cao.
Items/SealedBeverage	Text	 	Đỗ Uông Niệm Phong
Items/SealedBeverageDesc	Text	 	Một chất lỏng là ốc ạch bên trong khi lắc. Liệu có cái mỏ nứt chai cổ xưa nào quanh đây không?
Items/SeasonalMerchant	Text	 	Thương Nhân Mùa Vu
Items/SeedAndCropsPouch	Text	 [new]	Túi hạt và hoa màu
Items/SeedAndCropsPouchDesc	Text	 [new]	Túi đựng để mang theo hạt giống và hoa màu.
Items/SeedExtractor	Text	 [new]	Máy tách hạt
Items/SeedExtractorDesc	Text	 [new]	Máy tách hạt từ hoa quả thu hoạch.
Items/SeekerBomb	Text	 [new]	Bom Tim
Items/SeekerBombDesc	Text	 [new]	Bom tự động bay về phía kẻ địch khi chúng ở gần.
Items/SeismicClock	Text	 	Đông Hồ Địa Chấn
Items/SeismicClockDesc	Text	 	Thiết bị hỏng này trông như từng có thể dự đoán động đất.
Items/SentryNutcracker	Text	 	Lính Gác Kép Hát Đê
Items/SentryNutcrackerDesc	Text	 	Một chữ kép hạt dẻ nhỏ tạo hình theo một core sentry trong trang phục lễ hội. Tiếc là chẳng có hạt dẻ nào quanh đây để kẹp.
Items/SeptumRing	Text	 	Khuyến Vách Mũi
Items/SeptumRingDesc	Text	 	Một món trang sức bằng vàng không đeo vào ngón tay mà đeo lên mũi.
Items/ShadowBreastArmor	Text	 [new]	Giáp ngực Bóng tối
Items/ShadowBreastArmorDesc	Text	 [new]	Giáp ngực nhuộm mưa của bóng tối. Tăng khả năng lẩn trốn.
Items/ShadowCharmNecklace	Text	 [new]	Dây chuyền Búa Bóng tối
Items/ShadowCharmNecklaceDesc	Text	 [new]	Dây chuyền bóng tối tăng tốc độ di chuyển.
Items/ShadowHelm	Text	 [new]	Mũ Bóng tối
Items/ShadowHelmDesc	Text	 [new]	Chiếc mũ của bóng tối giúp bạn tan biến trong bóng đêm.
Items/ShadowPantsArmor	Text	 [new]	Quân Bóng tối
Items/ShadowPantsArmorDesc	Text	 [new]	Chiếc quần mới của bóng tối di chuyển khép lép.
Items/ShamanBossCrystalShard	Text	 	Mạnh Sở Pha Lê
Items/ShamanBossCrystalShardDesc	Text	 	Một mảnh pha lê cổ xưa chỉ là một phần nhỏ của thứ gì đó lớn hơn.
Items/ShamanBossScanner	Text	 	May Quet Malugaz, Kẻ Sa Nga
Items/ShamanBossScannerDesc	Text	 	Quét thế giới để tìm Malugaz, Kẻ Sa Nga. Bị tiêu hao khi quét thành công.
Items/ShamanBossSummoningItem	Text	 	Số của Shaman Sa Nga
Items/ShamanBossSummoningItemDesc	Text	 	Một chiếc số pha lê được tái tạo, thì tham nhũng lời tụng cổ xưa. Nó thúc giục bạn đặt nó lên dấu ấn phong ngài.
Items/ShamanHelm	Text	 	Sở Pháp Sư
Items/ShamanHelmDesc	Text	 	Một chiếc sọ phủ dày ký hiệu nghi lễ. Học mất chạy rực của nó nhóm lên trong bản một cơn thịnh nộ rực lửa.
Items/ShardClub	Text	 	Chuy Mạnh Pha Lê
Items/ShardClubDesc	Text	 	Vũ khí đập này làm từ pha lê để vỡ, có thể bắn ra các mảnh vụn khí vùng.
Items/SharkTooth	Text	 	Rặng Cá Mập
Items/SharkToothDesc	Text	 	Nó to bằng lòng bàn tay. Chạm trán cả một hàng răng như vậy sẽ kết thúc chết người.
Items/Shredder	Text	 [new]	Máy hủy
Items/ShredderDesc	Text	 [new]	Máy nghiền nát vật phẩm thành linh kiện. Rất hiệu quả để tái chế.
Items/ShroomanBruteTrophy	Text	 	Tướng Shrooman Hung Hãn
Items/ShroomanBruteTrophyDesc	Text	 	Một mô hình sống động của một Shrooman Hung Hãn.
Items/SignArrow	Text	 	Biển Mũi Tên
Items/SignArrowDesc	Text	 	Không biết đi đâu? Cứ nhìn vào nó!
Items/SignBrute	Text	 	Biển Báo Hưng Hán
Items/SignBruteDesc	Text	 	"""Ai đó đã dồn hết tai nghe vào việc về tâm biến này và để lại nó như một lời cảnh báo. 
Phía trước có Caveling Hung Hán hoặc tệ hơn."""
Items/SignRedWarning	Text	 [new]	Biển cấm đó
Items/SignRedWarningDesc	Text	 [new]	Biển báo cấm đồ dùng để cảnh báo nguy hiểm.
Items/SignSkull	Text	 	Hình Nôm Đầu Lâu
Items/SignSkullDesc	Text	 	Không có lời cảnh báo nào rõ ràng hơn một chiếc sò cầm trên cọc. Tốt hơn là tránh xa.
Items/SignText	Text	 	Biển Báo
Items/SignTextDesc	Text	 	Cách tốt nhất để để lại lời nhắn cho mọi người thấy.
Items/SignTextMetropolis	Text	 	Biển Bảo Metropolis
Items/SignTextMetropolisDesc	Text	 	Một biến nhân hiện đại có thể lập trình để hiển thị thông tin.
Items/SignYellowWarning	Text	 [new]	Biển cảnh báo vàng
Items/SignYellowWarningDesc	Text	 [new]	Biển báo vàng dùng để cảnh báo sự thận trọng.
Items/SilverTorrentDart	Text	 	Ca Phi Tiểu Bắc
Items/SilverTorrentDartDesc	Text	 	Loại cá khô nắm bắt này xuất hiện thành đàn như một màn trình diễn anh bạc lấp lánh để gây rối kẻ săn mồi.
Items/SingingCrystal	Text	 	Phà Lê Ca Hát
Items/SingingCrystalDesc	Text	 	Nhờ hình dạng của nó, viên pha lê hình thành tự nhiên này ngắn lên một tần số hài hòa khi gõ vào.
Items/SirenLamp	Text	 [new]	Đến coi báo động
Items/SirenLampDesc	Text	 [new]	Đèn phát ra âm thanh báo động khi phát hiện kẻ địch.
Items/SkeletonPedestal	Text	 	Nhà Thám Hiểm Quả Cô
Items/SkeletonPedestal2	Text	 	Trang Trí Bộ Xương
Items/SkeletonPedestal2Desc	Text	 	Một bộ xương rùng rợn làm từ nhựa rẻ tiền. Hoàn hảo để 'làm sống động' bất kỳ căn phòng nào.
Items/SkeletonPedestalDesc	Text	 	Hài cốt của một nhà thám hiểm đồng nghiệp kém may mắn hơn bạn. Buồn cười là cái số trang bệch của hắn vẫn đội mũ vừa vặn. Dù sao cũng được một điều.
Items/SkirmisherHelm	Text	 	Mũ Lính Đánh Nhanh
Items/SkirmisherHelmDesc	Text	 	Một chiếc mũ đời đầu của lính đánh nhanh Caveling, được chấp và từ đá ấu trùng, lá cây và vài bàn.
Items/SkullNecklace	Text	 	Dây Chuyền Đầu Lâu
Items/SkullNecklaceDesc	Text	 	Một dây chuyền ghê rợn làm từ những chiếc sò Caveling tí hon. Chúng quá nhỏ để là số trẻ con.
Items/SkullRing	Text	 	Nhan Đầu Lâu
Items/SkullRingDesc	Text	 	Một chiếc nhẫn kỳ dị màu đỏ màu, đính một chiếc số Caveling tí hon.
Items/SkyRing	Text	 	Nhân Bàu Trời
Items/SkyRingDesc	Text	 	Chiếc nhẫn này gọi cho bạn nhớ về bầu trời rộng mở bao la.
Items/SleepyBreastArmor	Text	 [new]	Giáp ngực Buồn ngủ
Items/SleepyBreastArmorDesc	Text	 [new]	Giáp ngực thoải mái của một người buồn ngủ. Bạn có thể ngủ mọi lúc.
Items/SleepyHelm	Text	 [new]	Mụ Buồn ngủ
Items/SleepyHelmDesc	Text	 [new]	Chiếc mũ mềm mại khiến bạn buồn ngủ ngáy ngô.
Items/SleepyPantsArmor	Text	 [new]	Quận Buồn ngủ
Items/SleepyPantsArmorDesc	Text	 [new]	Chiếc quần thoải mái như bộ đồ ngủ. Giúp bạn có giấc ngủ ngon.
Items/Slime	Text	 	Slime
Items/SlimeBlob	Text	 	Slime Cam
Items/SlimeBossCrystal	Text	 	Mặt Glurch
Items/SlimeBossCrystalDesc	Text	 	Một viên đá quý phình to đã hợp nhất nhiều con slime lại thành một con khổng lồ.
Items/SlimeBossSummoningItem	Text	 	Thần Tượng Triệu Hồi Slime Không Lộ
Items/SlimeBossSummoningItemDesc	Text	 	Thần tượng pha lê để đánh thức lại một con Slime Không Lộ. Bị tiêu hao khi đặt lên bất kỳ kỳ tử triệu hồi Slime Không Lộ nào.
Items/SlimeBreastArmor	Text	 	Giáp Slime
Items/SlimeBreastArmorDesc	Text	 	Một bộ giáp thân trên nhảy nhựa, trông như ai đó vừa đổ cả xô chặt nhọn lên người bạn.
Items/SlimeDesc	Text	 	Một cục slime cam. Có thể chế biến thêm.
Items/SlimeDestructLarge	Text	 	Bình Slime Lớn
Items/SlimeDestructMedium	Text	 	Bình Slime Vua
Items/SlimeDestructSmall	Text	 	Bình Slime Nhỏ
Items/SlimeHelm	Text	 	Mu Slime
Items/SlimeHelmDesc	Text	 	Một chiếc mũ nhảy nhựa, nhỏ giọt liên tục, che nửa khuôn mặt bàn.
Items/SlimeMerchant	Text	 	Thương Nhân Rau Rầm
Items/SlimeOil	Text	 	Đầu Slime
Items/SlimeOilDesc	Text	 	Một lỗ chứa tính chất slime, dùng để chăm sóc rau. Đặt nó trong một căn phòng ở được và một nhân vật râu rậm có thể chuyển đến.
Items/SlimeStaff	Text	 	Gậy Đình
Items/SlimeStaffDesc	Text	 	Cây gậy này ngắm dây slime, dường như không bao giờ hết dù có vảy đi bao nhiêu.
Items/SlimeSword	Text	 	Kiếm Slime
Items/SlimeSwordDesc	Text	 	Một vũ khí kỳ lạ, hữu hiệu dễ gây sát thương cho kẻ địch và làm chúng chậm lại.
Items/SlimeTrophy	Text	 	Tướng Slime
Items/SlimeTrophyDesc	Text	 	Một mô hình sống động của con Slime Cam thường gặp.
Items/Slingshot	Text	 	Sùng Cao Sư
Items/SlingshotDesc	Text	 	Vũ khí đánh xa đơn giản để bàn kế địch.
Items/SlipperySlime	Text	 	Slime Tron
Items/SlipperySlimeBlob	Text	 	Slime Xanh
Items/SlipperySlimeBossScanner	Text	 	Mây Quet Morpha, Khối Thủy Sinh
Items/SlipperySlimeBossScannerDesc	Text	 	Quét thế giới để tìm Morpha, Khối Thủy Sinh. Bị tiêu hao khi quét thành công.
Items/SlipperySlimeDesc	Text	 	Một cực slime xanh tròn đến mức gần như không cầm nổi. Có thể chế biến thêm.
Items/SlipperySlimeSword	Text	 	Kiếm Slime Tròn
Items/SlipperySlimeSwordDesc	Text	 	Một biến thể màu xanh của kiếm slime. Đôi khi nó phụ slime lên kẻ địch khiến chúng trượt loang choàng.
Items/SmallBarnacleGrass	Text	 	Cô Hà
Items/SmallBarnacleGrassDesc	Text	 	Một cụm nhỏ nhưng con hà cổ đại vươn lên từ mặt đất.
Items/SmallBomb	Text	 	Bom Thọ
Items/SmallBombDesc	Text	 	Một quả nổ nhỏ để phá tường và kẻ địch.
Items/SmallBombPlural	Text	 [new]	Các quả bom nhỏ
Items/SmallCavelingSkull	Text	 	Số Caveling Nhỏ
Items/SmallCavelingSkullDesc	Text	 	Một chiếc sọ Caveling, nhỏ hơn bình thường. Nó gởi đến một câu chuyện đau buồn.
Items/SmallCrystalGrass	Text	 	Cổ Pha Lê
Items/SmallCrystalGrassDesc	Text	 	Một loại cây kỳ lạ gồm những chiếc lá rộng, trong suốt.
Items/SmallFeatherTree	Text	 	Cây lông vũ tím nhỏ
Items/SmallFeatherTreeCyan	Text	 	Cây lông vũ xanh lục nhỏ
Items/SmallFeatherTreeCyanDesc	Text	 	Hoàn toàn không phải cây, mà là một loại không xương sống đứng cạnh tay ăn các hạt trôi nổi. Nó vẫn chưa trưởng thành hẳn.
Items/SmallFeatherTreeDesc	Text	 	Hoàn toàn không phải cây, mà là một loại không xương sống đứng cạnh tay ăn các hạt trôi nổi. Nó vẫn chưa trưởng thành hẳn.
Items/SmallIndustrialTable	Text	 [new]	Ban công nghiệp nhỏ
Items/SmallIndustrialTableDesc	Text	 [new]	Ban công nghiệp có kích thước nhỏ, tiết kiệm không gian.
Items/SmallLantern	Text	 	Đền Long Nho
Items/SmallLanternDesc	Text	 	Một nguồn sáng yếu để gắn vào thắt lưng.
Items/SmallPandoriumCrystal	Text	 	Phà Le Pandorium Nho
Items/SmallPandoriumCrystalDesc	Text	 	Khối pha lê nhỏ này nó lách tách và phun trào năng lượng hỗn loạn.
Items/SmallTempleRug	Text	 	Thẩm Trang Trí Đen
Items/SmallTempleRugDesc	Text	 	Một tấm thảm nhỏ, cổ xưa, phủ đầy bụi của hàng nghìn năm. Họa tiết trên đó thể hiện bộ ba con mắt.
Items/SmallTentacle	Text	 	Xúc Tu
Items/SmelterKiln	Text	 	Lò Nâu Quang
Items/SmelterKilnDesc	Text	 	Một lò nung có thể nấu chảy các loại quặng quý giá.
Items/SmithingBellow	Text	 	Bé Rèn Cú
Items/SmithingBellowDesc	Text	 	Một thiết bị cũ dùng để thổi khí vào lò rèn nhằm tạo ra nhiệt độ cực cao. Cần gạt của cơ cấu đã bị rỉ sét và kết cứng.
Items/SmithingGlove	Text	 	Găng Tay Thỏ Rèn
Items/SmithingGloveDesc	Text	 	Được gia cố bằng nhiều vật liệu hiếm, đôi găng này chịu được nhiệt độ cao và là vật bất ly thân của môi thợ rèn lão luyện.
Items/SnakeBossScanner	Text	 	Mây Quet Atlantean Worm
Items/SnakeBossScannerDesc	Text	 	Quét thế giới để tìm Atlantean Worm. Bị tiêu hao khi quét thành công.
Items/SnarePlant	Text	 	Cây Bay
Items/SnarePlantTrophy	Text	 	Tướng Cây Bay
Items/SnarePlantTrophyDesc	Text	 	Mô phỏng sông đóng của một Cây Bay.
Items/SnowGlobe	Text	 	Quả Cầu Tuyết
Items/SnowGlobeDesc	Text	 	Quả cầu nhỏ này lấy Lợi làm tâm và bắt đầu rồi tuyệt khi lắc.
Items/Snowball	Text	 	Quả Cầu Tuyết
Items/SnowballDesc	Text	 	Một loại đạn tiện lợi để bắt đầu vài trận đánh nhau với lũ trẻ hàng xóm. Cũng có thể thu thập và chế biến thêm.
Items/SnowballPyramid	Text	 	Kim Tự Tháp Cầu Tuyết
Items/SnowballPyramidDesc	Text	 	Một công trình lễ hội truyền thống xây bằng cầu tuyết với một nguồn sáng ở giữa.
Items/SnowmanHelm	Text	 	Mụ Người Tuyết
Items/SnowmanHelmDesc	Text	 	Dù đang cảm thấy thế nào, chiếc mũ này cũng che giấu tất cả băng về mặt vui tươi làm từ thần và cà rốt.
Items/SoaringBreastArmor	Text	 	Ao Choang Bảy Bông
Items/SoaringBreastArmorDesc	Text	 	Thoái mái và nhẹ nhàng, chiếc áo choàng này phát phơ theo bước chạy của bạn.
Items/SoaringHelm	Text	 	Mũ Đội Bay Bổng
Items/SoaringHelmDesc	Text	 	Một chiếc mũ và khăn quàng sành điệu, hợp với nhau.
Items/SoaringPantsArmor	Text	 	Quận Bảy Bông
Items/SoaringPantsArmorDesc	Text	 	Đi kèm đôi giày có cánh giúp tăng khả năng di chuyển của bạn.
Items/SoftSponge	Text	 	Bột Biển Mềm
Items/SoftSpongeDesc	Text	 	Một miếng bột biến mềm và êm. Đến giờ tắm rồi!
Items/SolariteAnvil	Text	 	Đe Solarite
Items/SolariteAnvilDesc	Text	 	Một chiếc đế thương hàng để chế tạo trang bị tuyết mỹ.
Items/SolariteBar	Text	 	Thành Solarite
Items/SolariteBarDesc	Text	 	Một thời kim loại tuyết mỹ cho nghề rèn bậc thầy.
Items/SolariteChest	Text	 	Rương Solarite
Items/SolariteChestDesc	Text	 	Một chiếc rương lấp lánh làm từ solarite. Nó không còn bị khóa nữa.
Items/SolariteCrossbow	Text	 	Nó Solarite
Items/SolariteCrossbowDesc	Text	 	Một chiếc nơ lập lãnh hùng vì bắn ra những mũi tên uy lực.
Items/SolariteFishingRod	Text	 	Cần Cầu Solarite
Items/SolariteFishingRodDesc	Text	 	Một công cụ thương hàng để kéo lên những con cá khó bắt.
Items/SolariteKey	Text	 	Chìa Khóa Solarite
Items/SolariteKeyDesc	Text	 	Một chiếc chìa khóa lấp lánh đúc bằng solarite. Hắn đầu dò có một ổ khóa vừa với nó.
Items/SolariteMiningPick	Text	 	Cuộc Solarite
Items/SolariteMiningPickDesc	Text	 	Một công cụ thường hàng để phá vỡ những bức tượng cũng đến khó tin.
Items/SolariteOre	Text	 	Quặng Solarite
Items/SolariteOreBoulder	Text	 	Tầng Quặng Solarite
Items/SolariteOreDesc	Text	 	Một loại quặng đá hợp nhất với Đá Quý Cổ Đại. Đôi khi có thể tìm thấy trong các bức tường pha lê.
Items/SolariteSword	Text	 	Kiếm Solarite
Items/SolariteSwordDesc	Text	 	Một vũ khí thường hạng để hủy diệt kẻ thù.
Items/SolariteWorkbench	Text	 	Bản Chế Tạo Solarite
Items/SolariteWorkbenchDesc	Text	 	Một bản chế tạo thường hàng để sẵn sàng cho những thử thách khốc liệt.
Items/SolidSpikeback	Text	 	Cà Gai Cùng
Items/SolidSpikebackDesc	Text	 	Một loại cá phòng thủ rất chắc với lớp da cũng như da và những chiếc gai sắc nhọn chĩa ra ngoài.
Items/SorcererBreastArmor	Text	 	Áo Choang Phú Thủy
Items/SorcererBreastArmorDesc	Text	 	Một chiếc áo choàng bền chắc, dùng phép thuật hòa vào sợi vải để chống đỡ đòn tấn công.
Items/SorcererHelm	Text	 	Mụ Trùm Phù Thủy
Items/SorcererHelmDesc	Text	 	Một chiếc mũ trùm được các pháp sư nhập môn đội.
Items/SorcererPantsArmor	Text	 	Quận Phú Thủy
Items/SorcererPantsArmorDesc	Text	 	Quần chắc chắn với nhiều túi đựng các món bữa phép.
Items/SoulLantern	Text	 	Đền Long Linh Hồn
Items/SoulLanternDesc	Text	 	Một vật chứa với một chất lỏng nóng giống như dầu bên trong.
Items/SoulNecklace	Text	 	Huy Chương Linh Hồn
Items/SoulNecklaceDesc	Text	 	Một dây chuyền đã u ám. Bạn nghe thấy tiếng thì thầm...
Items/SparkleOpal	Text	 	Đá Opal Lap Lanh
Items/SparkleOpalDesc	Text	 	Một viên ngọc lộng lẫy lấp lánh sắc cầu vồng pastel.
Items/Speaker	Text	 [new]	Loa
Items/SpeakerDesc	Text	 [new]	Loa phát âm thanh báo động hoặc âm nhạc để trang trí.
Items/SpearRack	Text	 	Gia Đế Giáo
Items/SpearRackDesc	Text	 	Một cái giá thô sơ Caveling dùng để treo sàn giao của chúng.
Items/SpeederBoat	Text	 	Thuyền Tốc Độ
Items/SpeederBoatDesc	Text	 	Cho phép di chuyển trên mặt nước nhanh hơn nhiều.
Items/SpeederGoKart	Text	 	Xe đua tốc độ
Items/SpeederGoKartDesc	Text	 	Một chiếc xe đưa sơn đỏ bóng bay, có thể vượt mặt các phương tiện khác sau khi tăng tốc đủ lâu. Hay bị trượt khi chạy quá nhanh.
Items/SpikeTrap	Text	 	Bay Chong
Items/SpikeTrapDesc	Text	 	Một cái bẫy chống cơ học chỉ phản ứng với kẻ thù.
Items/SpineRing	Text	 	Nhan Xương Sống
Items/SpineRingDesc	Text	 	Một chiếc nhẫn tìm thấy nơi bộ xương của sinh vật biển khổng lồ. Nó được làm từ những đốt sống cổ tí hon.
Items/SpiritVeil	Text	 	Màn Linh Hồn
Items/SpiritVeilDesc	Text	 	Một con cá mà quai lơ lửng trong không trung như thế vẫn còn dưới nước.
Items/SpookyPopCandy	Text	 	Kéo Mút Rừng Rón
Items/SpookyPopCandyDesc	Text	 	Trong dạng số đến mức không nó bóc lớp giấy gối. Nơi kinh hoàng ngon lành nào đang chờ bên trong?
Items/Sprinkler	Text	 	Với Phun Nước
Items/SprinklerDesc	Text	 	Một thiết bị hữu ích tưới nước cho đất đá cây trong phạm vi nhỏ.
Items/Stalagmite	Text	 	Mang Đá
Items/StalagmiteDesc	Text	 	Một cột đá hình thành qua hàng nghìn năm nhờ nước nhỏ giọt.
Items/StarlightNautilus	Text	 	Ốc Anh Vũ Anh Sao
Items/StarlightNautilusDesc	Text	 	Một hóa thạch sống bí ẩn dường như đã hợp nhất với kim loại quý và đá quý để vươn tới một trạng thái cao hơn.
Items/StarlightShards	Text	 	Mạnh Võ Anh Sao
Items/StarlightShardsDesc	Text	 	Một nhóm pha lê nhiều màu lấp lánh. Chúng mọc tự nhiên hay không vẫn còn là điều bí ẩn.
Items/StoneBridge	Text	 	Cầu Đá
Items/StoneBridgeDesc	Text	 	Dùng để băng qua vực thẳm và mặt nước, đồng thời cũng làm sàn đẹp.
Items/StoneCap	Text	 	Nam Đà
Items/StoneCapDesc	Text	 	Những cây nấm cũng như đã bám trên một phiến đá. Trong có vẻ ăn được nhưng thật ra đã hóa thạch.
Items/StoneCavelingMoss	Text	 	Reu Da
Items/StoneCavelingMossDesc	Text	 	Loài cây mọc sát đất tìm thấy ở Forgotten Ruins. Chúng kết những quả mọng tí hon thu hút Caveling của khu vực tương ứng.
Items/StoneDoor	Text	 	Cửa Đá
Items/StoneDoorDesc	Text	 	Một cánh của vững chắc hơn để ngăn những sinh vật không mong muốn.
Items/StoneFence	Text	 	Hàng Rào Đá
Items/StoneFenceDesc	Text	 	Một hàng rào kiên cố hơn để bảo vệ những gì thuộc về bạn.
Items/StoneFenceGate	Text	 	Cổng Rào Đá
Items/StoneFenceGateDesc	Text	 	Một cánh cổng đơn giản cho hàng rào đá.
Items/StoneFloor	Text	 	San Đá
Items/StoneFloorDesc	Text	 	Những viên đá lát đơn giản để trang trí căn cứ của bạn.
Items/StoneLantern	Text	 	Đền Long Đa
Items/StoneLanternDesc	Text	 	Một nguồn sáng bí ẩn nằm trong lòng dạ đặc này. Không khí quanh nó lạnh lẽo.
Items/StoneMortar	Text	 [new]	Cô đã
Items/StoneMortarDesc	Text	 [new]	Có pha chế làm từ đá. Dùng để nghiền vật liệu.
Items/StonePedestal	Text	 	Bê Đa
Items/StonePedestalDesc	Text	 	Trưng bày những thứ bạn tìm được!
Items/StoneSeeder	Text	 [new]	Mây gieo đã
Items/StoneSeederDesc	Text	 [new]	Mây gieo hạt giống bằng cỏ cấp đá. Tự động gieo cấy cho bạn.
Items/StoneStalagmite	Text	 	Mang Đá Tảng
Items/StoneStalagmiteDesc	Text	 	Một cột đá hình thành chậm rãi qua hàng nghìn năm nhờ áp lực kiến tạo.
Items/StoneskinPotion	Text	 	Thuộc Đa Đa
Items/StoneskinPotionDesc	Text	 	Một loại thuốc mạnh giúp da bạn cứng lại và bền bỉ hơn.
Items/StoragePlus_InputConnector	Text	 [new]	Đấu nối lưu trữ đầu vào
Items/StoragePlus_InputConnectorDesc	Text	 [new]	Các rong đất trên đầu nối sẽ bị hút hết nội dung vào mạng lưới. Có thể thu thập các vật phẩm rơi xuống.
Items/StoragePlus_ItemDropper	Text	 [new]	Bỏ phát vật phẩm
Items/StoragePlus_ItemDropperDesc	Text	 [new]	Yêu cầu một vật phẩm cụ thể từ mạng lưới và thả nó xuống mặt đất phía trên. Có thể tương tác.
Items/StoragePlus_OutputConnector	Text	 [new]	Đấu nối lưu trữ
Items/StoragePlus_OutputConnectorDesc	Text	 [new]	Các rong đất trên đầu nối sẽ được dùng để lưu trữ vật phẩm
Items/StoragePlus_StoragePipe	Text	 [new]	Ông dân lưu trú
Items/StoragePlus_StoragePipeDesc	Text	 [new]	Dùng để kết nối và xây đường mạng lưu trữ của bạn
Items/StoragePlus_StorageTerminal	Text	 [new]	Trạm cuối lưu trú
Items/StoragePlus_StorageTerminalDesc	Text	 [new]	Xem, gửi vào và lấy ra vật phẩm từ mạng lưới. Cung cấp nội dung mạng lưới cho các bản chế tạo ở gần.
Items/StunGrenade	Text	 [new]	Grenade Lam choàng
Items/StunGrenadeDesc	Text	 [new]	Grenade làm choáng kẻ địch trong một thời gian khi phát nổ.
Items/SuitBreastArmor	Text	 	Áo Vest
Items/SuitBreastArmorDesc	Text	 	Chiếc áo vest thanh lịch gần sân một bông hồng, hoàn hảo cho bữa tối lãng mạn. Nhớ đến đúng giờ nhẹ.
Items/SuitHelm	Text	 	Mụ Chóp Cao
Items/SuitHelmDesc	Text	 	Chiếc mũ này dành cho những ai tự coi mình là nhà thám hiểm đang ngưỡng mộ với sức hút mê hoặc.
Items/SuitPantsArmor	Text	 	Quận Vest
Items/SuitPantsArmorDesc	Text	 	Chiếc quần này làm từ vải lụa đen, toát lên vẻ tinh tế và tự tin.
Items/SulfurBomb	Text	 	Bom Lưu Huỳnh
Items/SulfurBombDesc	Text	 	Một quả bom lớn khai thác sức mạnh của khí độc nên.
Items/SulfurBreastArmor	Text	 	Giáp Ngực Hóa Thạch Lưu Huỳnh
Items/SulfurBreastArmorDesc	Text	 	Khối vật chất bất ổn này gần lớp giáp của nó lên cơ thể bạn. Cảm giác như nó sẵn sàng phản đòn.
Items/SulfurBud	Text	 	Nữ Lưu Huỳnh
Items/SulfurBudDesc	Text	 	Một mầm cây mọc bên trong bầu khí độc mong manh này. Chỉ một cái chăm nhẹ cũng làm nó nổ tung!
Items/SulfurHelm	Text	 	Mụ Hoa Thạch Lưu Huỳnh
Items/SulfurHelmDesc	Text	 	Như một chiếc vương miện. Khi đòi nợ, bạn khẳng định quyền thống trị các thế lực bên trong khối lưu huỳnh này.
Items/SulfurPantsArmor	Text	 	Giấy Sulfossil
Items/SulfurPantsArmorDesc	Text	 	Lớp đệm gel khiến mọi bước chân thêm này. Yên tĩnh đến bất ngờ so với sức mạnh chưa bên trong.
Items/SulfurTree	Text	 	Cây Lưu Huỳnh
Items/SulfurTreeDesc	Text	 	Cây xù xì này ăn chất hữu cơ trong The Passage. Nó mọc ra các túi khí độc phát sáng.
Items/SulfurWormTrophy	Text	 	Tướng Sáu Lưu Huỳnh
Items/SulfurWormTrophyDesc	Text	 	Mô hình sông đóng của một con Sâu Lưu Huỳnh.
Items/SummonerOffhand	Text	 [new]	Vật triệu hồi tây phủ
Items/SummonerOffhandDesc	Text	 [new]	Vật phẩm tay phụ tăng cường khả năng triệu hồi của bạn.
Items/SunStaff	Text	 	Triệu Hồi Mặt Trời
Items/SunStaffDesc	Text	 	Được các pháp sư vĩ đại dùng để triệu hồi những ngôi sao nhỏ.
Items/SunglassesHelm	Text	 	Kinh Rằm
Items/SunglassesHelmDesc	Text	 	Khong gi quan trong hon viec deo kinh ram that ngau. Kể cả khi trời tối.
Items/Sunrice	Text	 	Lửa Mặt Trời
Items/SunriceDesc	Text	 	Một loại cây trồng rực rỡ giúp bán vững vàng trước những cuộc đối đầu cam go.
Items/SunriceRare	Text	 	Lửa Mặt Trời Vàng
Items/SunriceRareDesc	Text	 	Một biến thể cực hiếm của lửa mặt trời thông thường.
Items/SunriceSeed	Text	 	Hát Lửa Mặt Trời
Items/SunriceSeedDesc	Text	 	Trong xương sẽ mọc thành cây giúp bạn vững vàng. Chỉ mọc trên nền pha lê.
Items/SurfaceCoral1Large	Text	 	San Hô Hải Mậu Lớn
Items/SurfaceCoral1LargeDesc	Text	 	Một cụm lớn gồm hai loài san hô mọc cùng nhau tạo thành cộng sinh.
Items/SurfaceCoral1Medium	Text	 	San Hô Hải Mậu
Items/SurfaceCoral1MediumDesc	Text	 	Một cụm gồm hai loài san hô mọc cùng nhau tạo thành cộng sinh.
Items/SurfaceCoral1Small	Text	 	San Hô Hải Mậu Nhỏ
Items/SurfaceCoral1SmallDesc	Text	 	Một cụm nhỏ gồm hai loài san hô mọc cùng nhau tạo thành cộng sinh.
Items/SurfaceCoral2Large	Text	 	San Hô Đồ Thảm Lớn
Items/SurfaceCoral2LargeDesc	Text	 	Một san hô nhiều nhánh lớn cung cấp nơi trú ẩn và thức ăn cho các sinh vật biển nhỏ.
Items/SurfaceCoral2Small	Text	 	San Hô Đồ Thám
Items/SurfaceCoral2SmallDesc	Text	 	Một san hô nhiều nhánh nhỏ cung cấp nơi trú ẩn và thức ăn cho các sinh vật biển nhỏ.
Items/SurfaceCoral3Large	Text	 	San Hô Địa Lớn
Items/SurfaceCoral3LargeDesc	Text	 	Một san hô lớn phát triển vành rộng trên mặt nước, tạo thành hòn đảo an toàn cho các sinh vật nhỏ.
Items/SurfaceCoral3Small	Text	 	San Hồ Đĩa
Items/SurfaceCoral3SmallDesc	Text	 	Một san hô nhỏ phát triển vành rộng trên mặt nước, tạo thành hòn đảo an toàn cho các sinh vật nhỏ.
Items/SuspendedButterfly	Text	 	Bướm Ngừng Đông
Items/SuspendedButterflyDesc	Text	 	Một con bướm mong manh đã bị phá lễ hoàn toàn ăn mòn.
Items/SwampMageBreastArmor	Text	 [new]	Giáp ngục Pháp sư Đàm lấy
Items/SwampMageBreastArmorDesc	Text	 [new]	Giáp ngục của Pháp sư Đàm lấy, thường làm từ vật liệu dám làm.
Items/SwampMageHelm	Text	 [new]	Mụ Pháp sư Đàm lấy
Items/SwampMageHelmDesc	Text	 [new]	Chiếc mũ của Pháp sư Đàm lấy che giữ các cầu thần chủ phép.
Items/SwampMagePantsArmor	Text	 [new]	Quân Pháp sư Đàm lấy
Items/SwampMagePantsArmorDesc	Text	 [new]	Chiếc quần của Pháp sư Đầm lầy với nhiều túi đựng thảo dược.
Items/SwiftFeather	Text	 	Lông vũ Nhánh Nhện
Items/SwiftFeatherDesc	Text	 	Một chiếc lông vũ bí ẩn cho phép bắn lướt thoát khỏi hiểm nguy.
Items/SwiftRing	Text	 	Nhân Nhánh Nhện
Items/SwiftRingDesc	Text	 	Đeo chiếc nhẫn có cánh này tạo ra một làn gió nhẹ đẩy bắn về phía trước.
Items/SwimingPantsArmorBlue	Text	 	Quân Bối Xanh Dương
Items/SwimingPantsArmorBlueDesc	Text	 	Mặc chiếc quần bơi xanh dương thụ thai này khiến bạn cứ muốn ra đầu shaka bằng tay liên tục.
Items/SwimingPantsArmorGreen	Text	 	Quận Bối Xanh La
Items/SwimingPantsArmorGreenDesc	Text	 	Mặc chiếc quần bơi xanh là thú thái này khiến bạn cứ muốn ra đấu shaka bằng tay liên tục.
Items/SwimingPantsArmorRed	Text	 	Quân Bối Độ
Items/SwimingPantsArmorRedDesc	Text	 	Mặc chiếc quần bơi do thụ thai này khiến bạn cứ muốn ra đầu shaka bằng tay liên tục.
Items/TCircuit	Text	 [new]	Mạch T
Items/TCircuitDesc	Text	 [new]	Mạch điển hình chữ T dùng trong các hệ thống điện.
Items/TableSaw	Text	 	Cửa Ban
Items/TableSawDesc	Text	 	Một chiếc của đơn giản để cắt vật liệu thành phiến. Cận điện.
Items/TallBarnacleGrass	Text	 	Cô Hà Cao
Items/TallBarnacleGrassDesc	Text	 	Một cụm lớn các con hà cổ đại vươn lên từ mặt đất.
Items/TallCrystalGrass	Text	 	Cổ Phà Lê Cao
Items/TallCrystalGrassDesc	Text	 	Một mâm cầy cao, kỳ lạ gồm những chiếc lá rộng, trong suốt.
Items/TallGrass	Text	 	Cô Cao
Items/TallGrassDesc	Text	 	Một vật có cao lớn dùng để trang trí.
Items/TallLandKelp	Text	 	Tào Cán Cao
Items/TallLandKelpDesc	Text	 	Một loại tảo lớn có thể mọc bên ngoài nước.
Items/TamerBreastArmor	Text	 	Giáp Vai Wildwarden
Items/TamerBreastArmorDesc	Text	 	Tam giáp ngực bằng gỗ này được bọc trong một bó lá bí ẩn không bao giờ héo.
Items/TamerHelm	Text	 	Mặt Nạ Wildwarden
Items/TamerHelmDesc	Text	 	Một mặt nạ gỗ với lá và sừng trang trí hòa hợp với thiên nhiên hoang dã.
Items/TamerNecklace	Text	 	Dây Chuyền Wildwarden
Items/TamerNecklaceDesc	Text	 	Một biểu tượng thụ tinh trang trí bằng những món vàng nhờ vàng vòng đến chốn hoang dã.
Items/TamerPantsArmor	Text	 	Quận Wildwarden
Items/TamerPantsArmorDesc	Text	 	Quán là làm từ rễ cây cổ thụ, dường như kết nối với đất mới khi đứng yên.
Items/TamerRing	Text	 	Nhân Hồ Vệ Hoàng Đà
Items/TamerRingDesc	Text	 	Một chiếc nhẫn gỗ với hai vòng nhỏ hơn quanh nó. Một tượng trưng cho người hộ vệ, vòng kia cho con thú kết giao.
Items/Tapestry	Text	 [new]	Tấm thảm treo tường
Items/TapestryDesc	Text	 [new]	Tầm thẳm treo tượng trang trí bởi hoa văn tinh tế.
Items/TealPalaceFish	Text	 	Cả Hoàng Cung Xanh Mông Kết
Items/TealPalaceFishDesc	Text	 	Một con cá màu xanh lục lam, trong kỳ lạ với những chiếc váy có hình thù quái dị.
Items/TempleAzeosUrn	Text	 	Bình Azeos
Items/TempleAzeosUrnDesc	Text	 	Chiếc bình trang trí này được làm để tôn vinh Azeos, Titan Bầu Trời.
Items/TempleGlyphBlock	Text	 	Bia Khắc Văn Tự
Items/TempleGlyphBlockBroken	Text	 	Bia Khắc Văn Tự Võ
Items/TempleGlyphBlockBrokenDesc	Text	 	Một khối làm từ thủy tinh xanh mờ với những hình khắc vàng. Thông tin viết trên đó đã mất vĩnh viễn vì nó bị đập vỡ có chủ đích.
Items/TempleGlyphBlockDesc	Text	 	Một khối làm từ thủy tinh xanh nhạt với những hình khắc vàng. Có vẻ chúng được dùng làm đài tưởng niệm hoặc đánh dấu nơi quan trọng.
Items/TempleGlyphWall1	Text	 	Tượng Vạn Tự Vật
Items/TempleGlyphWall1Desc	Text	 	Một bức tượng sa thạch cổ với định vật, phủ đầy những văn tự không thể giải mã. Chúng kể những câu chuyện gì?
Items/TempleGlyphWall2	Text	 	Tường chữ tượng hình
Items/TempleGlyphWall2Desc	Text	 	Một bức tượng sa thạch có phủ đầy những văn tự không thể giải mã. Chúng kể những câu chuyện gì?
Items/TempleGuardianStatue	Text	 	Tướng Hồ Vệ Đen
Items/TempleGuardianStatueDesc	Text	 	Bức tượng đáng sợ này khắc họa một họ về cổ xưa trong y phục kỳ lạ. Tư thế quỳ gối ám chỉ nó đang phụng sự một vị vua.
Items/TempleGuardianStatueRaided	Text	 	Tướng Hồ Vệ Đen Bị Cướp Phá
Items/TempleGuardianStatueRaidedDesc	Text	 	Một bức tượng bị bọn trộm mộ cố ý phá hủy. Nó đã bị lấy mất một phần những con dao găm xanh trong tay đã nắm chặt.
Items/TempleOmorothUrn	Text	 	Bình Omoroth
Items/TempleOmorothUrnDesc	Text	 	Chiếc bình trang trí này được làm để tôn vinh Omoroth, Titan Biển Cả.
Items/TemplePedestal	Text	 	Bể Đen
Items/TemplePedestalDesc	Text	 	Một bệ vàng cổ xưa dường như từng đặt những vật phẩm hoàng gia.
Items/TemplePillar	Text	 	Cột Đèn
Items/TemplePillarDesc	Text	 	Một chiếc cột trang trí rất đẹp, chỉ tìm thấy trong các đền sa mạc cổ xưa.
Items/TemplePitPillar	Text	 	Cột Hồ Đen
Items/TemplePitPillarDesc	Text	 	Một chiếc cột chịu lực nâng đỡ nền móng của các đèn sa mạc cổ xưa.
Items/TempleRaAkarUrn	Text	 	Bình Ra-Akar
Items/TempleRaAkarUrnDesc	Text	 	Chiếc bình trang trí này được làm để tôn vinh Ra-Akar, Titan Cat.
Items/TempleThrone	Text	 	Ngài Đến
Items/TempleThroneDesc	Text	 	Một chiếc ngai vàng chỉ dành riêng cho móng của hoàng gia cổ xưa.
Items/TempleTurret	Text	 	Tháp Phao Đà
Items/TempleTurretDesc	Text	 	Cái bẫy cổ xưa này bắn đạn vào bất cứ ai bước vào tầm nhìn của nó. Cơ chế bên trong được che giấu sau một khuôn mặt Caveling nhấn nhở.
Items/TentacleJerky	Text	 	Kho Xúc Tu
Items/TentacleJerkyDesc	Text	 	Một miếng xúc từ phơi khô. Nó khá dai và khiến rằng bạn phải làm việc cật lực.
Items/TentacleTrophy	Text	 	Tướng Xúc Tu
Items/TentacleTrophyDesc	Text	 	Một mô hình xúc tu giống như thật.
Items/TentacleWhip	Text	 	Rời Xúc Tu
Items/TentacleWhipDesc	Text	 	Một chiếc xúc tự đàn hồi quất vào kẻ thù từ xa. No van con song va ngo nguay trong tay ban.
Items/TerraTrilobite	Text	 	Bộ Ba Thùy Đạt
Items/TerraTrilobiteDesc	Text	 	Hậu duệ đột biến của tổ tiên đã tuyệt chủng. Lớp vỏ nâu của nó đã thích nghi để chịu được áp suất cực lớn.
Items/Terrarium	Text	 [new]	Họ sinh thật
Items/TerrariumBeach	Text	 [new]	Họ sinh thật Bãi biển
Items/TerrariumBeachDesc	Text	 [new]	Họ sinh thật mang chủ đề bãi biển để trưng bày sinh vật bãi biển.
Items/TerrariumCrystal	Text	 [new]	Họ sinh thật Pha lê
Items/TerrariumCrystalDesc	Text	 [new]	Họ sinh thật mang chủ đề pha lê để trưng bày sinh vật pha lê.
Items/TerrariumDesc	Text	 [new]	Họ sinh thật để trưng bày và nuôi các sinh vật nhỏ.
Items/TerrariumDesert	Text	 [new]	Họ sinh thật Sa mạc
Items/TerrariumDesertDesc	Text	 [new]	Họ sinh thật mang chủ đề sa mạc để trưng bày sinh vật sa mạc.
Items/TerrariumNature	Text	 [new]	Họ sinh thật Thiên nhiên
Items/TerrariumNatureDesc	Text	 [new]	Họ sinh thật mang chủ đề thiên nhiên để trưng bày sinh vật thiên nhiên.
Items/TerrariumPassage	Text	 [new]	Họ sinh thật Lợi đi
Items/TerrariumPassageDesc	Text	 [new]	Họ sinh thật mang chủ đề lối đi để trưng bày sinh vật lối đi.
Items/ThinWallGlass	Text	 	Tường kính mỏng
Items/ThinWallGlassDesc	Text	 	Một bức tường mỏng làm từ kính, hoàn hảo để tạo vùng vây kín.
Items/ThornWood	Text	 	Gò Gai
Items/ThornWoodDesc	Text	 	Một biến thể dây gai của gỗ rễ thông thường.
Items/ThrowingDaggers	Text	 	Đảo Phi
Items/ThrowingDaggersDesc	Text	 	Một bộ lưỡi dao cong. Chúng được cân bằng đều nên ném đi dễ như chỉ tay.
Items/Thumper	Text	 	Búa Rung
Items/ThumperDesc	Text	 	Một thiết bị kỳ lạ gửi sống chấn động sâu vào lòng đất. Đừng nỡ dùng cho cơ thể đánh thức thứ gì đó khỏi giấc ngủ. Sẽ bị tiêu hao khi dùng thành công.
Items/Thunder	Text	 [new]	Thunder
Items/TiltedGrave	Text	 	Mở Nghiêng
Items/TiltedGraveDesc	Text	 	Một ngôi mộ trống đã bị xê dịch lệch khỏi vị trí để tìm kiếm của cải.
Items/TimelessHourglass	Text	 	Động Hồ Cát Võ Tân
Items/TimelessHourglassDesc	Text	 	Một chiếc đồng hồ cát nguyên vẹn, chứa đầy cát xanh. Không rõ nó do khoảng thời gian nào, vì cát dường như rơi cực kỳ chậm.
Items/TinAnvil	Text	 	Đế Thiếc
Items/TinAnvilDesc	Text	 	Một chiếc đế tốt hơn để chế tạo trang bị và vũ khí phù hợp hơn cho sinh tồn.
Items/TinAxe	Text	 	Rìu Thiếc
Items/TinAxeDesc	Text	 	Một vũ khí chậm hơn nhưng gây nhiều sát thương hơn khi đánh nhiều kẻ thù.
Items/TinBar	Text	 	Thánh Thiếc
Items/TinBarDesc	Text	 	Một thỏi kim loại cung cấp dùng để rèn.
Items/TinBreastArmor	Text	 	Giáp Ngực Thiếc
Items/TinBreastArmorDesc	Text	 	Bộ giáp tốt giúp bạn sống sót qua các trận đánh dễ dàng hơn.
Items/TinDagger	Text	 	Đảo Gâm Thiếc
Items/TinDaggerDesc	Text	 	Lưỡi dao nhỏ cho phép đâm nhanh.
Items/TinFishingRod	Text	 	Cần câu thiếc
Items/TinFishingRodDesc	Text	 	Dụng cụ bền bỉ để kéo lên những con cá lớn hơn.
Items/TinHelm	Text	 	Mù Thiếc
Items/TinHelmDesc	Text	 	Mũ này chống đỡ những cú đánh nhẹ vào đầu.
Items/TinHoe	Text	 	Cuoc Thiec
Items/TinHoeDesc	Text	 	Dụng cụ bền bỉ để chuẩn bị đặt cho trồng trọt. Bao phủ vùng 3x3 ở.
Items/TinMiningPick	Text	 	Cúp Thiếc
Items/TinMiningPickDesc	Text	 	Dụng cụ bền bỉ, giúp phá tượng dễ dàng hơn.
Items/TinOre	Text	 	Quang Thiếc
Items/TinOreBoulder	Text	 	Tăng Quang Thiếc
Items/TinOreDesc	Text	 	Thường thấy trong các bức tường đất sét.
Items/TinPantsArmor	Text	 	Quan Thiếc
Items/TinPantsArmorDesc	Text	 	Chút thiếc cho cẳng chân.
Items/TinShovel	Text	 	Xeng Thiếc
Items/TinShovelDesc	Text	 	Chiếc xẻng bền bỉ, rất hợp để đào đất.
Items/TinSledge	Text	 	Bữa Tà Thiếc
Items/TinSledgeDesc	Text	 	Vũ khí cồng kềnh để đập kẻ thù và tướng.
Items/TinSword	Text	 	Kiếm Thiếc
Items/TinSwordDesc	Text	 	Vũ khí sắc bén để hạ kẻ thù.
Items/TinWorkbench	Text	 	Bản Chế Tạo Thiếc
Items/TinWorkbenchDesc	Text	 	Bản chế tạo tốt hơn để chuẩn bị cho bạn vào thế giới dưới lòng đất.
Items/TomeOfFire	Text	 [new]	Sách phép Lụa
Items/TomeOfFireDesc	Text	 [new]	Binh thư có chứa các câu thần chú phép lửa. Dùng để chế tạo các vũ khí lửa.
Items/TomeOfMelee	Text	 	Sách Cổ Của Người Chết
Items/TomeOfMeleeDesc	Text	 	Luận thuyết hiếm đọc về việc triệu hồi các linh hồn bóng tối.
Items/TomeOfMining	Text	 [new]	Sách phép Khai thác
Items/TomeOfMiningDesc	Text	 [new]	Binh thư có chứa các câu thần chú phép khai thác. Dùng để chế tạo các công cụ khoan.
Items/TomeOfOrbit	Text	 	Sách Cổ Của Vực Sau
Items/TomeOfOrbitDesc	Text	 	Những câu thần chú mạnh mẽ mà lưỡi người khó lòng đọc nói.
Items/TomeOfPoison	Text	 [new]	Sách phép Đọc
Items/TomeOfPoisonDesc	Text	 [new]	Binh thư có chứa các câu thần chữ phép đọc. Dùng để chế tạo thuốc độc.
Items/TomeOfRadiation	Text	 [new]	Sách phép Bức xạ
Items/TomeOfRadiationDesc	Text	 [new]	Binh thư có chứa các câu thần chú phép bức xạ. Dùng để chế tạo thuốc bức xạ.
Items/TomeOfRange	Text	 	Sách Cổ Của Bóng Tối
Items/TomeOfRangeDesc	Text	 	Đúng hơn là một cuốn cẩm nang nhỏ, hướng dẫn nhập môn pháp thuật bóng tối.
Items/TopazRing	Text	 	Nhan Topaz
Items/TopazRingDesc	Text	 	Chiếc nhẫn nhỏ quý giá với viên đá vàng gắn trên đỉnh.
Items/TorcNecklace	Text	 	Dây Chuyền Torc
Items/TorcNecklaceDesc	Text	 	Món tráng sức dẻo có chí đơn thuần là một vòng hở. Được nhiều nền văn hóa khác nhau đeo suốt chiều dài lịch sử thế giới.
Items/Torch	Text	 	Được
Items/TorchDesc	Text	 	Tháp sáng xung quanh bàn. Cũng có thể đặt trên mặt đất và gắn lên tường.
Items/TorchPlural	Text	 	Được
Items/TornisKingfish	Text	 	Cá Vua Tornis
Items/TornisKingfishDesc	Text	 	Một điều bí ẩn cực kỳ hiếm của sinh vật biển, dường như hợp nhất mỗi loài cá khác dưới quyền nở.
Items/TowelBreastArmor	Text	 	Khăn Tắm
Items/TowelBreastArmorDesc	Text	 	Khăn tắm gần như là thú hữu dụng bậc nhất mà một thợ đào dưới lòng đất có thể có.
Items/TowerShellNecklace	Text	 	Dây Chuyền Võ Ốc Tháp
Items/TowerShellNecklaceDesc	Text	 	Dây chuyền mang một chiếc vỏ ốc xoắn. Cấu trúc xoắn ốc không ngừng của nó thật mê hoặc.
Items/TrenchcoatBreastArmor	Text	 	Áo khoác dài
Items/TrenchcoatBreastArmorDesc	Text	 	Chiếc áo khoác với những túi sau hợp với một kẻ tham lam, đáng ngờ.
Items/TriangleTrinket	Text	 	Bữa Tam Giác
Items/TriangleTrinketDesc	Text	 	Một mảnh vàng kỳ lạ rung động cùng năng lượng.
Items/TrinityHeartOrbOffhand	Text	 	Trái Tim Tam Vĩ
Items/TrinityHeartOrbOffhandDesc	Text	 	Sự cộng sinh của một viên đá quý cổ xưa với chất hữu cơ, tạo nên một vật liệu bất khả thi về mặt vật lý. Nó đắp theo những nhịp năng lượng của số ba, một khuôn mẫu thiên thể hắn từng vô cùng quan trọng với một chủng tộc du hành vũ trụ.
Items/TriopsFossil	Text	 	Hoa Thạch Triops
Items/TriopsFossilDesc	Text	 	Di hài hóa đá của một loài vẫn còn tồn tại đến ngày nay, ngay cả sau 220 triệu năm.
Items/Turtle	Text	 	Kelple
Items/TurtleBaby	Text	 	Kelple mới nở
Items/TurtleBabyDesc	Text	 	Một con non trồi lên khỏi mặt đất sau khi đã ngủ vui đủ lâu trong bóng tối. Vợ của nó vẫn còn trong tròn nhưng theo thời gian sẽ được phủ đầy loại tảo bẹ mà nó ăn.
Items/TurtleDesc	Text	 	Một loại bò sát biển và là người làm vườn tự nhiên, gặm tảo bẹ khi chúng mọc quá nhiều. Nó không cần nhiều dưỡng chất, nên bất cứ thứ gì nó ăn đều thải ra dưới dạng quả bóng cô đặc mà ai cũng có thể lây.
Items/TurtleShell	Text	 	Mai Rùa
Items/TurtleShellDesc	Text	 	Chiếc mai cũng từng thuộc về một sinh vật biển duyên dáng. Bạn cảm thấy được bảo vệ hơn nhiều khi cầm nó.
Items/TwistedAgate	Text	 	Ma Não Xoắn
Items/TwistedAgateDesc	Text	 	Một viên đá quý màu xanh có hình xoắn ốc.
Items/UndergroundElectricityGenerator	Text	 [new]	Máy phát điện ngầm
Items/UndergroundElectricityGeneratorDesc	Text	 [new]	Máy phát điện sử dụng nguyên liệu dùng dưới lòng đất.
Items/UnleashedCoreCommanderTrophy	Text	 	Tướng Core Commander Giải Phóng
Items/UnleashedCoreCommanderTrophyDesc	Text	 	Mô hình giống y như thật của Unleashed Core Commander.
Items/UnlockedKingChest	Text	 	Rương Vua sa mạc
Items/UnlockedKingChestDesc	Text	 	Một chiếc rương độc đáo, tinh xảo với viên đá quý màu tím được khóa ở chính giữa.
Items/UnlockedPrinceChest	Text	 	Rương Hoàng tử sa mạc
Items/UnlockedPrinceChestDesc	Text	 	Một chiếc rương độc đáo, tinh xảo với viên đá quý màu cam được khóa ở chính giữa.
Items/UnlockedQueenChest	Text	 	Rương Nữ hoàng sa mạc
Items/UnlockedQueenChestDesc	Text	 	Một chiếc rương độc đáo, tinh xảo với viên đá quý màu xanh lá được khóa ở chính giữa.
Items/UnusualPotion	Text	 	Thuộc Kỳ La
Items/UnusualPotionDesc	Text	 	Một loại thuốc hai thành phần mà uống vào thì rất mạo hiểm.
Items/UpgradeForge	Text	 	Trạm Nâng Cấp
Items/UpgradeForgeDesc	Text	 	Một bản chế tạo công nghệ cao để nâng cấp công cụ và vũ khí, khiến chúng mạnh hơn và hiệu quả hơn.
Items/ValentineCandles	Text	 	Nên Valentine
Items/ValentineCandlesDesc	Text	 	Một năm nên nhờ màu hồng tỏa hương vani thoáng thoáng khắp không gian.
Items/ValentineChest	Text	 	Rương Valentine
Items/ValentineChestDesc	Text	 	Chiếc rương hình trái tim này rất hợp để cất giữ những món đồ nhỏ chưa đầy tình yêu.
Items/ValentineFloorPetals	Text	 	Sân Cánh Hồng
Items/ValentineFloorPetalsDesc	Text	 	Túi giấy nhỏ này chứa đủ cánh hoa hồng để phủ kín một ô sàn 1x1. Tuyết với đế trải nên một con đường tình yêu.
Items/ValentineLetter	Text	 	Thư Tình
Items/ValentineLetterDesc	Text	 	Một bức thư thơm hương chứa đựng những lời yêu thương và trân trọng. Hãy trao cho ai đó đang rất cần sự âu yếm.
Items/ValentineNecklace	Text	 	Dây Chuyền Valentine
Items/ValentineNecklaceDesc	Text	 	Một dây chuyền vàng với trái tim lớn lấp lánh. Bạn cảm thấy điều gì đó khó tả khi đeo nó áp sát trái tim mình.
Items/ValentinePainting	Text	 	Tranh Trái Tim
Items/ValentinePaintingDesc	Text	 	Một bức tranh đơn giản chỉ về một trái tim. Đôi khi đó là tất cả những gì người ta cần trong những ngày tăm tối nay.
Items/ValentinePlushie	Text	 	Thú Bông Caveling Hung Hán
Items/ValentinePlushieDesc	Text	 	Một con thú bông lớn, trông giống một Caveling Hung Hán đang ôm trái tim. Ngay cả chúng đôi khi cũng cần chút yêu thương.
Items/ValentinePresent	Text	 	Quà Valentine
Items/ValentinePresentDesc	Text	 	Món quà màu hồng và bạc này chứa đầy nhiều món đồ quyến rũ khác nhau.
Items/ValentineRing	Text	 	Nhẫn Valentine
Items/ValentineRingDesc	Text	 	Một chiếc nhẫn vàng với trái tim máu kéo ngọt. Món quà hoàn hảo để tặng cho người bạn thường.
Items/ValentineRug	Text	 	Thảm Hình Trái Tim
Items/ValentineRugDesc	Text	 	"""""Không gì nổi lên ""tình yêu"" hơn một trái tim lông xù to đặt trên sàn. Nó thơm mùi lên và oải hương."""""
Items/ValentineWallHearts	Text	 	Trái Tim Treo Tường
Items/ValentineWallHeartsDesc	Text	 	Một bộ trái tim cắt từ giày, treo lên tường trong rất đẹp và khiến căn cứ đang yếu hơn một chút.
Items/ValentineWorkbench	Text	 	Bản Che Tao Valentine
Items/ValentineWorkbenchDesc	Text	 	Một bản chế tạo chưa công cụ và bản thiết kế để tạo ra những món đồ trang trí xinh đẹp.
Items/ValuableExcavationDisabledDataPad	Text	 [new]	Data pad hồng Đào quý giá
Items/ValuableExcavationDisabledDataPadDesc	Text	 [new]	Bảng dữ liệu không còn hoạt động được tìm thấy ở Khu khai quật. Một vật phẩm sưu tầm có giá trị.
Items/ValuableExcavationRobotLeg	Text	 [new]	Chân robot quý giá Khu khai quật
Items/ValuableExcavationRobotLegDesc	Text	 [new]	Chân robot vẫn hoạt động được tìm thấy ở Khu khai quật. Một vật phẩm sưu tầm có giá trị.
Items/ValuableExcavationTotem	Text	 [new]	Vật tờ tem Đảo quý giá
Items/ValuableExcavationTotemDesc	Text	 [new]	Vật tổ cổ xưa được tìm thấy ở Khu khai quật. Có giá trị sưu tầm cao.
Items/ValuablePouch	Text	 [new]	Túi vật quý
Items/ValuablePouchDesc	Text	 [new]	Túi đựng để mang theo các vật quý.
Items/VampireCapeBreastArmor	Text	 	Áo Choang Dracularva
Items/VampireCapeBreastArmorDesc	Text	 	Một áo choàng satin đến hợp với ma cà rồng. Cổ áo lát màu đỏ thẫm càng to thêm về ác độc.
Items/VampireEel	Text	 	Lườn Ma Cà Rồng
Items/VampireEelDesc	Text	 	Một loại cá hút máu bám vào mọi thứ có nhịp đập.
Items/VendingMachine	Text	 	Máy Bán Hàng Tự Động
Items/VendingMachineBroken	Text	 	Máy Bán Hàng Tự Động Hồng
Items/VendingMachineBrokenDesc	Text	 	Một cỗ máy tự động đã hỏng, từng chứa đồ ăn vặt và các món hàng khác. Trong như nó đã bị cày mộ.
Items/VendingMachineDesc	Text	 	Một cỗ máy tự động cũ kỹ nhưng vẫn hoạt động, là minh chứng cho công nghệ tiên tiến và một xã hội tinh vi.
Items/VerdantDragonfish	Text	 	Cá Rồng Xanh Lục
Items/VerdantDragonfishDesc	Text	 	Loài cá mang dạng rồng này có vảy xanh lá chịu được nhiệt độ cực cao.
Items/ViciousRing	Text	 	Nhan Hưng Bảo
Items/ViciousRingDesc	Text	 	Vẻ ngoài rợn người của chiếc nhẫn này khiến tay sai luôn trong trạng thái cảnh giác cao độ.
Items/VoidAltarWorkbench	Text	 [new]	Bản chế tạo Bàn thờ Void
Items/VoidAltarWorkbenchDesc	Text	 [new]	Bản chế tạo tập trung năng lượng Void để tạo ra các vật phẩm Void.
Items/VoidBomb	Text	 [new]	Bom Void
Items/VoidBombDesc	Text	 [new]	Bom chứa năng lượng Void. Phát nổ gây sát thương lớn.
Items/VoidBreachActivator	Text	 [new]	Vật kích hoạt lõi Void
Items/VoidBreachActivatorDesc	Text	 [new]	Vật kích hoạt mở ra một lõi Void để kẻ địch xâm nhập.
Items/VoidCaveling	Text	 [new]	Caveling Void
Items/VoidCavelingBrute	Text	 [new]	Caveling Void Đông mạnh
Items/VoidCavelingBruteTrophy	Text	 [new]	Chiến lợi phẩm Caveling Void Đông mạnh
Items/VoidCavelingBruteTrophyDesc	Text	 [new]	Chiến lợi phẩm sau khi tiêu diệt Caveling Void Động mạnh.
Items/VoidCavelingMinerTrophy	Text	 [new]	Chiến lợi phẩm Caveling Void Thổ mở
Items/VoidCavelingMinerTrophyDesc	Text	 [new]	Chiến lợi phẩm sau khi tiêu diệt Caveling Void Thổ mở.
Items/VoidCavelingShaman	Text	 [new]	Caveling Void Pháp sư
Items/VoidCavelingShamanTrophy	Text	 [new]	Chiến lợi phẩm Caveling Void Pháp sư
Items/VoidCavelingShamanTrophyDesc	Text	 [new]	Chiến lợi phẩm sau khi tiêu diệt Caveling Void Pháp sư.
Items/VoidClub	Text	 [new]	Chùm Void
Items/VoidClubDesc	Text	 [new]	Chùm bao phủ bởi năng lượng Void. Gây sát thương cho kẻ thù.
Items/VoidFusedBreastArmor	Text	 [new]	Giáp ngực Hoa Void
Items/VoidFusedBreastArmorDesc	Text	 [new]	Giáp ngực bị Void hóa thạch biến đổi, mang sức mạnh của khoang không.
Items/VoidFusedHelm	Text	 [new]	Mũ Hòa hợp Void
Items/VoidFusedHelmDesc	Text	 [new]	Chiếc mũ bị Void hóa thạch biến đổi. Tăng cường sát thương Void.
Items/VoidFusedPantsArmor	Text	 [new]	Quận Hoa Void
Items/VoidFusedPantsArmorDesc	Text	 [new]	Chiếc quần bị Void hóa thạch biến đổi.
Items/VoidHydraHeart	Text	 [new]	Tim Hydra Void
Items/VoidHydraHeartDesc	Text	 [new]	Trái tim vẫn còn đúng đực của con Hydra Void. Rất quý.
Items/VoidLarva	Text	 [new]	Ấu trùng Void
Items/VoidLarvaCocoon	Text	 [new]	Kêu ấu trùng Void
Items/VoidLarvaCocoonTrophy	Text	 [new]	Chiến lợi phẩm Kêu ấu trùng Void
Items/VoidLarvaCocoonTrophyDesc	Text	 [new]	Chiến lợi phẩm nhận được sau khi tiêu diệt Kén ấu trùng Void.
Items/VoidLarvaTrophy	Text	 [new]	Chiến lợi phẩm Ấu trùng Void
Items/VoidLarvaTrophyDesc	Text	 [new]	Chiến lợi phẩm sau khi tiêu diệt Ấu trùng Void.
Items/VoidMerchant	Text	 [new]	Thương nhân Void
Items/VoidMerchantIdol	Text	 [new]	Tượng thương nhân Void
Items/VoidMerchantIdolDesc	Text	 [new]	Tượng của Thương nhân Void. Đặt xương để gọi Thương nhân Void đen.
Items/VoidNeuronCicada	Text	 [new]	Ve sầu nơron Void
Items/VoidNeuronCicadaDesc	Text	 [new]	Ve sầu bị nơron Void biến đổi, mang sắc màu của Hư Không.
Items/VoidNeuronRobotBoss	Text	 [new]	Robot boss Nơron Void
Items/VoidNeuronRobotBossDesc	Text	 [new]	Robot boss bị nơron Void biến đổi.
Items/VoidOrbGun	Text	 	Sùng Hư Không
Items/VoidOrbGunDesc	Text	 	Một vũ khí hạt với cơ chế bên trong chưa rõ. Nó bắn ra những quả cầu hú không bóp méo không-thời gian để gây sát thương cao.
Items/WallAlienBlock	Text	 	Khối Công Nghệ Ngoại Hành Tinh
Items/WallAlienBlockDesc	Text	 	Một mảnh kiến trúc bí ẩn và tinh xảo.
Items/WallBossChest	Text	 	Rương Urschleim
Items/WallBossChestDesc	Text	 	Một chiếc rương lớn, làm từ khối cứng của con amip khổng lồ. Bạn thấy bất an khi ở gần nó.
Items/WallBossScanner	Text	 	Máy Quét Urschleim
Items/WallBossScannerDesc	Text	 	Quét thế giới để tìm Urschleim. Bị tiêu hao khi quét thành công.
Items/WallBossSummoningItem	Text	 	Tế Bào Slime Nguyên Thủy
Items/WallBossSummoningItemDesc	Text	 	Một tế bào kết tinh, biến dị mạnh. Để triệu hồi lại Urschleim, hay kích hoạt nó ở The Passage nơi các dạng sống cổ xưa vẫn còn lang thang. Bị tiêu hao trong quá trình này.
Items/WallBossTrophy	Text	For translating the name 'Urschleim' reference back to the note I left in the 'Names' bracket of this document	Tướng Urschleim
Items/WallBossTrophyDesc	Text	 	Mô hình giống y như thật của Urschleim.
Items/WallCityBlock	Text	 	Khối Đô Thị
Items/WallCityBlockDesc	Text	 	Một mảng kiến trúc đô thị vững chãi, trang trí bằng kính và vàng.
Items/WallClayBlock	Text	 	Khối Đất Sét
Items/WallClayBlockDesc	Text	 	Một mảng đất sét đỏ và ẩm.
Items/WallCoralBlock	Text	 	Tướng San Hô
Items/WallCoralBlockDesc	Text	 	Một mảng tường lát màu hồng.
Items/WallCrystalBlock	Text	 	Khởi Phá Lễ
Items/WallCrystalBlockDesc	Text	 	Một mảng pha lê xanh lấp lánh.
Items/WallDarkStoneBlock	Text	 	Khối Đá Tối
Items/WallDarkStoneBlockDesc	Text	 	Một mảng da tối vững chãi.
Items/WallDesertBlock	Text	 	Khối Sa Mạc
Items/WallDesertBlockDesc	Text	 	Một mảng đã sa mạc đáy cát.
Items/WallDesertExplosiveBlock	Text	 [new]	Tường khói nổ Sa mạc
Items/WallDesertExplosiveBlockDesc	Text	 [new]	Khói tượng sa mạc có chứa chất nổ bên trong.
Items/WallDesertTempleBlock	Text	 	Khối Đền Sa Mạc
Items/WallDesertTempleBlock2	Text	 	Khối Mê Cung
Items/WallDesertTempleBlock2Desc	Text	 	Một khối cực kỳ bền dùng để xây nhưng mê cung cổ xưa.
Items/WallDesertTempleBlockDesc	Text	 	Một mảng kiến trúc cổ xưa vững chãi, trang trí bằng gạch lát và vàng.
Items/WallDirtBlock	Text	 	Khối Đất
Items/WallDirtBlockDesc	Text	 	Một mảng đất nâu rắn chắc.
Items/WallEerieBlock	Text	 	Tướng Ma Quai
Items/WallEerieBlockDesc	Text	 	Một mảng tường gỗ ma quái.
Items/WallExcavationBlock	Text	 [new]	Tướng khởi Đạo
Items/WallExcavationBlockDesc	Text	 [new]	Khối đá dùng để xây dựng trong Khu khai quật.
Items/WallExcavationBorderBlock	Text	 [new]	Tướng khởi viện Đào
Items/WallExcavationBorderBlockDesc	Text	 [new]	Khối đá dùng để xây dựng khu vực Khu khai quật.
Items/WallExcavationDungeonBlock	Text	 [new]	Tướng khỏi lộ của Đạo
Items/WallExcavationDungeonBlockDesc	Text	 [new]	Khối đá dùng để xây dựng hầm ngục trong Khu khai quật.
Items/WallExcavationRockBlock	Text	 [new]	Tường khói đá Đào
Items/WallExcavationRockBlockDesc	Text	 [new]	Khối đá thường thấy trong Khu khai quật.
Items/WallExcavationVoidBlock	Text	 [new]	Tướng khối Void Dao
Items/WallExcavationVoidBlockDesc	Text	 [new]	Khối đá chứa năng lượng Void được tìm thấy ở Khu khai quật.
Items/WallExplosiveBlock	Text	 	Kho Thuốc Nổ
Items/WallExplosiveBlockDesc	Text	 	Một hộp thuốc nổ cực kỳ nguy hiểm có thể đặt như tường. Đứng đánh vào nó kéo nó nổ ngay trước mặt bàn.
Items/WallForestExplosiveBlock	Text	 [new]	Tường khói nổ Rừng
Items/WallForestExplosiveBlockDesc	Text	 [new]	Khói tượng rừng có chứa chất nổ bên trong.
Items/WallGalaxiteBlock	Text	 	Tướng Galaxite
Items/WallGalaxiteBlockDesc	Text	 	Một mảng tường siêu nhiên làm tấm những ngôi sao lấp lánh.
Items/WallGauge	Text	 [new]	Đồng hồ áp suất tường
Items/WallGaugeDesc	Text	 [new]	Đồng hồ áp suất gắn trên tường. Hiển thị áp suất các hệ thống điện.
Items/WallGlassBlock	Text	 	Tường kính
Items/WallGlassBlockDesc	Text	 	Một mảng tường đặc làm từ kính. Rất hợp để xây căn cứ hay rào chắn.
Items/WallGleamWoodBlock	Text	 	Tướng Gò Lập Lành
Items/WallGleamWoodBlockDesc	Text	 	Một mảng tường bị ẩn được gia cố bằng những tấm lấp lánh.
Items/WallGrassBlock	Text	 	Khối Cơ
Items/WallGrassBlockDesc	Text	 	Một mảng cây có thang đứng tuổi tốt.
Items/WallHiveBlock	Text	 	Khối Tổ Âu Trung
Items/WallHiveBlockDesc	Text	 	Một mảng vật liệu tổ săn sủi… con sông.
Items/WallLavaBlock	Text	 	Khối Đa Dung Nham
Items/WallLavaBlockDesc	Text	 	Một mảng đã nóng chảy.
Items/WallLightBulb	Text	 [new]	Bóng đèn tường
Items/WallLightBulbDesc	Text	 [new]	Bóng đèn gắn trên tường phát sáng khi được cấp điện.
Items/WallLimestoneBlock	Text	 	Khối Bãi Biển
Items/WallLimestoneBlockDesc	Text	 	Một mảng đá ven biển đáy cát.
Items/WallMeadowBlock	Text	 	Khối Động Cơ
Items/WallMeadowBlockDesc	Text	 	Một mảng đất dịu êm với những bông hoa mùa hè nhỏ mọc trên đó.
Items/WallMetalSheet	Text	 [new]	Tấm thép tường
Items/WallMetalSheetDesc	Text	 [new]	Tấm thép lớn dùng để gia cố các công trình.
Items/WallMoldBlock	Text	 	Khối Nam Mộc
Items/WallMoldBlockDesc	Text	 	Một mảng nấm mọc nồng nặc.
Items/WallNaturalExplosiveBlock	Text	 	Tướng Thermite
Items/WallNaturalExplosiveBlockDesc	Text	 	Một mảng tường để nó và không ổn định.
Items/WallOasisBlock	Text	 [new]	Tường khói Oasis
Items/WallOasisBlockDesc	Text	 [new]	Khối tượng dùng để xây dựng trong khu vực Oasis.
Items/WallObsidianBlock	Text	 	Khối Hắc Diện Thạch
Items/WallObsidianBlockDesc	Text	 	Một mảng hắc diện thạch không thể phá hủy. Bạn không nên cố thủ này…
Items/WallPaintableBlock	Text	 	Tượng Sơn Dược
Items/WallPaintableBlockDesc	Text	 	Một mảng tường đá xám xịt sẵn sàng được khoác lên màu sắc sống động.
Items/WallPassageBlock	Text	 	Khối Hóa Thạch
Items/WallPassageBlockDesc	Text	 	Lớp lớp vật chất sống bị nén lại thành một khối đặc và xoắn vặn.
Items/WallSandBlock	Text	 	Khối Cát
Items/WallSandBlockDesc	Text	 	Một mảng cát vàng để vỡ.
Items/WallScarletBlock	Text	 	Tướng Scarlet
Items/WallScarletBlockDesc	Text	 	Một mảng tường kim loại gia cố để lập căn cứ đối phó với những trận chiến khốc liệt.
Items/WallSnowBlock	Text	 	Khởi Tuyết
Items/WallSnowBlockDesc	Text	 	Một màng tuyết trắng lạnh.
Items/WallStoneBlock	Text	 	Khối Đá
Items/WallStoneBlockDesc	Text	 	Một mảng đá vững chãi.
Items/WallStoneBricksBlock	Text	 	Tượng Gạch Đá
Items/WallStoneBricksBlockDesc	Text	 	Một mảng tường đặc xây bằng các khối khớp vào nhau.
Items/WallStrawBlock	Text	 	Tường rơm
Items/WallStrawBlockDesc	Text	 	Một mảng tường rơm gia cố để dựng nên trang trại ấm cúng.
Items/WallThermostat	Text	 [new]	Bộ điều nhiệt tượng
Items/WallThermostatDesc	Text	 [new]	Bộ điều nhiệt gắn trên tường. Điều chỉnh nhiệt độ khu vực.
Items/WallTurfBlock	Text	 	Khối tường cỏ
Items/WallTurfBlockDesc	Text	 	Một mảng có rêu mềm mại.
Items/WallWoodBlock	Text	 	Tượng Gỗ
Items/WallWoodBlockDesc	Text	 	Một bức tượng chắc chắn làm từ gỗ. Rất hợp để xây căn cứ.
Items/WashBasin	Text	 	Châu Rứa
Items/WashBasinDesc	Text	 	Một vật chứa đựng để trữ nước và độ dày bình tưới.
Items/WaterCan	Text	 	Bình Tuổi
Items/WaterCanDesc	Text	 	Dùng để tưới hạt giống và đất.
Items/WaterKelp	Text	 	Tạo Mặt Trời
Items/WaterKelpDesc	Text	 	Một loài rong biển lớn sông nhỏ ánh sáng rơi xuống vùng hoang dã.
Items/WaterLily	Text	 	Hoa Súng Azeos
Items/WaterLilyDesc	Text	 	Một loài cây nói là một phần của hệ sinh thái thủy sinh phong phú.
Items/WaterReed	Text	 [new]	Lau nước
Items/WaterReedDesc	Text	 [new]	Loại lẩu mốc ở ven nước. Dùng để làm vật liệu cho các vật phẩm nước.
Items/WaterWell	Text	 	Giếng Nước
Items/WaterWellDesc	Text	 	Một giếng đá cổ để lấy nước.
Items/WayPoint	Text	 	Cột Mộc Cổ
Items/WayPointDesc	Text	 	Một thiết bị đá quý kỳ diệu dùng để dịch chuyển đến các cột mốc và cổng dịch chuyển khác. Khi đặt xuống, nó cần 10 phút để nạp năng lượng trước khi có thể sử dụng.
Items/WeddingDressArmor	Text	 	Vậy Cười
Items/WeddingDressArmorDesc	Text	 	Một chiếc váy trắng giản dị tôn lên vẻ đẹp của người mặc. Có nhiều dịp để mặc nó nhưng quan trọng nhất là khi làm cô dâu.
Items/WeddingHelm	Text	 	Vương Miên Hoa
Items/WeddingHelmDesc	Text	 	Một vương miện xinh đẹp lắm tự là và hoa hồng phấn. Nó gợi nhớ một tình yêu tựa như mùa xuân vĩnh cửu.
Items/Wheelbarrow	Text	 	Xe cút kít
Items/WheelbarrowDesc	Text	 	Một chiếc xe cút kít hỏng kẹt trong chính phần nóng chảy của nó. Có vẻ nó không chịu nổi sức nóng khắc nghiệt.
Items/WhiteCherryFlower	Text	 	Hoa Anh Đào Trắng
Items/WhiteCherryFlowerDesc	Text	 	Một bông hoa trắng mượt mà rơi từ một cái cây tuyệt đẹp. Khi nở rộ nó có hướng hạnh nhân thoang thoảng và gợi nhớ những niềm vui của cuộc sống.
Items/WhiteCherryTree	Text	 	Cây Anh Đào Trắng
Items/WhiteCherryTreeDesc	Text	 	Cây trắng tuyệt đẹp này là biểu tượng truyền thống của những niềm vui cuộc sống. Người ta nói rằng vào mùa xuân một nàng tiên giáng trần để đánh thức những cây anh đào đang ngủ bằng hơi thở của mình.
Items/WhiteCoralotl	Text	 	Coralotl trắng
Items/WhiteCoralotlDesc	Text	 	Một loại lưỡng cư nhỏ màu trắng với mảng nhô ra ngoài trông như san hô. Nó cũng dùng màng để hút dưỡng chất từ lẫn nước của The Sunken Sea.
Items/WhiteGlassRing	Text	 	Nhan Thúy Tình Trạng
Items/WhiteGlassRingDesc	Text	 	Chiếc nhẫn này làm từ vật liệu trắng đục, trong mộ. Ánh sáng nó phản chiếu khiến kẻ thù khó đánh trúng bạn hơn.
Items/WhiteRoseBouquet	Text	 	Bộ Hoa Hồng Trang
Items/WhiteRoseBouquetDesc	Text	 	Bộ họa tuyệt đẹp làm từ hoa hồng trắng này sẽ tôn lên vẻ đẹp của mỗi căn phòng. Hãy tặng nó cho người bạn yêu quý.
Items/WhiteWhistle	Text	 	Cõi Trắng
Items/WhiteWhistleDesc	Text	 	Một cổ vật hiếm làm từ da trắng quý giá. Nó không phát ra âm thanh khi bạn có sử dụng.
Items/WinterBell	Text	 	Chương Mùa Đông
Items/WinterBellDesc	Text	 	Chiếc chuông vàng trắng này phát ra tiếng ngắn thanh thoát, nhẹ nhàng và gợi nhớ những bông tuyết rơi.
Items/WinterCookies	Text	 	Bành Quy Mùa Đông
Items/WinterCookiesDesc	Text	 	Được trang trí đẹp mắt, năm bánh quy này sẽ đem lại tấm tráng đậm chất mùa lễ hội. Thậm chí trong đó còn có một cái hình Lời nhớ xíu.
Items/WinterDinner	Text	 	Bữa Tối Mùa Đông
Items/WinterDinnerDesc	Text	 	Một bữa ăn đầy đủ để sưởi ấm bụng trong mùa giá lạnh. Được chuẩn bị với ấu trùng nướng, sốt heartberry nóng, bánh bao và một ít rau xanh.
Items/WitchDoctorBreastArmor	Text	 	Áo Vest Thay Lang
Items/WitchDoctorBreastArmorDesc	Text	 	Một chiếc áo vest sơn cũ với áo sơ mi giản dị bên trong.
Items/WitchDoctorHelm	Text	 	Mụ Thầy Lang
Items/WitchDoctorHelmDesc	Text	 	Một chiếc mũ chóp cao mọc mặc với đủ thứ trang sức nhỏ dọc theo vành.
Items/WitchDoctorPantsArmor	Text	 	Quân Jean Thầy Lang
Items/WitchDoctorPantsArmorDesc	Text	 	Một chiếc quần jean với dây xích vàng đeo lưng láng.
Items/WonkyMinecart	Text	 	Xe goòng lung lay
Items/WonkyMinecartDesc	Text	 	Cho phép di chuyển trên đường ray.
Items/Wood	Text	 	Gỗ
Items/WoodBow	Text	 	Cung Gỡ
Items/WoodBowDesc	Text	 	Một cây cung thô sơ để bán kẻ thù từ xa.
Items/WoodBreastArmor	Text	 	Giáp Ngực Gỗ
Items/WoodBreastArmorDesc	Text	 	Giáp thô sơ cho phần thân trên. Cho khả năng bảo vệ ít ỏi.
Items/WoodBridge	Text	 	Cầu Gỗ
Items/WoodBridgeDesc	Text	 	Dùng để băng qua vực thẳm và nước nhưng cũng có thể dùng làm sàn đẹp.
Items/WoodCrossbow	Text	 	Nó Gõ
Items/WoodCrossbowDesc	Text	 	Một cây nỏ gỗ nhỏ bắn tên nhanh nhẹn.
Items/WoodDesc	Text	 	Một mẩu rễ cây khổng lồ để tạo ra đủ thứ.
Items/WoodDoor	Text	 	Cửa Gỗ
Items/WoodDoorDesc	Text	 	Khép kín căn cứ của bạn với chiếc của gian đi này.
Items/WoodFence	Text	 	Hàng Rào Gỗ
Items/WoodFenceDesc	Text	 	Hàng rào đơn giản để bảo vệ những gì thuộc về bạn.
Items/WoodFenceGate	Text	 	Cổng Hàng Rào Gỗ
Items/WoodFenceGateDesc	Text	 	Cổng đơn giản cho hàng rào gỗ.
Items/WoodFishingRod	Text	 	Cần Cầu Gỗ
Items/WoodFishingRodDesc	Text	 	Dụng cụ thô sơ để kéo cả len.
Items/WoodFloor	Text	 	San Gò
Items/WoodFloorDesc	Text	 	Những thanh gỗ đơn giản để trang trí căn cứ của bạn.
Items/WoodHelm	Text	 	Mù Gỗ
Items/WoodHelmDesc	Text	 	Bảo vệ đầu chút ít nhưng bạn nên sớm tìm lựa chọn tốt hơn.
Items/WoodHoe	Text	 	Cuộc Gỗ
Items/WoodHoeDesc	Text	 	Dụng cụ thô sơ để chuẩn bị đặt cho trồng trọt.
Items/WoodMiningPick	Text	 	Cúp Go
Items/WoodMiningPickDesc	Text	 	Dụng cụ thô sơ, hữu ích để phá tượng.
Items/WoodPantsArmor	Text	 	Quận Gò
Items/WoodPantsArmorDesc	Text	 	Lựa chọn tốt nhì cho giáp phần thân dưới.
Items/WoodPillar	Text	 	Cột Gỗ
Items/WoodPillarDesc	Text	 	Cột gỗ trang trí này chỉ là thiết kế cơ bản cho rất nhiều biến thể đầy màu sắc khác.
Items/WoodShield	Text	 	Khiển Gỗ
Items/WoodShieldDesc	Text	 	Vật phẩm tay phụ hữu ích để chặn đòn của kẻ thù.
Items/WoodShovel	Text	 	Xeng Gỗ
Items/WoodShovelDesc	Text	 	Xêng thô sơ, hữu ích để đào đất.
Items/WoodSpikeTrap	Text	 	Bẫy chông gỗ
Items/WoodSpikeTrapDesc	Text	 	Bẫy chống thô sơ chỉ phản ứng với kẻ thù.
Items/WoodStool	Text	 	Ghẻ Đầu Gỗ
Items/WoodStoolDesc	Text	 	Chiếc ghế đầu đơn giản, hữu dụng làm từ gỗ. Một người chơi sành điệu thức thụ có thể biến nó thành thứ gì đó đẹp hơn.
Items/WoodSword	Text	 	Kiếm Gỗ
Items/WoodSwordDesc	Text	 	Vũ khí thô sơ để chống lại kẻ địch.
Items/WoodTable	Text	 	Bàn Gỗ
Items/WoodTableDesc	Text	 	Chiếc bàn đơn giản, hữu dụng làm từ gỗ. Một người chơi sành điệu thức thụ có thể biến nó thành thứ gì đó đẹp hơn.
Items/WoodenDestructible	Text	 	Thung Gỗ
Items/WoodenDestructibleDesc	Text	 	Hộp gỗ ai đó dùng để cất trữ đồ linh tính.
Items/WoodenRing	Text	 	Nhân Gỡ
Items/WoodenRingDesc	Text	 	Một chiếc nhẫn gỗ đơn giản, không hơn không kém.
Items/WoodenSign1	Text	 	Biển Go 'Core'
Items/WoodenSign1Desc	Text	 	Gỗ trôi dạt với hoa văn va chạm khắc mô tả the Core.
Items/WoodenSign2	Text	 	Biển Gỡ 'Tulip'
Items/WoodenSign2Desc	Text	 	Gỗ trôi dạt với hoa văn và chạm khắc mô tả một bông Glow Tulip.
Items/WoodenThornRing	Text	 	Nhân Gai Gỗ
Items/WoodenThornRingDesc	Text	 	Một chiếc rễ cây tròn đầy bụi gai với những chiếc gai nhọn chĩa ra ngoài.
Items/WoodenWorkBench	Text	 	Bản Chế Tạo Cơ Bản
Items/WoodenWorkBenchDesc	Text	 	Bản chế tạo cơ bản nhất trong tất cả.
Items/Wool	Text	 	Len
Items/WoolDesc	Text	 	Một búi lên cực kỳ mềm mại với mùi hương dễ chịu.
Items/WorkerHandcuff	Text	 	Cổng Tây Thọ
Items/WorkerHandcuffDesc	Text	 	Đúc từ kim loại dày, dụng cụ này dường như được gắn vào một sợi xích. Nó có được dùng để giữ kế phạm pháp không bỏ trốn không?
Items/WormSegment	Text	Change the translations in a way that it relates to the Nilipede having no legs if you haven't already. Nil is latin for 'zero'.	Nilipede
Items/WovenMat	Text	 	Tham Dân
Items/WovenMatDesc	Text	 	Lớp phủ mặt đất làm từ lưới cây cung cấp.
Items/WovenStrawFloor	Text	 	San Rôm Dân
Items/WovenStrawFloorDesc	Text	 	Một loại sắn gia cố, đan từ rơm đồng cỏ.
Items/YellowBlisterHead	Text	 	Cá Dầu Bông Vàng
Items/YellowBlisterHeadDesc	Text	 	Một loại cá voi nhưng bong bóng vàng lớn trên đầu.
Items/YellowFirefly	Text	 	Dom Dom Vàng
Items/YellowFireflyDesc	Text	 	Loài bọ biết bay này luôn xuất hiện thành đàn trống như những ánh sáng nhảy múa. Ánh phát quang vàng của nó đặc trưng cho từng vùng sinh thái.
Items/YellowKelp	Text	 	Táo Bè Vàng
Items/YellowKelpDesc	Text	 	Một cục thực vật biển màu vàng.
Items/ZealotSword	Text	 	Đảo Công Zealot
Items/ZealotSwordDesc	Text	 	Một thanh kiếm rực rỡ dần mana vào lưỡi kiếm để tăng sức mạnh.
JoinDiscord	Text	 	Tham gia máy chủ Discord của Core Keeper
JoinOnlineGame	Text	 	Vào game trực tuyến
Language Names/chineseSimplified	Text	 [new]	Trung Quốc (Giản thể)
Language Names/chineseTraditional	Text	 [new]	Trung Quốc (Phồn thể)
Language Names/english	Text	 [new]	Tiếng Anh
Language Names/french	Text	 [new]	Tiếng Pháp
Language Names/german	Text	 [new]	Tiếng Đức
Language Names/italian	Text	 [new]	Tiếng Ý
Language Names/japanese	Text	 [new]	Tiếng Nhật
Language Names/korean	Text	 [new]	Tiếng Hán
Language Names/native	Text	 [new]	Bản địa
Language Names/portugueseBrazil	Text	 [new]	Bồ Đào Nha (Brazil)
Language Names/russian	Text	 [new]	Tiếng Nga
Language Names/spanish	Text	 [new]	Tây Ban Nha
Language Names/thai	Text	 [new]	Tiếng Thái
Language Names/ukrainian	Text	 [new]	Tiếng Úcrain
LanguageOption	Text	 	Ngôn ngữ: {0}
LatestVersionCheck	Text	 	Chào mừng đến với Core Keeper. Phiên bản hiện tại của bạn đã cử. Để có trải nghiệm tốt nhất, vui lòng tại phiên bản mới nhất. Thưởng thức nội dung mới thường xuyên!
LeashCattle	Text	 	Buộc đẩy vào vật nuôi
MapMarkers/DeathMarker	Text	{0} is replaced with 'You' or name of other players	{0} đã chết tại đây
MapMarkers/DeathMarkerThisPlayer	Text	 	Bạn đã chết tại đây
MapMarkers/ShrineDesc	Text	 [new]	Điểm đánh dấu vị trí của các đền thờ
MapMarkers/TheCore	Text	 	Lõi
MapMarkers/TheCoreGuidance	Text	 [new]	Hướng dẫn đến Lõi (The Core)
MapMarkers/You	Text	This is shown when hovering over own player marker in Map	Bạn
MapMarkers/mustBeAtPortalToTeleportDesc	Text	 	Bạn phải đứng tại cổng hoặc điểm dịch chuyển để dịch chuyển đến đây.
MapMarkers/portal	Text	 	Cổng
MapMarkers/portalGoToDesc	Text	 	Nhập để dịch chuyển đến vị trí này.
MapMarkers/portalNotReadyDesc	Text	 	Công chúa sẵn sàng.
MapMarkers/portalStandingAtDesc	Text	 	Bạn đang đứng tại cổng này.
MapMarkers/waypoint	Text	 	Điểm dịch chuyển
MapMarkers/waypointNotReadyDesc	Text	 	Điểm dịch chuyển chưa sẵn sàng.
MapMarkers/waypointStandingAtDesc	Text	 	Bạn đang đứng tại điểm dịch chuyển này.
Menu/Add	Text	 [new]	Thêm
Menu/AddAll	Text	 [new]	Thêm tất cả
Menu/AdminPlayers	Text	 	Người chơi quản trị
Menu/AllowJoinByPresence	Text	 	Cho phép bạn bè vào không cần Game ID
Menu/AmbientOcclusion	Text	 	Đổ bóng môi trường
Menu/Apply	Text	 	Áp dụng
Menu/ApplyContentBundlesMultiple	Text	 [new]	Đăng tải gói nội dung: {0} gói đã được chọn
Menu/ApplyContentBundlesOne	Text	 [new]	Đăng tải gói nội dung: {0}
Menu/ApplyContentBundlesTwo	Text	 [new]	Đăng tải 2 gói nội dung
Menu/BannedPlayers	Text	 	Người chơi bị cấm
Menu/Bloom	Text	 	Bloom
Menu/BorderlessFullscreen	Text	 	Toàn màn hình không viền
Menu/Brightness	Text	 	Độ sáng
Menu/ButtonOpenProfile	Text	 	Mở hồ sơ
Menu/ButtonRefresh	Text	 	Làm mới
Menu/CRTFilter	Text	 	Bộ lọc CRT
Menu/Casual	Text	 [new]	Nhẻ nhang (Casual)
Menu/CasualDesc	Text	 [new]	Chế độ để chơi hơn: giảm tốc độ còn đói, thời gian hồi chiều thuốc ngắn và cửa sổ phần đơn rộng hơn
Menu/CharacterSlot	Text	 	Ở nhân vật
Menu/CharacterStuck	Text	Option in gameplay settings allowing player to kill themselves in order to get out of a stuck position	Nhân vật của tôi bị kết!
Menu/CharacterType	Text	 	Loài nhân vật
Menu/ClassicWorldFormat	Text	Declares that the world is created with the old world generation tool. {0} will be replaced with NormalMode. hardMode. CreativeMode etc.	{0} - Thế giới cổ điển
Menu/ColorOutput	Text	 	Xuất mẫu
Menu/ConfirmStartWithoutNewContent	Text	 [new]	Bạn có gói nội dung mới chưa được tải xuống. Vẫn khởi động thế giới không có nội dung mới?
Menu/ConnectText	Text	 [new]	Kết nối
Menu/ConnectedPlayers	Text	 	Người chơi đang kết nối:
Menu/ConnectedPlayersWarning	Text	 	Hòn {0} người chơi đang kết nối. Điều này có thể gây sự cố.
Menu/ContinueAnyway	Text	 [new]	Vẫn tiếp tục
Menu/CreateWorld	Text	 	Tạo thế giới
Menu/CreateWorldButton	Text	 [new]	Tạo thế giới
Menu/CreatedSaveBackup	Text	 	Đã tạo CoreKeeperSaves.zip trên Desktop
Menu/Credits	Text	 	Đội ngũ thực hiện
Menu/CrossplayEnabled	Text	 	Chơi cùng các nền tảng PC khác
Menu/CurrentVersionIsOutdated	Text	 	Chào mừng đến với Core Keeper. Phiên bản hiện tại của bạn đã cử. Để có trải nghiệm tốt nhất, vui lòng tại phiên bản mới nhất. Thưởng thức nội dung mới thường xuyên!
Menu/DeleteCharactersMenu	Text	 	Menu xóa nhân vật
Menu/DeleteCreativeCharactersMenu	Text	 	Menu xóa nhân vật sáng tạo
Menu/DeleteOptions	Text	 	Tùy chọn xóa
Menu/DeleteProgressOptions	Text	 	Tùy chọn xóa tiến trình
Menu/DeleteWorldsMenu	Text	 	Menu xóa thế giới
Menu/DeveloperOptions	Text	 [new]	Tùy chọn nhà phát triển
Menu/Disable	Text	 	Tắt
Menu/DisableCrossplay	Text	 	Có vẻ crossplay đang gặp sự cố. Bạn có muốn tắt nó không?
Menu/DiscardChangesDialog	Text	 	Bỏ các thay đổi?
Menu/DiscardUnconfirmedChanges	Text	 [new]	Hủy các thay đổi chưa xác nhận?
Menu/DisconnectText	Text	 [new]	Ngắt kết nối
Menu/DiscordOnboarding	Text	 	Discord / Báo lỗi / Góp ý
Menu/DisplayOptions	Text	 	Cài đặt hiển thị
Menu/DontShowAgain	Text	 	Không hiện lại
Menu/DynamicWater	Text	 	Nước đọng
Menu/Emulated	Text	 	Giả lập
Menu/EnableTutorial	Text	 [new]	Bật hướng dẫn chơi mới
Menu/EnterIP	Text	 [new]	Nhập IP
Menu/EnterPassword	Text	 [new]	Nhập mật khẩu
Menu/EnterPort	Text	 [new]	Nhập cổng
Menu/EnterSeed	Text	 	Nhập seed...
Menu/EnterWorldName	Text	 	Nhập tên thế giới...
Menu/ExperimentalPopUp	Text	 	Core Keeper đang chạy ở chế độ thử nghiệm. Chế độ này dùng bộ tệp lưu riêng. Tep lưu thương của bạn vẫn còn nguyên khi bạn quay lại chế độ thường.
Menu/ExplorersEditionInfo	Text	 [new]	Thông tin Explorers Edition
Menu/ExplorersEditionInfoDesc	Text	 [new]	Sở hữu Explorers Edition để giới hạn các lĩnh vực đón đầu khi bắt đầu thế giới mới
Menu/ExplorersEditionInfoViaStore	Text	 [new]	Explorers Edition (mở cửa hàng)
Menu/ExplorersEditionInfoViaStoreDesc	Text	 [new]	Xem các gói nội dung có sẵn trong cửa hàng
Menu/ExportModPackage	Text	 	Xuất thế giới thành gói MOD.IO ra desktop
Menu/ExportToMod	Text	 	Xuất thanh mod
Menu/FaceMouseDirection	Text	Option that when enabled causes character to face towards mouse on screen. otherwise character faces the direction that player last moved towards	Quay mặt theo hướng chuột
Menu/FindingSessions	Text	 	Đang tìm phiên...
Menu/FishingMiniGame	Text	 [new]	Mini game câu cá
Menu/ForcedSafeMode	Text	 [new]	Đã bật chế độ an toàn cưỡng bức
Menu/Fullscreen	Text	 	Toàn màn hình
Menu/GameID	Text	Game ID is used to connect to other players and shown in pause menu while in a game	Game ID: {0}
Menu/GameModeLabel	Text	 	Chế độ chơi
Menu/GameplayOptions	Text	 	Cài đặt lối chơi
Menu/GetOutOfStuckPositionDialogue	Text	 	Bạn có muốn giết nhân vật để thoát khỏi vị trí bị kẹt không?
Menu/GiveFeedback	Text	 	Báo lỗi / góp ý
Menu/GraphicsOptions	Text	 	Cài đặt đồ họa
Menu/GroundFog	Text	 [new]	Sương mù mặt đất
Menu/Hardcore	Text	 	Hardcore
Menu/HardcoreDesc	Text	 	Nhân vật Hardcore sẽ mất vĩnh viễn khi chết và không thể hồi sinh.
Menu/HasBeenCreatedOnDesktop	Text	'desktop' is the user's desktop folder on PC	{0} đã được tạo trên desktop
Menu/HideGameID	Text	 	Án Game ID
Menu/HideGameInfo	Text	 [new]	Ấn thông tin trận chơi
Menu/HostVersionIs	Text	 	Phiên bản của chủ phong: {0}
Menu/IP	Text	 [new]	IP
Menu/Ignore	Text	 	Bỏ qua
Menu/IntegerScaling	Text	 	Phòng tỷ lệ số nguyên
Menu/JoinGame	Text	 	Vào game
Menu/JoinWithGameID	Text	 [new]	Tham gia băng Game ID
Menu/JoinWithIP	Text	 [new]	Tham gia bằng IP
Menu/LightQuality	Text	 	Chất lượng ánh sáng
Menu/LoadAnyway	Text	 	Vận tải
Menu/LoadBenchmark	Text	 [new]	Chạy Benchmark
Menu/LoadFromMod	Text	 	Tải từ mod
Menu/LocalModMissingClientDialogue	Text	 	Thiếu mod bắt buộc {0}.
Menu/LocalModMissingServerDialogue	Text	 	Máy chủ thiếu mod bắt buộc {0}.
Menu/ManagePlayers	Text	 	Quản lý người chơi
Menu/MissingContentDependencyMultiple	Text	 [new]	Gói nội dung sau đây thiếu bóc nội dung thành phần: {0}
Menu/MissingContentDependencySingle	Text	 [new]	Gói nội dung {0} thiếu bóc nội dung thành phần
Menu/ModFailedToLoadWarning	Text	{0} is mod name. {1} indicates reason it failed to load	Một mod tải thất bại: {0} ({1})
Menu/ModIncompatibleWarning	Text	{0} is mod name	Một mod không tương thích với phiên bản này: {0}
Menu/ModMenuButtonModsLoaded	Text	 	Mod ({0} đã tải)
Menu/ModMenuButtonModsLoadedPendingChanges	Text	* indicates extra information which will be shown elsewhere (see Mod/PendingChanges)	Mod ({0} đã tải)*
Menu/ModMenuPopUp	Text	 	Mod do các thành viên cộng đồng phát triển. Chúng mở ra nhiều khả năng chơi mới, nhưng cũng có thể gây ra sự cố không lường trước. Hãy cân nhắc khi dùng mod!
Menu/ModMissingClientDialogue	Text	 	Thiếu mod bắt buộc {0}. Bạn có muốn cài đặt không (cần khởi động lại)?
Menu/ModMissingServerDialogue	Text	 	Máy chủ thiếu mod bắt buộc {0}. Bạn có muốn tắt nó không (cần khởi động lại)?
Menu/Mods	Text	 	Mod
Menu/ModsAddedWithEnhancedAccess	Text	 	"""Lưu ý: mod 'Quyền Truy Cập Cao' có thể truy cập tài nguyên ngoài game như tệp người dùng và internet. Đề án toán, chỉ cài mod từ nguồn uy tín.
Mod có Quyền Truy Cập Cao:
{0}"""
Menu/ModsLoaded	Text	 	Đã tải {0} mod
Menu/MoreInfo	Text	 	Thêm thông tin
Menu/NewContentAvailableTooltip	Text	 [new]	Có gói nội dung mới sẵn sàng tải xuống
Menu/NewWorld	Text	Button/prompt to create a new world	Thế giới mới
Menu/NoAdminsOnline	Text	 	Không có quản trị viên nào trực tuyến.
Menu/NoAvailableSessions	Text	 	Không tìm thấy phiền não.
Menu/NoBannedPlayers	Text	 	Chưa có người chơi nào bị cấm.
Menu/NoNewContentBundles	Text	 [new]	Không có gói nội dung mới
Menu/ObjectShadows	Text	 	Bóng vật thể
Menu/OneModLoaded	Text	Should match ModsLoaded. but singular	Đã tải 1 mod
Menu/OpenFile	Text	 [new]	Mở tệp
Menu/Options	Text	 	Cài đặt
Menu/OverrideSeason	Text	 	Ghi đề mưa
Menu/PCStoreCrossplayAll	Text	 [new]	Tất cả
Menu/PCStoreCrossplayEpic	Text	 [new]	Epic
Menu/PCStoreCrossplayGOG	Text	 [new]	GOG
Menu/PCStoreCrossplayMS	Text	 [new]	Microsoft Store
Menu/PCStoreCrossplayOption	Text	 [new]	Crossplay của hãng PC
Menu/PCStoreCrossplaySteam	Text	 [new]	Steam
Menu/PacketRate	Text	As in the rate of network packets being sent	Tốc độ gửi gói tin mạng
Menu/ParamBiomeChaos	Text	 	Do hỗn loạn quần xã
Menu/ParamBiomeChaosDesc	Text	 	Mức độ các quần xã có thể chồng lấn và xuất hiện trong nhau.
Menu/ParamCeilingHoles	Text	 	Lộ trận
Menu/ParamCeilingHolesDesc	Text	 	Tần suất các khe hở trên cao cho ánh sáng lọt vào.
Menu/ParamChambers	Text	 	Khoảng đông
Menu/ParamChambersDesc	Text	 	Số lượng và kích thước các khoang hàng rỗng.
Menu/ParamChaos	Text	 	Hỗn loạn
Menu/ParamExtreme	Text	 	Cục cao
Menu/ParamHigh	Text	 	Cao
Menu/ParamLakes	Text	 	Hồ
Menu/ParamLakesDesc	Text	 	Số lượng và quy mô hồ nước.
Menu/ParamLow	Text	 	Thấp
Menu/ParamNormal	Text	 	Bình thường
Menu/ParamOff	Text	 	Tắt
Menu/ParamOreDensity	Text	 	Mật độ quặng
Menu/ParamOreDensityDesc	Text	 	Độ dồi dào của quặng đặc trưng từng quần xã.
Menu/ParamPits	Text	 	Hố
Menu/ParamPitsDesc	Text	 	Tần suất và kích thước các họ.
Menu/ParamRivers	Text	 	Sông
Menu/ParamRiversDesc	Text	 	Tần suất và độ phức tạp của hệ thống sông.
Menu/ParamSeed	Text	 	Seed
Menu/ParamTunnels	Text	 	Đường hầm
Menu/ParamTunnelsDesc	Text	 	Tần suất và độ trải rộng của mạng lưới đường hầm.
Menu/ParticlesQuality	Text	 	Chất lượng hiệu ứng hạt
Menu/Password	Text	 [new]	Mật khẩu
Menu/PendingChanges	Text	 	*Thay đổi đang chờ
Menu/PerformanceOptions	Text	 	Cài đặt hiệu năng
Menu/Ping	Text	Ping to server. shown in pause menu	Ping: {0} ms
Menu/Port	Text	 [new]	Cổng
Menu/PvPEnabled	Text	Shown under the minimap ingame to indicate that pvp is currently active. if pvp is off the text shows nothing	Đã bật PvP!
Menu/Quit	Text	 	Thoát
Menu/RGBEffects	Text	 [new]	Hiệu ứng RGB
Menu/RecommendedDialog	Text	 	Nên dùng cài đặt mặc định để có trải nghiệm đầu tiên tốt nhất.
Menu/Reflections	Text	 	Phản chiếu
Menu/RefreshGameID	Text	 	Làm mới Game ID
Menu/RefreshGameInfo	Text	 [new]	Làm mới thông tin trận chơi
Menu/RefreshGamePassword	Text	 [new]	Tạo lại mật khẩu trận chơi
Menu/Reset	Text	 	Đặt lại
Menu/ResetToDefaultsDialog	Text	 	Đặt lại về mặc định?
Menu/RestartPendingModChanges	Text	 	Dạng khởi động lại để áp dụng thay đổi mod.
Menu/RestartToApplyModChanges	Text	 	Thay đổi mod cần khởi động lại mới có hiệu lực. Bạn có muốn khởi động lại ngay không?
Menu/SaveIconLabel	Text	 	Biểu tượng bản lưu
Menu/SelectCharacterType	Text	 	Chọn loại nhân vật
Menu/SelectSaveSlotIcon	Text	 	Chọn biểu tượng ở lưu
Menu/SelectWorld	Text	 	Chọn thế giới
Menu/SelectWorldFromMod	Text	Menu title shown when choosing which world save to load from a list of available world saves from mods	Tại thế giới từ mod
Menu/SelectWorldMode	Text	 	Chôn chế độ thế giới
Menu/ServerSimulationDistance	Text	 	Khoảng cách mô phỏng máy chủ
Menu/ServerTickRate	Text	 	Tốc độ tick máy chủ
Menu/Settings	Text	 	Cài đặt
Menu/SettingsNotAvailableNote	Text	 	Một số cài đặt chỉ đổi được ở menu chính
Menu/ShadowQuality	Text	 	Chất lượng bông
Menu/ShowCharacterNames	Text	 	Hiện tên nhân vật
Menu/ShowContent	Text	 [new]	Hiển thị nội dung
Menu/ShowDamageNumbers	Text	 	Hiện số sát thương
Menu/ShowGameID	Text	 	Hiện Game ID
Menu/ShowGameInfo	Text	 [new]	Hiển thị thông tin trận chơi
Menu/ShowHotbarArrows	Text	 [new]	Hiển thị mũi tên trên thanh công cụ
Menu/ShowHotbarKeyboardNumbers	Text	 	Hiển thị số phím trên thanh công cụ
Menu/ShowHotbarKeyboardNumbersPC	Text	 [new]	Hiển thị số phím trên thanh công cụ (PC)
Menu/ShowHotbarKeyboardNumbersPlaystation	Text	 [new]	Hiển thị số phím trên thanh công cụ (PlayStation)
Menu/ShowHotbarKeyboardNumbersSwitch	Text	 [new]	Hiển thị số phím trên thanh công cụ (Switch)
Menu/ShowHotbarKeyboardNumbersXbox	Text	 [new]	Hiển thị số phím trên thanh công cụ (Xbox)
Menu/ShowInGameUI	Text	 	Hiện giao diện trong game
Menu/ShowKeyHints	Text	 	Hiển thị gợi ý phím
Menu/ShowMinimap	Text	 	Hiện bản đồ nhỏ
Menu/Simulated	Text	 	Mô phỏng
Menu/SquashBugs	Text	This option allows player to toggle off bugs being squashed when player walks on them in game	Diệt bug
Menu/Standard	Text	Refers to type of character type such as classic or hardcore	Tiêu chuẩn
Menu/StandardDesc	Text	 	Nhân vật Tiêu chuẩn sẽ hồi sinh sau khi chết. Đây là cách chơi Core Keeper dùng thiết kế.
Menu/StartGame	Text	 	Bắt đầu game
Menu/SteamGameID	Text	 [new]	Steam Game ID
Menu/StreamerMode	Text	 	Chế độ streamer
Menu/TargetFrameRate	Text	 	Khung hình mục tiêu
Menu/ToggleGuestModeOff	Text	 	Tắt chế độ khách
Menu/ToggleGuestModeOn	Text	 	Bật chế độ khách
Menu/TogglePvPOff	Text	 	Tắt PvP
Menu/TogglePvPOn	Text	 	Bật PvP
Menu/UIOptions	Text	 	Cài đặt giao diện
Menu/UiItemLockLine1	Text	 [new]	Giữ phím lock để khóa vật phẩm trong túi đồ
Menu/UiItemLockLine2	Text	 [new]	Vật phẩm bị khóa sẽ không thể di chuyển, xếp, bẩn hoặc mới ra khỏi túi
Menu/UiItemLockLine3	Text	 [new]	Nhận lại để mở khóa
Menu/UiItemLockTitle	Text	 [new]	Khoa vật phẩm
Menu/UiQuickTrashLine1	Text	 [new]	Giữ phím vứt độ nhanh để bộ vật phẩm đang trỏ vào thùng rác
Menu/UiQuickTrashLine2	Text	 [new]	Bỏ nhanh hoặc nhiều vật phẩm một lúc
Menu/UiQuickTrashLine3	Text	 [new]	Cẩn thận: đồ đã vứt sẽ không thể lấy lại!
Menu/UiQuickTrashTitle	Text	 [new]	Vứt bỏ nhanh
Menu/Version	Text	 	Phiên bản: {0} ({1})   |   © Pugstorm AB
Menu/VersionsAreCompatibleButNotSameWarning	Text	 	Các phiên bản tương thích, những khác biệt nhỏ có thể ảnh hưởng hiệu năng.
Menu/WarningVersionMismatch	Text	 	Cảnh báo: Phiên bản không khớp
Menu/WindowMode	Text	 	Chế độ cửa sổ
Menu/Windowed	Text	 	Cửa sổ
Menu/WorldGeneration	Text	 	Khởi tạo thế giới
Menu/WorldGenerationLabel	Text	 	Khởi tạo thế giới
Menu/WorldInfo	Text	 	Thông tin thế giới
Menu/WorldName	Text	 	Thế giới: {0}
Menu/WorldNameLabel	Text	 	Tên thế giới
Menu/WorldSeedLabel	Text	A 'world seed' is a unique number or code that is used to generate a specific game world. By entering a world seed. players can create the same world every time. ensuring that the terrain. features. and layout are identical for anyone using that seed.	Seed thế giới
Menu/WorldSettingsContentTabTitle	Text	 [new]	Nội dung
Menu/WorldSettingsGenerationTabTitle	Text	 [new]	Tạo thế giới
Menu/WorldSettingsInfoTabTitle	Text	 [new]	Thông tin
Menu/WorldSlot	Text	 	Ở thế giới
Menu/YourVersionIs	Text	 	Phiên bản của bạn: {0}
MinionCountDesc	Text	 	Bản dạng cờ {0} trên {1} tay sai hoạt động.
MinionCountFormat	Text	 	{0} / {1}
Mods/StoragePlus	Text	 [new]	StoragePlus
Mods/StoragePlusDesc	Text	 [new]	Xây dựng mạng lưu trữ riêng và truy cập tất cả vật phẩm ở cùng một nơi!
NamedBy	Text	 	Đặt tên bởi: {0}
Names/BirdBoss	Text	 	Azeos, Titan Bầu Trời
Names/CoreBoss	Text	 	Core Commander
Names/CoreBoss2ndPhase	Text	 	Unleashed Core Commander
Names/CoreBossMarker	Text	 	Trùm Lõi
Names/EchoMapAlienTerminal1	Text	 [new]	Đài ngoại hành 1
Names/EchoMapAlienTerminal2	Text	 [new]	Đài ngoại hành 2
Names/EchoMapAlienTerminal3	Text	 [new]	Đài ngoại hành 3
Names/EchoMapBindingString	Text	 [new]	Chuối ràng buộc Echo
Names/EchoMapFishingMerchant	Text	 [new]	Thương nhân câu cá
Names/EchoMapShrineRoom	Text	 [new]	Phòng Thánh đường
Names/EchoMapTitanTemple	Text	 [new]	Đền thờ Titan
Names/EchoMapWorshipMural	Text	 [new]	Bụt hóa tôn thờ
Names/GiantCicadaBoss	Text	 [new]	Ve sầu khổng lồ
Names/GiantCicadaBossDisplay	Text	 [new]	Ve sầu khổng lồ
Names/HiveEgg	Text	Name shown on eggs at larva hive boss	Hive Egg
Names/HydraBossDesert	Text	 	Pyrdra, Titan Lửa
Names/HydraBossNature	Text	 	Druidra, Titan Hoang Dã
Names/HydraBossSea	Text	 	Crydra, Titan Băng
Names/HydraBossVoid	Text	 [new]	Hydra Void
Names/KingSlime	Text	 	King Slime
Names/LarvaBoss	Text	 	Ghorm, Kẻ Ngấu Nghiến
Names/LarvaHiveBoss	Text	 	Mẹ Tổ
Names/LarvaHiveHalloweenBoss	Text	 	Mẹ Tô Bị Âm
Names/LavaSlimeBoss	Text	 	Igneous, Khôi Nham Thạch
Names/OctopusBoss	Text	 	Omoroth, Titan Biển Cả
Names/PoisonSlimeBoss	Text	 	Ivy, Khối Kịch Đọc
Names/RobotBoss	Text	 [new]	Robot khổng lồ
Names/ScarabBoss	Text	 	Ra-Akar, Titan Cát
Names/ShamanBoss	Text	 	Malugaz, Kẻ sa ngã
Names/SlimeBoss	Text	 	Glurch, Khối Gồm Ghiec
Names/SlipperySlimeBoss	Text	 	Morpha, Khối Thủy Sinh
Names/SnakeBoss	Text	 	Atlantean Worm
Names/SoulOfAzeos	Text	 	Azeos
Names/SoulOfDesertHydra	Text	 	Pyrdra
Names/SoulOfNatureHydra	Text	 	Druidra
Names/SoulOfOmoroth	Text	 	Omoroth
Names/SoulOfScarab	Text	 	Ra-Akar
Names/SoulOfSeaHydra	Text	 	Crydra
Names/TitanShrine	Text	 [new]	Đền thờ Titan
Names/WallBoss	Text	Urschleim is used here as a proper name. if you can keep the name 'Urschleim' as it is. If unavoidable. try to come up with a literal phonetic translation in the language you're translating to	Urschleim
NoFilter	Text	 [new]	Không bỏ lọc
NoFilterDesc	Text	 [new]	Hiển thị tất cả các vật phẩm
None	Text	 	Không có
NonePlayableTitleInfoText	Text	 	Phiên bản game này không khả dụng; tuy nhiên, bạn vẫn có thể chơi bản Early Access mới nhất trên nhánh Steam mặc định. Nếu bạn nghĩ mình lẽ ra được truy cập một phiên bản độc quyền của game, vui lòng liên hệ đầu mối phụ trách phía nhà phát hành.
NormalMode	Text	 	Tiêu chuẩn
NormalModeDesc	Text	 	Đôi mắt quái vật cân bằng cho thử thách công bằng và cuốn hút.
ObtainedAll	Text	 	Đạt được toàn bộ cúp Core Keeper.
OffHandMechanics/Dash	Text	 	Lượt về phía trước với {0}% tốc độ di chuyển
OffHandMechanics/MinionDetonation	Text	 [new]	Kích nổ lính
OffHandMechanics/RemoteDetonator	Text	 [new]	Kích nổ từ xa
OffHandMechanics/Shield	Text	 	Tạo khiến bảo vệ, giảm {0}% sát thương phải nhận
OffHandMechanics/Teleport	Text	 	Dịch chuyển một quãng ngắn.
Open	Text	 	Mở
OpenBeta	Text	 	Open Beta
OpenContainer	Text	 	Mỏ vật chứa
OpenCrackedEgg	Text	 	Ấp trứng
OpenEula	Text	 	Ban phải đọc và chấp nhận thỏa thuận cấp phép người dùng cuối để dùng các tính năng chơi mạng.
OptionNumber	Text	{0} will be replaced with a number	Tùy chọn {0}
OutputIntoWorld	Text	 [new]	Xuất ra thế giới
OutputIntoWorldDesc	Text	 [new]	Gửi vật phẩm ra ngoài thế giới trò chơi
OutputTrash	Text	 [new]	Xuất ra thùng rác
OutputTrashDesc	Text	 [new]	Gửi vật phẩm vào vị trí thùng rác
Outro/Slide1	Text	 	Một nơi xa cách mới chọn khác.
Outro/Slide2	Text	 	Bạn nhận ra gương mặt của những người bạn mình.
Outro/Slide3	Text	 	Khi họ đổ bạn ngồi dậy, bạn cảm thấy thứ gì đó cơm sau lưng.
Outro/Slide4	Text	 	Một viên pha lê kỳ lạ, ngân nga đầy năng lượng. Và rồi bạn nhớ lại...
Outro/Slide5	Text	 	...sự gắn kết bạn đã trải qua và câu chuyện bạn cần kể lại.
Outro/Slide6	Text	 	Dẫu có cách xa, vẫn luôn có một lối đi trong trái tim chung của chúng ta.
Outro/Slide6OnSlideText	Text	The * are used for 0.5s pauses when revealing the text so it says 'the end' and then after a pause the dots will appear one by one ending with a question mark	Hết...?
PantsVanitySlot	Text	 	Ở ngoài trang quân
PetTalents/ApplyBurnBuff	Text	 	Gây hiệu ứng thiêu đốt
PetTalents/ApplyBurnMelee	Text	 	Đòn cận chiến gây thiêu đốt
PetTalents/ApplyBurnRange	Text	 	Đòn tầm xa gây thiêu đốt
PetTalents/ApplyPoisonBuff	Text	 	Gây hiệu ứng độc
PetTalents/ApplyPoisonMelee	Text	 	Đòn cận chiến gây độc
PetTalents/ApplyPoisonRange	Text	 	Đòn tầm xa gây độc
PetTalents/ApplyRadiationDamageBuff	Text	 [new]	Tăng sát thương bức xạ
PetTalents/ApplyRadiationDamageMelee	Text	 [new]	Sát thương bức xạ khi đánh cận chiến
PetTalents/ApplyRadiationDamageRange	Text	 [new]	Sát thương bức xạ khi đánh tầm xa
PetTalents/ApplySlimeBuff	Text	 	Gây hiệu ứng slime
PetTalents/ApplySlimeMelee	Text	 	Đòn cận chiến gây slime
PetTalents/ApplySlimeRange	Text	 	Đòn tầm xa gây slime
PetTalents/ApplySlipperyBuff	Text	 	Gây hiệu ứng trơn trượt
PetTalents/ApplySlipperyMelee	Text	 	Đòn cận chiến gây trơn trượt
PetTalents/ApplySlipperyRange	Text	 	Đòn tầm xa gây trơn trượt
PetTalents/ApplyStunBuff	Text	 	Gây hiệu ứng choáng
PetTalents/ApplyStunMelee	Text	 	Đòn cận chiến gây choáng
PetTalents/ApplyStunRange	Text	 	Đòn tầm xa gây choáng
PetTalents/BlueGlowBuff	Text	 	Phát sáng xanh
PetTalents/BlueGlowMelee	Text	 	Đòn cận chiến phát sáng xanh
PetTalents/BlueGlowRange	Text	 	Đòn tầm xa phát sáng xanh
PetTalents/BossDamageBuff	Text	 	Tăng sát thương lên boss
PetTalents/BossDamageMelee	Text	 	Sát thương lên boss khi đánh cận chiến
PetTalents/BossDamageRange	Text	 	Sát thương lên boss khi đánh tầm xa
PetTalents/ChanceToConsumeBurningBuff	Text	 	Có cơ hội tiêu thụ hiệu ứng thiêu đốt
PetTalents/ChanceToConsumeBurningMelee	Text	 	Cận chiến có cơ hội tiêu thụ hiệu ứng thiêu đốt
PetTalents/ChanceToConsumeBurningRange	Text	 	Tầm xa có cơ hội tiêu thụ hiệu ứng thiêu đốt
PetTalents/ChanceToDealTripleDamageBuff	Text	 	Có cơ hội gây sát thương gấp ba
PetTalents/ChanceToDealTripleDamageMelee	Text	 	Cận chiến có cơ hội gây sát thương gấp ba
PetTalents/ChanceToDealTripleDamageRange	Text	 	Tầm xa có cơ hội gây sát thương gấp ba
PetTalents/ChanceToGainManaOnAttackMelee	Text	 	Có cơ hội hồi mana khi tấn công
PetTalents/CritChanceBuff	Text	 	Tăng tỉ lệ chí mạng
PetTalents/CritChanceMelee	Text	 	Tỉ lệ chí mạng khi đánh cận chiến
PetTalents/CritChanceRange	Text	 	Tỉ lệ chí mạng khi đánh tầm xa
PetTalents/CritDamageBuff	Text	 	Tăng sát thương chí mạng
PetTalents/CritDamageMelee	Text	 	Sát thương chí mạng khi đánh cận chiến
PetTalents/CritDamageRange	Text	 	Sát thương chí mạng khi đánh tầm xa
PetTalents/DamageBasedOnTargetRemainingHealthBuff	Text	 	Sát thương dựa trên máu còn lại của mục tiêu
PetTalents/DamageBasedOnTargetRemainingHealthMelee	Text	 	Cận chiến gây sát thương dựa trên máu còn lại của mục tiêu
PetTalents/DamageBasedOnTargetRemainingHealthRange	Text	 	Tầm xa gây sát thương dựa trên máu còn lại của mục tiêu
PetTalents/DamageIncreaseAgainstStunnedBuff	Text	 	Tăng sát thương lên kẻ địch bị choáng
PetTalents/DamageIncreaseAgainstStunnedMelee	Text	 	Cận chiến tăng sát thương lên kẻ địch bị choáng
PetTalents/DamageIncreaseAgainstStunnedRange	Text	 	Tầm xa tăng sát thương lên kẻ địch bị choáng
PetTalents/LifeToOwnerOnHitMelee	Text	 [new]	Hồi máu cho chủ khi đánh cận chiến
PetTalents/LifeToOwnerOnHitRange	Text	 [new]	Hồi máu cho chủ khi đánh tầm xa
PetTalents/LifeToOwnerOnMinionHitBuff	Text	 [new]	Hồi máu cho chủ khi lính đánh trúng
PetTalents/MagicDamageBuff	Text	 [new]	Tăng sát thương phép
PetTalents/ManaRegenerationBuff	Text	 [new]	Tăng tốc độ hồi mana
PetTalents/MeleeAttackSpeedBuff	Text	 	Tăng tốc độ đánh cận chiến
PetTalents/MeleeAttackSpeedMelee	Text	 	Tốc độ đánh cận chiến
PetTalents/MeleeDamageBuff	Text	 	Tăng sát thương cận chiến
PetTalents/MeleeDamageMelee	Text	 	Sát thương cận chiến
PetTalents/MinionAttackSpeedBuff	Text	 [new]	Tăng tốc độ đánh của lính
PetTalents/MinionBossDamageBuff	Text	 [new]	Tăng sát thương của lính khi đánh boss
PetTalents/MinionCountBuff	Text	 [new]	Tăng số lượng lính
PetTalents/MinionCritChanceBuff	Text	 [new]	Tăng tỉ lệ chí mạng của lính
PetTalents/MinionCritDamageBuff	Text	 [new]	Tăng sát thương chí mạng của lính
PetTalents/MinionDamageBuff	Text	 [new]	Tăng sát thương của lính
PetTalents/MinionLifeSpanBuff	Text	 [new]	Tăng thời gian tồn tại của lính
PetTalents/MovementSpeedBuff	Text	 	Tăng tốc độ di chuyển
PetTalents/MovementSpeedMelee	Text	 	Tốc độ di chuyển khi đánh cận chiến
PetTalents/MovementSpeedRange	Text	 	Tốc độ di chuyển khi đánh tầm xa
PetTalents/OrangeGlowBuff	Text	 	Phát sáng cam
PetTalents/OrangeGlowMelee	Text	 	Đòn cận chiến phát sáng cam
PetTalents/OrangeGlowRange	Text	 	Đòn tầm xa phát sáng cam
PetTalents/PiercingProjectilesBuff	Text	 	Đạn xuyên
PetTalents/PiercingProjectilesRange	Text	 	Đạn tầm xa xuyên
PetTalents/RangeAttackSpeedBuff	Text	 	Tăng tốc độ đánh tầm xa
PetTalents/RangeAttackSpeedRange	Text	 	Tốc độ đánh tầm xa
PetTalents/RangeDamageBuff	Text	 	Tăng sát thương tầm xa
PetTalents/RangeDamageRange	Text	 	Sát thương tầm xa
PetTalents/StunAndSnareReductionBuff	Text	 	Giảm thời gian choáng và trói
PetTalents/StunDurationBuff	Text	 	Tăng thời gian choáng
PetTalents/StunDurationMelee	Text	 	Thời gian choáng khi đánh cận chiến
PetTalents/StunDurationRange	Text	 	Thời gian choáng khi đánh tầm xa
PlacementPlus/PlacementPlus	Text	 [new]	Placement Plus
PlacementPlus_PlacementPlus/General	Text	 [new]	Chung
PlacementPlus_PlacementPlus/General/MaxBrushSize	Text	 [new]	Kích thước cọ tối đa
PlacementPlus_PlacementPlus/General/MaxBrushSizeDesc	Text	 [new]	Phạm vi tối đa của cọ.
PlacementPlus_PlacementPlus/General/ExcludeItems	Text	 [new]	Vật phẩm loại trừ
PlacementPlus_PlacementPlus/General/ExcludeItemsDesc	Text	 [new]	Danh sách vật phẩm, phân tách bằng dấu phẩy, tự động tắt tính năng đặt theo vùng.
PlacementPlus_PlacementPlus/General/MinHoldTime	Text	 [new]	Thời gian giữ tối thiểu
PlacementPlus_PlacementPlus/General/MinHoldTimeDesc	Text	 [new]	Thời gian giữ tối thiểu trước khi thao tác cộng hoặc trừ được lặp tự động.
PlacementPlus/ADD_ROOF	Text	 [new]	Thêm mái nhà
PlacementPlus/BlockToolModeMessage	Text	 [new]	Thông báo đổi chế độ của công cụ khối
PlacementPlus/CHESS_PATTERN	Text	 [new]	Mẫu bàn cờ
PlacementPlus/CIRCLE	Text	 [new]	Hình tròn
PlacementPlus/CLEAR_ROOF	Text	 [new]	Xóa mái nhà
PlacementPlus/GROUND	Text	 [new]	Mặt đất
PlacementPlus/HORIZONTAL	Text	 [new]	Ngang
PlacementPlus/ModeMessage	Text	 [new]	Đã đổi chế độ thành: {0}
PlacementPlus/NONE	Text	 [new]	Không có
PlacementPlus/RANDOM_60_P	Text	 [new]	Ngẫu nhiên 60%
PlacementPlus/RANDOM_70_P	Text	 [new]	Ngẫu nhiên 70%
PlacementPlus/RoofingToolModeMessage	Text	 [new]	Thông báo đổi chế độ của công cụ mái nhà
PlacementPlus/SQUARE	Text	 [new]	Hình vuông
PlacementPlus/TOGGLE	Text	 [new]	Chuyển đổi
PlacementPlus/VERTICAL	Text	 [new]	Dọc
PlacementPlus/WALL	Text	 [new]	Tường
Plant	Text	 [new]	Cây
PlantDesc	Text	 [new]	Cây trồng và hoa màu.
Platforms/epic	Text	 [new]	Epic
Platforms/linux	Text	 [new]	Linux
Platforms/microsoftStore	Text	 [new]	Microsoft Store
Platforms/pc	Text	 [new]	PC
Platforms/playstation	Text	 [new]	PlayStation
Platforms/playstation4	Text	 [new]	PlayStation 4
Platforms/playstation5	Text	 [new]	PlayStation 5
Platforms/steam	Text	 [new]	Steam
Platforms/steamDeck	Text	 [new]	Steam Deck
Platforms/switch	Text	 [new]	Switch
Platforms/switch1	Text	 [new]	Switch
Platforms/switch2	Text	 [new]	Switch 2
Platforms/windows	Text	 [new]	Windows
Platforms/xbox	Text	 [new]	Xbox
Platforms/xboxOne	Text	 [new]	Xbox One
Platforms/xboxSeries	Text	 [new]	Xbox Series
PlaySingleplayer	Text	 	Chơi đơn
PlusOne	Text	 	(+1)
Rarity/Common	Text	 	Thường
Rarity/CommonFemale	Text	 	Thường
Rarity/CommonMale	Text	 	Thường
Rarity/Epic	Text	 	Sử thi
Rarity/EpicFemale	Text	 	Sử thi
Rarity/EpicMale	Text	 	Sử thi
Rarity/Legendary	Text	 	Huyền thoại
Rarity/LegendaryFemale	Text	 	Huyền thoại
Rarity/LegendaryMale	Text	 	Huyền thoại
Rarity/Poor	Text	 	Kẽm
Rarity/PoorFemale	Text	 	Kẽm
Rarity/PoorMale	Text	 	Kẽm
Rarity/Rare	Text	 	Hiếm
Rarity/RareFemale	Text	 	Hiếm
Rarity/RareMale	Text	 	Hiếm
Rarity/Uncommon	Text	 	Khá hiếm
Rarity/UncommonFemale	Text	 	Khá hiếm
Rarity/UncommonMale	Text	 	Khá hiếm
Recipes	Text	Title for recipes of foods. {0} will be replaced with a number indicating the current amount of known recipes	Công thức ({0})
ReinforceButton	Text	 [new]	Gia cố
ReinforceButtonDesc	Text	 	Nhấn để gia cố công cụ, vũ khí và trang bị. Gia cố giúp tăng nhẹ chỉ số của vật phẩm và kéo dài độ bền.
ReinforceButtonTitle	Text	 	Gia cố
RepairButton	Text	 [new]	Sửa chữa
RepairButtonDesc	Text	 	Nhấn để sửa chữa công cụ, vũ khí và trang bị.
RepairButtonTitle	Text	 	Sửa chữa
RichPresence/InBiomeDesert	Text	 	trong Sa mạc Khởi nguyên
RichPresence/InBiomeExcavation	Text	 [new]	Đang khám phá Khu khai quật
RichPresence/InBiomeGreatWall	Text	 	tại Great Wall
RichPresence/InBiomeLarva	Text	 	trong Hang đất sét
RichPresence/InBiomeNature	Text	 	trong Hoang dã Azeos
RichPresence/InBiomeNone	Text	 	ở chốn vô định
RichPresence/InBiomePassage	Text	 	trong Hành lang
RichPresence/InBiomeSea	Text	 	trong Biển chìm
RichPresence/InBiomeSlime	Text	 	trong Lòng đất
RichPresence/InBiomeStone	Text	 	trong Tàn tích bị lãng quên
RichPresence/InGame	Text	 	Đang chơi
RichPresence/InMainMenu	Text	 	Dạng ô menu chính
RichPresence/TaskDying	Text	 	Đang hấp hối
RichPresence/TaskExploring	Text	 	Đang khám phá
RichPresence/TaskFishing	Text	 	Đáng câu ca
RichPresence/TaskIdle	Text	 	Dạng thư giãn
RichPresence/TaskSleeping	Text	 	Dạng ngữ
Roles/Chef	Text	 	Đầu bếp
Roles/ChefDesc	Text	 	Chuyên gia ẩm thực, sẵn sàng nấu ăn cho bất kỳ ai cần.
Roles/Demolitionist	Text	 [new]	Chuyên gia phá hủy
Roles/DemolitionistDesc	Text	 [new]	Tăng sát thương khi dùng vũ khí nổ và lều thuốc
Roles/Explorer	Text	 	Nhà thám hiểm
Roles/ExplorerDesc	Text	 	Lữ khách dày dạn, luôn mang theo vài cây được.
Roles/Fighter	Text	 	Chiến binh
Roles/FighterDesc	Text	 	Chiến binh giỏi phóng than, có sức mạnh để bảo vệ đồng đội.
Roles/Fisherman	Text	 	Ngư dân
Roles/FishermanDesc	Text	 	Ngư dân kiên nhẫn, cần cẩu trên tay và mặt đối theo pháo.
Roles/Gardener	Text	 	Người làm vườn
Roles/GardenerDesc	Text	 	Nông dân lão luyện mát tay, luôn háo hức xôi đất.
Roles/Mage	Text	 	Pháp sư
Roles/MageDesc	Text	 	Pháp sư tập sự, điều khiển năng lượng ma thuật để khuất phục kẻ thù.
Roles/Miner	Text	 	Thợ mỏ
Roles/MinerDesc	Text	 	Thơ mở kỳ cựu, am hiểu cách phá tượng hiệu quả.
Roles/Nomad	Text	 	Dân du mục
Roles/NomadDesc	Text	 	Người bình thường không có trang bị ban đầu nhưng đầy ắp tiềm năng.
Roles/Ranger	Text	 	Xạ thủ
Roles/RangerDesc	Text	 	Chiến binh nhanh nhẹn với đôi mắt tinh tường, được rèn luyện để hạ địch từ xa.
Roles/Warlock	Text	 	Thuật sĩ
Roles/WarlockDesc	Text	 	Thuật sĩ lão luyện, triệu hồi tay sai bóng tối để vây hãm và làm rối loạn kẻ thù.
SahabarAcronym	Text	 [new]	S.A.H.A.B.A.R.
SahabarBossName	Text	 [new]	Sahabar
SahabarProphetName	Text	 [new]	Nhà tiên tri Sahabar
SalvageButton	Text	 [new]	Tái chế
SalvageButtonDesc	Text	 	Tháo dỡ công cụ, vũ khí và trang bị để nhận phế liệu và lấy lại một phần nguyên liệu chế tạo. Vật phẩm do bên càng thấp trả lại càng ít nguyên liệu.
SalvageButtonTitle	Text	 	Tháo dỡ
Salvaging	Text	Shown as title in the salvage and repair UI	Đang tháo dỡ
ScanWorld	Text	 	Quét thế giới
SceneBuilder-General/ErrorFormat	Text	 [new]	Lời: {0}
SceneBuilder-General/FirstPointSet	Text	 [new]	Điểm thứ nhất đã được đặt
SceneBuilder-General/SavedAs	Text	 [new]	Đã lưu thành {0}
SceneBuilder-General/SecondPointSet	Text	 [new]	Điểm thứ hai đã được đặt
SceneBuilder-LootToolUI/Apply	Text	 [new]	Áp dụng
SceneBuilder-LootToolUI/EnterDropLootTable	Text	 [new]	Nhập tên bằng rớt vật phẩm
SceneBuilder-LootToolUI/EnterInventoryLootTable	Text	 [new]	Nhập tên bằng vật phẩm túi đồ
SceneBuilder-LootToolUI/ErrorUnknownLootTable	Text	 [new]	Không tồn tại bằng vật phẩm nào như vậy
SceneBuilder-LootToolUI/Title	Text	 [new]	Công cụ Loot
SceneBuilder-SaveToolUI/Dimensions	Text	 [new]	Kích thước
SceneBuilder-SaveToolUI/ErrorAreaTooBig	Text	 [new]	Vùng chọn quả lớn
SceneBuilder-SaveToolUI/ErrorNoName	Text	 [new]	Chưa nhập tên
SceneBuilder-SaveToolUI/ErrorTooFarAway	Text	 [new]	Vùng chọn quá xa người chơi
SceneBuilder-SaveToolUI/Title	Text	 [new]	Công cụ Lưu
Seasons/Anniversary	Text	 	Kỷ niệm
Seasons/CherryBlossom	Text	 	Hoa anh đào
Seasons/Christmas	Text	 	Giáng sinh
Seasons/Easter	Text	 	Phục sinh
Seasons/Halloween	Text	 	Halloween
Seasons/LunarNewYear	Text	 	Tết Nguyên Đán
Seasons/None	Text	 	Không có
Seasons/Valentine	Text	 	Valentine
SeedExtraction	Text	 [new]	Tách hạt
SeedExtractionDesc	Text	 [new]	Tách hạt từ các loại cây trồng.
ShortCutPC	Text	 [new]	Phím tắt (PC)
ShortCutPlaystation	Text	 [new]	Phím tắt (PlayStation)
ShortCutSwitch	Text	 [new]	Phím tắt (Switch)
ShortCutXbox	Text	 [new]	Phím tắt (Xbox)
Simple	Text	 	Đơn giản
SkillIncrease/Cooking	Text	 	+ {0} nấu ăn
SkillIncrease/Crafting	Text	 	+ {0} chế tạo
SkillIncrease/Explosives	Text	 [new]	Tăng cấp kỹ năng Chất nổ
SkillIncrease/Fishing	Text	 	+ {0} câu cá
SkillIncrease/Gardening	Text	 	+ {0} trồng trọt
SkillIncrease/Magic	Text	 	+ {0} phép thuật
SkillIncrease/Melee	Text	 	+ {0} cận chiến
SkillIncrease/Mining	Text	 	+ {0} khai khoáng
SkillIncrease/Range	Text	 	+ {0} đánh xã
SkillIncrease/Running	Text	 	+ {0} chạy
SkillIncrease/Summoning	Text	 	+ {0} triệu hồi
SkillIncrease/Vitality	Text	 	+ {0} sinh lực
SkillTalents/ArmorIncreaseFromMovementSpeed	Text	 	Phá vỡ rào cản
SkillTalents/BonusDamageOnCrit	Text	 	Cưỡng nợ bị thuật
SkillTalents/ChanceForExtraOre	Text	 	Thợ mỏ tỉ mỉ
SkillTalents/ChanceForRandomLootFromWall	Text	 	Nhà khảo cổ
SkillTalents/ChanceOnMeleeHitToIncreaseRangeDamage	Text	 	Lùi một bước
SkillTalents/ChanceOnRangeHitToIncreaseMeleeDamage	Text	 	Xong lên
SkillTalents/ChanceToApplyPoison	Text	 	Vũ khí tâm độc
SkillTalents/ChanceToApplySlimeOnRangeHit	Text	 	Đàn nhảy nhựa
SkillTalents/ChanceToDropExplosiveComponents	Text	 [new]	Có cơ hội rớt linh kiện chất nổ
SkillTalents/ChanceToGainHigherRarityCookedFood	Text	 	Đầu bếp bậc thầy
SkillTalents/ChanceToGainHigherRarityPlants	Text	 	Người làm vườn lão luyện
SkillTalents/ChanceToNotConsumeExplosives	Text	 [new]	Có cơ hội không tiêu hao chất nổ
SkillTalents/ChanceToNotDieOnLethalHit	Text	 	Lửa thần chết
SkillTalents/ChanceToPreserveBait	Text	 	Mỗi đài
SkillTalents/ChanceToRestoreHealthOnMeleeHit	Text	 	Lưới gươm khát máu
SkillTalents/ChanceToSpawnNapalmOnExplosion	Text	 [new]	Có cơ hội tạo napalm khi phát nổ
SkillTalents/ChanceToStunOnRangeHit	Text	 	Phát ban choàng
SkillTalents/CostReductionAtAnvil	Text	 	Thợ rèn
SkillTalents/CritChance	Text	 	Chân nhân
SkillTalents/CriticalDamageMultiplier	Text	 	Chính xác khuếch đại
SkillTalents/CriticalHitMultiplier	Text	 	Vũ khí gai góc
SkillTalents/DamageIncreaseAgainstBosses	Text	 	Sức mạnh Cố Nhân
SkillTalents/DamageIncreaseAgainstPoisoned	Text	 	Đọc được cực mạnh
SkillTalents/DamageIncreaseAtLowerHealth	Text	 	Chiến binh liều lĩnh
SkillTalents/DamageIncreaseAtMaxHealth	Text	 	Khoẻ mảnh tráng kiện
SkillTalents/DodgeChanceIncrease	Text	 	Thuốc lỏng chiêu thức
SkillTalents/DodgeIncreaseWhileStandingStill	Text	 	Thể đứng vững vàng
SkillTalents/DrainLessHunger	Text	 	Sức bền dẻo dai
SkillTalents/EquipmentDurabilityLastsLonger	Text	 	Trang bị chất lượng cao
SkillTalents/ExplosivesImprovement	Text	 	Kỹ sư thuốc nổ
SkillTalents/ExtraItemChanceAtAlchemyTable	Text	 	Nhà giả kim
SkillTalents/ExtraItemChanceAtBaseBuilding	Text	 	Thợ xây căn cứ
SkillTalents/ExtraItemChanceAtRailsWiresAndBelts	Text	 	Chuyên gia công nghiệp
SkillTalents/FishBitesFaster	Text	 	Mỗi câu cải tiến
SkillTalents/FishChanceIncrease	Text	 	Vận may ngư dân
SkillTalents/FishStartsCloserToBeReeledIn	Text	 	Lợi thế cần thu
SkillTalents/FishingAsRangeDamage	Text	 	Tay ngắm thuần thục
SkillTalents/FoodBuffsLastLonger	Text	 	Thức ăn no lâu
SkillTalents/GainDurabilityOnOreWall	Text	 	Hợp kim tự phục hồi
SkillTalents/GainHungerFromHarvesting	Text	 	Nó còn mát
SkillTalents/GainManaFromExplosionDamage	Text	 [new]	Tầng mana khi gây sát thương bằng vụ nổ
SkillTalents/GainMoreFood	Text	 	Ăn rau vào nhẹ!
SkillTalents/GainMoreFoodFromCookedFood	Text	 	Tận dụng từng dưỡng chất
SkillTalents/GuaranteedRangeCritsChance	Text	 	Phát hiện điểm yếu
SkillTalents/HealingEffectivenessIncrease	Text	 	Hồi phục mạnh mẽ
SkillTalents/HealingPotionAddHealOverTime	Text	 	Thuốc ngâm lâu
SkillTalents/HealthRegenIncreaseBelowHalfHealth	Text	 	Sóng sốt đến cùng
SkillTalents/ImprovedWaterCan	Text	 	Bình tuổi không đầy
SkillTalents/IncreaseAttackSpeedFromCookedFood	Text	 	Đồ án nhanh
SkillTalents/IncreaseAttackSpeedOnNextThreeAttacksChance	Text	 	Nhanh và nguy hiểm
SkillTalents/IncreaseDamageForAllNearbyAllies	Text	 	Mùi thức ăn
SkillTalents/IncreaseDamageWhenEatingFish	Text	 	Sức mạnh Omega-3!
SkillTalents/IncreasedArmorAtLowHealth	Text	 	Không thể gục ngã
SkillTalents/IncreasedBurningDamage	Text	 [new]	Tăng sát thương Lửa cháy
SkillTalents/IncreasedExplosiveRadius	Text	 [new]	Tặng bán kính vụ nổ
SkillTalents/KnockbackChance	Text	 	Đòn vững nâng tay
SkillTalents/MagicBarrierAsDamage	Text	 	Công là thứ
SkillTalents/MagicBarrierAsManaRegeneration	Text	 	Truyền dẫn bí thuật
SkillTalents/MagicBarrierDelayReduction	Text	 	Trụ vững như bàn thạch
SkillTalents/MagicDamagaAsMinionDamage	Text	 	Phép thuật lan tỏa
SkillTalents/ManaOnCrit	Text	 [new]	Tầng mana khi chí mạng
SkillTalents/ManaPercentageOnCrit	Text	 	Dẫn truyện mana
SkillTalents/ManaRegenDelayReduction	Text	 	Nguồn mana sau thấm
SkillTalents/MaxHealthIncreaseFromAllSkillPoints	Text	 	Đất cấp tối đa!
SkillTalents/MeleeAttackSpeed	Text	 	Đòn đánh thần tốc
SkillTalents/MeleeDamageIncreaseOnHittingSameTarget	Text	 	Chiến binh li lõm
SkillTalents/MeleeDamageOnExplosionKill	Text	 [new]	Tăng sát thương cận chiến khi tiêu diệt bằng chất nổ
SkillTalents/MiningDamageAsMeleeDamage	Text	 	Sức mạnh thợ mỏ
SkillTalents/MiningDamagePercentage	Text	 	Khái quát hiệu quả
SkillTalents/MiningSpeedIncrease	Text	 	Đạo, đạo, đạo!
SkillTalents/MinionAttackSpeed	Text	 	Sinh vật hung tợn
SkillTalents/MinionCountAsMagicBarrier	Text	 	Băng nhóm rắn rơi
SkillTalents/MinionCountAsMagicDamage	Text	 	Sức mạnh tập thể
SkillTalents/MinionCritChance	Text	 	Hiệu lệnh chỉ mạng
SkillTalents/MinionDespawnHealsPlayer	Text	 	Ký sinh thể thân
SkillTalents/MinionLifespan	Text	 	Lưu luyến trần gian
SkillTalents/MovementIncreaseAfterConsistentRunning	Text	 	Phải chạy thật nhanh!
SkillTalents/MovementIncreaseAfterDodge	Text	 	Luôn sẵn sàng
SkillTalents/MovementIncreaseAfterMining	Text	 	Đào xong là chạy!
SkillTalents/NearbyAlliesGainHealingFromCookedFood	Text	 	Chia sẻ là quan tâm
SkillTalents/NearbyEnemiesSlowedDown	Text	 	Khi chất dễ nén
SkillTalents/PlayerAttackSpeedPerMinion	Text	 	Đồng là mạnh
SkillTalents/PolishedItemChanceAtJewelryTable	Text	 	Thợ kim hoàn
SkillTalents/RangeAttackSpeed	Text	 	Bán liên hồi
SkillTalents/ReducedDamageFromExplosions	Text	 [new]	Giám sát thương từ vụ nổ
SkillTalents/ReducedDamageTakenFromBosses	Text	 	Sự che chở của Cố Nhân
SkillTalents/ReducedImpactOfSlipperyMovement	Text	 	Bước chân vững chãi
SkillTalents/RemainingManaAsDamage	Text	 	Nắp đầy năng lượng
SkillTalents/RodRangeIncrease	Text	 	Chuyên gia quang cần
SkillTalents/SeedFromPlantChanceIncrease	Text	 	Người làm vườn biết ơn
SkillTalents/SnareTimeReduction	Text	 	Bậc thầy đào thoát
SkillTalents/StackingDamageWhileRunning	Text	 	Giữ nhịp
SkillTalents/StackingMeleeDamage	Text	 	Nuôi con gián
SkillTalents/StackingRangeDamage	Text	 	Giữ đà
SkillTalents/StandingStillIncreaseRangeDamage	Text	 	Tập trung ngắm bắn
SkillTalents/StrongerWellFedBuffs	Text	 	Chế độ ăn lành mạnh
SkillTalents/ThornsDamageIncrease	Text	 	Da gai gốc
SkillTalents/ToolDurabilityLastsLonger	Text	 	Dùng đồ nghề, dùng tay người
SkillTalents/VisibleOreDistance	Text	 	Nhìn xuyên đêm tối
SkillTalents/WellFedBuffsThresholdReduction	Text	 	Không kén chọn
Skills/Cooking	Text	 	Nấu ăn
Skills/CookingDesc	Text	 	Lấy món ăn da nâu từ nơi sẽ tăng cơ hội nhận thêm món ăn.
Skills/CookingPerk	Text	 	+{0} kỹ năng Nấu ăn
Skills/Crafting	Text	 	Chế tạo
Skills/CraftingDesc	Text	 	Chế tạo vật phẩm giúp tăng độ bền thế chất của bạn.
Skills/CraftingPerk	Text	 	+{0} kỹ năng Chế tạo
Skills/Explosives	Text	 [new]	Chất nổ
Skills/ExplosivesDesc	Text	 [new]	Kỹ năng sử dụng chất nổ và vũ khí nổ
Skills/ExplosivesPerk	Text	 [new]	Mở khóa kỹ năng Chất nổ
Skills/Fishing	Text	 	Câu cá
Skills/FishingDesc	Text	 	Câu cá hoặc vớt kho báu từ dưới nước lên sẽ tăng kỹ năng câu cá của bạn.
Skills/FishingPerk	Text	 	+{0} kỹ năng Câu cá
Skills/Gardening	Text	 	Trồng trọt
Skills/GardeningDesc	Text	 	Thu hoạch cây trồng giúp bạn mát tay hơn, cho phép nhận thêm cây trồng.
Skills/GardeningPerk	Text	 	+{0} kỹ năng Trồng trọt
Skills/Magic	Text	 	Phép thuật
Skills/MagicDesc	Text	 	Tấn công bằng vũ khí phép giúp tăng sát thương phép của bạn.
Skills/MagicPerk	Text	 	+{0} kỹ năng Phép thuật
Skills/Melee	Text	 	Cận chiến
Skills/MeleeDesc	Text	 	Đánh cận chiến giúp tăng sức mạnh của bạn.
Skills/MeleePerk	Text	 	+{0} kỹ năng Cận chiến
Skills/Mining	Text	 	Khai khoáng
Skills/MiningDesc	Text	 	Đạo tượng giúp tăng sát thương khai khoáng của bạn.
Skills/MiningPerk	Text	 	+{0} kỹ năng Khai khoáng
Skills/Range	Text	 	Đánh xa
Skills/RangeDesc	Text	 	Bắn bằng vũ khí đánh xa giúp tăng hỏa lực của bạn.
Skills/RangePerk	Text	 	+{0} kỹ năng Đánh xa
Skills/Running	Text	 	Cháy
Skills/RunningDesc	Text	 	Chạy giúp tăng tốc độ di chuyển của bạn.
Skills/RunningPerk	Text	 	+{0} kỹ năng Chạy
Skills/Summoning	Text	 	Triệu hồi
Skills/SummoningDesc	Text	 	Tay sai được triệu hồi tấn công sẽ tăng sát thương tay sai của bạn.
Skills/SummoningPerk	Text	 	+{0} kỹ năng Triệu hồi
Skills/Vitality	Text	 	Sinh lực
Skills/VitalityDesc	Text	 	Đánh bại kẻ địch giúp bạn cung cấp hơn và tăng máu tối đa.
Skills/VitalityPerk	Text	 	+{0} kỹ năng Sinh lực
Souls/SoulDesc1	Text	 	Linh hồn Azeos ban cho bạn sức mạnh sấm sét cổ xưa.
Souls/SoulDesc2	Text	 	Linh hồn Omoroth ban cho bạn sức mạnh của biển sâu.
Souls/SoulDesc3	Text	 	Linh hồn Ra-Akar ban cho bạn sức mạnh cổ xưa của sa mạc.
Souls/SoulDesc4	Text	 	Linh hồn Druidra truyền cho bạn sinh lực bền bỉ của những khu rừng cổ xưa.
Souls/SoulDesc5	Text	 	Lính hồn Crydra bao bọc bắn trong vòng tay cho che của đại dương sâu thẳm.
Souls/SoulDesc6	Text	 	Linh hồn Pyrdra thắp lên trong bàn còn cưỡng nó bất khuất của đá nóng chảy.
Souls/SoulTitle1	Text	 	Soul of Azeos
Souls/SoulTitle2	Text	 	Soul of Omoroth
Souls/SoulTitle3	Text	 	Soul of Ra-Akar
Souls/SoulTitle4	Text	 	Soul of Druidra
Souls/SoulTitle5	Text	 	Soul of Crydra
Souls/SoulTitle6	Text	 	Soul of Pyrdra
StartOnlineGame	Text	 	Bắt đầu game trực tuyến
Stats/Adventure	Text	 	Phiêu lưu
Stats/Defense	Text	 	Phòng thủ
Stats/Health	Text	 	Mẫu
Stats/MagicBarrier	Text	 	Khiển phép
Stats/Mana	Text	 	Mana
Stats/Minions	Text	 	Tay sai
Stats/Offense	Text	 	Tấn công
SteamCommunity/Badge1	Text	 [new]	Huy hiệu 1
SteamCommunity/Badge2	Text	 [new]	Huy hiệu 2
SteamCommunity/Badge3	Text	 [new]	Huy hiệu 3
SteamCommunity/Badge4	Text	 [new]	Huy hiệu 4
SteamCommunity/Badge5	Text	 [new]	Huy hiệu 5
SteamCommunity/BadgeFoil	Text	 [new]	Huy hiệu đặc biệt
SteamCommunity/ProfileBackgroundConceptArt	Text	 [new]	Hình nền hoa - Concept Art
SteamCommunity/ProfileBackgroundEarlyAccess	Text	 [new]	Hình nền hoa - Early Access
SteamCommunity/ProfileBackgroundMainGameArt	Text	 [new]	Hình nền hoa - Tranh chính
SteamCommunity/TradingCardAmberBoulder	Text	 [new]	Thể giao dịch - Tản Đà Hổ Phách
SteamCommunity/TradingCardAncientGiant	Text	 [new]	Thẻ giao dịch - Người khổng lồ cổ đại
SteamCommunity/TradingCardAutomation	Text	 [new]	Thẻ giao dịch - Tự động hóa
SteamCommunity/TradingCardCavelings	Text	 [new]	Thẻ giao dịch - Cavelings
SteamCommunity/TradingCardExploration	Text	 [new]	Thẻ giao dịch - Khám phá
SteamCommunity/TradingCardHomebase	Text	 [new]	Thẻ giao dịch - Căn cứ
SteamCommunity/TradingCardMerchant	Text	 [new]	Thẻ giao dịch - Thương nhân
SteamCommunity/TradingCardRailroads	Text	 [new]	Thẻ giao dịch - Đường ray
SteamWorkshop/CatAccessType	Text	 [new]	Kiểu truy cập
SteamWorkshop/CatApplicationType	Text	 [new]	Kiểu ứng dụng
SteamWorkshop/CatCategory	Text	 [new]	Danh mục
SteamWorkshop/CatVersion	Text	 [new]	Phiên bản
SteamWorkshop/TagAsset	Text	 [new]	Tài sản
SteamWorkshop/TagAudio	Text	 [new]	Âm thanh
SteamWorkshop/TagClient	Text	 [new]	Client
SteamWorkshop/TagItem	Text	 [new]	Vật phẩm
SteamWorkshop/TagLibrary	Text	 [new]	Thư viện
SteamWorkshop/TagMap	Text	 [new]	Bản đồ
SteamWorkshop/TagOther	Text	 [new]	Khác
SteamWorkshop/TagOverhaul	Text	 [new]	Thay đổi lớn
SteamWorkshop/TagQualityOfLife	Text	 [new]	Tiền nghi
SteamWorkshop/TagScript	Text	 [new]	Script
SteamWorkshop/TagScriptElevated	Text	 [new]	Script (quyền cáo)
SteamWorkshop/TagServer	Text	 [new]	Server
SteamWorkshop/TagVisual	Text	 [new]	Hình ảnh
SteamWorkshop/WorkshopInfo	Text	 [new]	Thông tin Workshop
SteamWorkshop/WorkshopInfoTitle	Text	 [new]	Steam Workshop
StreamIntegration/BilibiliConnectDesc	Text	 [new]	Kết nối tài khoản Bilibili để bắt đầu tương tác với buổi phát trực tiếp.
StreamIntegration/BilibiliIdentityCodeDesc	Text	 [new]	Mã định danh để liên kết buổi phát trực tiếp của bạn.
StreamIntegration/BilibiliStreamInteractionInformation	Text	 [new]	Thông tin tương tác phiên phát trực tiếp
StreamIntegration/CommandKillAllEnemies	Text	 [new]	Lệnh tương tác: Tiêu diệt tất cả kẻ địch
StreamIntegration/CommandRestoreHealth	Text	 [new]	Lệnh tương tác: Hồi phục toàn bộ mẫu
StreamIntegration/CommandSubscribe	Text	 [new]	Lệnh tương tác: Đăng ký theo dõi kênh
StreamIntegration/CommandSuperman	Text	 [new]	Lệnh tương tác: Bắt chế độ siêu nhân
StreamIntegration/ConnectToBilibiliFailedDesc	Text	 [new]	Không thể kết nối với Bilibili
StreamIntegration/ConnectToBilibiliSuccessDesc	Text	 [new]	Đã kết nối thành công với Bilibili
StreamIntegration/DanmuCommandBomb	Text	 [new]	Lệnh Danmu: Ném bom
StreamIntegration/DanmuCommandBuff	Text	 [new]	Lệnh Danmu: Nhận hiệu ứng tăng cường
StreamIntegration/DanmuCommandDebuff	Text	 [new]	Lệnh Danmu: Nhận hiệu ứng bất lợi
StreamIntegration/DanmuCommandSummon	Text	 [new]	Lệnh Danmu: Triệu hồi sinh vật
StreamIntegration/GiftCommandBomb	Text	 [new]	Lệnh quà tặng: Ném bom
StreamIntegration/GiftCommandBuff	Text	 [new]	Lệnh quà tặng: Nhận hiệu ứng tăng cường
StreamIntegration/GiftCommandDebuff	Text	 [new]	Lệnh quà tặng: Nhận hiệu ứng bất lợi
StreamIntegration/GiftCommandSummon	Text	 [new]	Lệnh quà tặng: Triệu hồi sinh vật
StreamIntegration/GiftQueueDesc	Text	 [new]	Hàng đợi quà tặng sẽ được xử lý theo thứ tự
StreamIntegration/InteractionStreamDisconnectedDesc	Text	 [new]	Lượng phạt trực tiếp đã bị ngắt kết nối
StreamIntegration/StreamInteractionActiveDesc	Text	 [new]	Tương tác phát trực tiếp đang hoạt động.
StreamIntegration/StreamInteractionNotActivatedByHost	Text	 [new]	Tương tác phát trực tiếp chưa được máy chủ kích hoạt.
StreamIntegration/StreamInteractionPausedDesc	Text	 [new]	Tương tác phát trực tiếp đã được tạm dừng.
StreamIntegration/StreamerLeavingSafeZoneDesc	Text	 [new]	Streamer đang rời khỏi vùng an toàn
StreamIntegration/StreamerSafeZoneDesc	Text	 [new]	Streamer đang ở trong vùng an toàn
SummonEntity	Text	 	Triệu hồi thực thể
SwapHotbarShortCutPC	Text	 [new]	Phím đổi thanh công cụ (PC)
SwapHotbarShortCutPlaystation	Text	 [new]	Phím đổi thanh công cụ (PlayStation)
SwapHotbarShortCutSwitch	Text	 [new]	Phím đổi thanh công cụ (Switch)
SwapHotbarShortCutXbox	Text	 [new]	Phím đổi thanh công cụ (Xbox)
SwapNextHotbarPC	Text	 [new]	Chuyển sang ô kế tiếp trên thanh công cụ (PC)
SwapNextHotbarPlaystation	Text	 [new]	Chuyển sang ô kế tiếp trên thanh công cụ (PlayStation)
SwapNextHotbarSwitch	Text	 [new]	Chuyển sang ô kế tiếp trên thanh công cụ (Switch)
SwapNextHotbarXbox	Text	 [new]	Chuyển sang ô kế tiếp trên thanh công cụ (Xbox)
SwapPreviousHotbarPC	Text	 [new]	Chuyển về ô trước trên thanh công cụ (PC)
SwapPreviousHotbarPlaystation	Text	 [new]	Chuyển về ô trước trên thanh công cụ (PlayStation)
SwapPreviousHotbarSwitch	Text	 [new]	Chuyển về ô trước trên thanh công cụ (Switch)
SwapPreviousHotbarXbox	Text	 [new]	Chuyển về ô trước trên thanh công cụ (Xbox)
TeleportToCore	Text	 	Dịch chuyển đến Lợi
TheCore/ActivationSentence1	Text	 	Người đã đánh thức ta...
TheCore/ActivationSentence10	Text	 	Đổi lại, người sẽ có thể trở về nơi những người khác đã rời đi.
TheCore/ActivationSentence11	Text	 	Bằng quyền năng ta ban cho người lúc này, Bức Tường Vĩ Đại sẽ mở ra khi người đặt tay lên nó.
TheCore/ActivationSentence2	Text	 	Ta chưa từng thấy sinh vật nào như người.
TheCore/ActivationSentence3	Text	 	Nơi đây từng có một nền văn minh hưng thịnh, nhưng dường như tất cả đã lụi tàn.
TheCore/ActivationSentence4	Text	 	Hắn đã ngủ say suốt hàng thiên niên kỷ.
TheCore/ActivationSentence5	Text	 	Ta tự hỏi...
TheCore/ActivationSentence6	Text	 	Ta phải nhờ người một việc.
TheCore/ActivationSentence7	Text	 	Hãy tìm những titan cổ xưa vẫn còn lang thang bên kia Bức Tường Vĩ Đại.
TheCore/ActivationSentence8	Text	 	Tiêu diệt chúng và thu thập linh hồn của chúng.
TheCore/ActivationSentence9	Text	 	Với năng lượng của chúng, ta có thể khôi phục những gì đã từng tồn tại.
TheCore/CoreBossIntroSentence1	Text	 	Thế giới của ta... từ lâu đã bị xóa sổ.
TheCore/CoreBossIntroSentence2	Text	 	Giữa muôn vàn thế giới, ta đã tìm thấy nơi này.
TheCore/CoreBossIntroSentence3	Text	 	Đã có những sai lầm...
TheCore/CoreBossIntroSentence4	Text	 	Nhờ có người, rốt cuộc mọi sự đã hoàn thành.
TheCore/CoreBossIntroSentence5	Text	 	Nhưng trong xã hội vừa hồi sinh của ta, chẳng còn chỗ cho người.
TheCore/CoreBossOutroSentence1	Text	 	Lại một thế giới... đã chối bỏ ta.
TheCore/CoreBossOutroSentence2	Text	 	Hay... đó là nhờ sự đoàn kết của cư dân nơi này?
TheCore/CoreBossPhaseSentence1	Text	 	Chính sức mạnh của người là lý do người phải diệt vong!
TheCore/CoreCoreBossDesertHint1	Text	 	...hãy đến với ta... sa mạc xa xôi về phía {0}...
TheCore/CoreCoreBossDesertHint2	Text	 	...hãy tìm ta nơi khởi nguyên của thế giới này...
TheCore/CoreCoreBossSentence1	Text	 	Người đã đạt được điều tưởng chừng bất khả.
TheCore/CoreCoreBossSentence2	Text	 	Chỉ có tinh thần đồng lòng mới chế ngự được những quyền năng như vậy.
TheCore/CoreCoreBossSentence3	Text	 	Với chúng, rốt cuộc ta có thể khôi phục những gì từng tồn tại.
TheCore/CoreCoreBossSentence4	Text	 	Hãy đến với ta, nơi ta từng bén rễ vào thế giới này.
TheCore/CoreCoreBossSentence5	Text	 	Công cụ này... nó đã hoàn thành sứ mệnh của mình.
TheCore/CoreFinalSpeechSentence1	Text	 	Đã đánh thức toàn bộ hệ thống...
TheCore/CoreFinalSpeechSentence2	Text	 	Từng có một sự hiện diện. Giờ nó đã rời đi.
TheCore/CoreFinalSpeechSentence4	Text	 	Lòng biết ơn sâu sắc nhất của ta.
TheCore/CoreFinalSpeechSentence5	Text	 	Với nỗ lực chung của chúng ta, ta sẽ đưa người trở về nơi người đã rời đi.
TheCore/CoreFinalSpeechSentence7	Text	 	Nó đã rơi xuống. Ta đã tìm thấy nó.
TheCore/CoreFinalSpeechSentence8	Text	 	Nếu có ngày người tìm được đường trở lại chốn này, hãy cùng nhau trở thành nguồn sáng rực rỡ.
TheCore/CoreFinalSpeechSentence9	Text	 	Tạm biệt, hội lữ khách kỳ lạ...
TheCore/GiantCiacadaSentence1	Text	 [new]	Một con Ve sầu khổng lồ đã thức giấc sau nhiều năm yên nghỉ.
TheCore/GiantCiacadaSentence2	Text	 [new]	Tiếng kêu của nó có thể đánh thức những cơn nguy hiểm khác.
TheCore/GiantCicadaHint1	Text	 [new]	Ve sầu khổng lồ tấn công các công trình của bạn. Hãy bảo vệ chúng.
TheCore/GiantCicadaHint2	Text	 [new]	Khi Ve sầu khổng lồ bị choáng, hãy tận dụng cơ hội đó.
TheCore/GiantCicadaHint3	Text	 [new]	Ve sầu còn có thể bị thu hút bởi âm thanh.
TheCore/GiantCicadaHint4	Text	 [new]	Vũ khí có sát thương lớn có thể phá vỡ lớp vỏ cứng của nó.
TheCore/GiantCicadaHint5	Text	 [new]	Hãy chuẩn bị công cụ trước khi đối mặt với Ve sầu khổng lồ.
TheCore/NextSoulUnderDevelopment	Text	The core will say this line when player has defeated all souls bosses while there still are more bosses being developed during early access.	Linh hồn tiếp theo vẫn đang được những người kiến tạo thế giới này nhào nặn.
TheCore/RobotBossHint1	Text	 [new]	Robot boss được kích hoạt bởi các bảng điều khiển trên bệ cao.
TheCore/RobotBossHint2	Text	 [new]	Robot boss có các điểm yếu ở các bộ phận cơ thể bị phá hủy.
TheCore/RobotBossHint3	Text	 [new]	Hệ thống điện của robot boss có thể bị quá tải.
TheCore/RobotBossHint4	Text	 [new]	Hãy thu thập vật liệu trước khi đối mặt với robot boss.
TheCore/RobotBossSentence1	Text	 [new]	Một con robot khổng lồ đã thức giấc để bảo vệ khu vực của nó.
TheCore/RobotBossSentence2	Text	 [new]	Nếu bạn muốn thu thập năng lượng của nó, hãy sẵn sàng chiến đấu.
TheCore/SoulOfBirdBossHint1	Text	{0} will be replaced with the direction of the nature biome such as 'north east' or 'south'	Vùng hoang dã trù phú nơi Azeos ngự trị nằm về phía {0} từ đây.
TheCore/SoulOfBirdBossHint2	Text	 	Azeos ưa thích những món đồ sáng bóng lấp lánh.
TheCore/SoulOfHydraBossDesertHint1	Text	 	Một sinh vật khổng lồ ẩn mình dưới lớp cát sâu của vùng hoang mạc khô cằn về phía {0}.
TheCore/SoulOfHydraBossDesertHint2	Text	 	Kẻ thù của Ra-Akar, được triệu hồi bởi một khúc ca cổ xưa.
TheCore/SoulOfHydraBossNatureHint1	Text	 	Một sinh vật khổng lồ ẩn mình trong lùm cây rậm rạp của khu rừng cổ xưa về phía {0}.
TheCore/SoulOfHydraBossNatureHint2	Text	 	Kẻ thù của Azeos, được triệu hồi bởi một khúc ca cổ xưa.
TheCore/SoulOfHydraBossSeaHint1	Text	 	Một sinh vật khổng lồ ẩn mình dưới làn nước lạnh giá của đại dương sâu thẳm về phía {0}.
TheCore/SoulOfHydraBossSeaHint2	Text	 	Kẻ thù của Omoroth, được triệu hồi bởi một khúc ca cổ xưa.
TheCore/SoulOfOctopusBossHint1	Text	 	Biển chìm nơi Omoroth trú ngụ nằm về phía {0} từ đây.
TheCore/SoulOfOctopusBossHint2	Text	 	Omoroth chỉ trồi lên từ vực sâu khi có mồi nhử đủ hấp dẫn với nó.
TheCore/SoulOfScarabBossHint1	Text	 	Sa mạc Khởi nguyên nơi Ra-Akar trú ngụ nằm về phía {0} từ đây.
TheCore/SoulOfScarabBossHint2	Text	 	Ra-Akar ngủ sâu trong cát và chỉ trồi lên khi bị kẻ xâm nhập quấy rầy.
TheCore/TalkToTheCore	Text	 [new]	Nói chuyện với Lõi (The Core)
TheCore/TheGreatWallHint1	Text	 	Người phải đi thật xa đến Bức Tường Vĩ Đại và đặt tay lên đó để mở nó ra.
TheCore/TheGreatWallHint2	Text	 	Các titan ở bên kia Bức Tường Vĩ Đại.
TheCore/finalSpeechString	Text	 [new]	Bạn đã đi đến cuối hành trình. Lõi (The Core) cảm ơn bạn đã bảo vệ nó.
ToggleFiltering	Text	 [new]	Bật/tắt bộ lọc
ToggleFilteringDesc	Text	 [new]	Chuyển đổi giữa các chế độ bộ lọc vật phẩm
TotalItemLevel	Text	 	Tổng cấp vật phẩm: {0}
TurnOffSeasons	Text	 	Tật mưa
WeaponSecondary/ArcSlash	Text	 	Chèm Rồng
WeaponSecondary/BatMinion	Text	 	Triệu hồi tay sai đội đánh xa.
WeaponSecondary/BigBoomMortar	Text	 [new]	Pháo có Nổ Lớn
WeaponSecondary/BouncingShot	Text	 	Phật Bản Nay
WeaponSecondary/ChargedMultishot	Text	 	Loạt Bạn Mạnh
WeaponSecondary/ChargedShot	Text	 	Phật Bản Mạnh
WeaponSecondary/ChargedThrust	Text	 	Đàm Tích Lục
WeaponSecondary/ExplosiveBolt	Text	 	Dân No
WeaponSecondary/FireMiteMinion	Text	 [new]	Lính Bọ Lửa
WeaponSecondary/ManaSyphonOrb	Text	 [new]	Quả cầu hút mana
WeaponSecondary/MeleeMinion	Text	 	Triệu hồi tay sai bộ xương cận chiến có thể bị kẻ địch nhắm tới.
WeaponSecondary/MinionDamage	Text	 	Sát thương tay sai: {0}
WeaponSecondary/MinionHealth	Text	 	Màu tay sai: {0}
WeaponSecondary/MinionLifespan	Text	 	Thời gian tồn tại tay sai: {0} giây
WeaponSecondary/OrbitingMinion	Text	 	Triệu hồi tay sai sửa bay quanh, gây sát thương khi va chạm.
WeaponSecondary/PickaxeMinion	Text	 [new]	Lính cuốc chim
WeaponSecondary/PiercingShot	Text	 	Phật Bản Xuyên
WeaponSecondary/PoisonMinion	Text	 [new]	Linh Đốc
WeaponSecondary/RadiatingMinion	Text	 [new]	Lính Bức xạ
WeaponSecondary/TrailingCrystals	Text	 	Vết Phá Lê
WeaponSecondary/TrailingSong	Text	 [new]	Khúc nhạc theo sau
WeaponSecondary/WindupThrow	Text	 [new]	Nem men tích cổ
WeaponSpeed	Text	 	{0} đơn mỗi giây
WhitelistObjectFiltering	Text	 [new]	Bộ lọc theo danh sách cho phép
WhitelistObjectFilteringDesc	Text	 [new]	Chỉ hiện thị vật phẩm có trong danh sách cho phép
achievementsDisabled	Text	 [new]	Các thành tựu đã bị tắt do gian lận hoặc sử dụng lệnh gian lận
additionalItemGained	Text	For example' Gained 5 extra mushroom soup!'	Nhận thêm {0} {1}!
additionalSlotsPouchStat	Text	 [new]	+{0} ở túi
additionalSlotsStat	Text	 	+{0} ở túi đồ
ancientCoins	Text	For example '14 ancient coins'	{0} xù cỏ
anyCommonEdibleObject	Text	Shown on items as a requirement for the material used in crafting	Món ăn nấu chín bất kỳ đồ hiếm Khả hiểm trở xuống
anyRareEdibleObject	Text	Shown on items as a requirement for the material used in crafting	Món ăn nấu chín bất kỳ đồ hiếm Hiếm trở lên
anySandObject	Text	 	Khối cát bất kỳ
areYouSure	Text	 	Hardcore!? Bạn chắc chữ?
audioOptions	Text	 	Cài đặt âm thanh
back	Text	 	Quay lại
backToTitle	Text	 	Thoát về màn hình chính
bagSlot	Text	 	Ở túi
banPlayerDialogue	Text	 	Bạn có muốn cấm người chơi này không?
base	Text	Shown as title in crafting window	Cơ bản
body	Text	Option to choose gender	Thần
bouncingProjectiles	Text	 	Đạn này khi va chạm
buffsOwner	Text	{0} will be replaced with a buff text such as 'Buffs owner with: +5% attack speed'	Cho chủ sở hữu hiệu ứng: {0}
buffsOwnerTitle	Text	 	Cho chủ sở hữu hiệu ứng:
buildings	Text	 	Công trình
buy	Text	 	Mưa
canBeCooked	Text	Shown as a tag in description of items  that can be cooked.	Cơ thể nâu
canBeEquippedInOffhand	Text	 	Có thể trang bị ở tay phụ
canBePainted	Text	 	Có thể sơn
cancelDialogue	Text	 	Huy
cantBanAdmin	Text	 	Bạn không thể cầm quân trị viên.
cantBanYourself	Text	 	Bạn không thể tự cảm mình
cantBeReinforced	Text	 	Không thể gia cố
cantRemoveAdmin	Text	 	Bạn không thể gỡ quyền quản trị của người chơi này.
cantRemoveAdminFromYourself	Text	 	Bạn không thể tự gỡ quyền quản trị của mình.
cattle	Text	 	Vật nuôi
caughtItem	Text	Shown in chat when for example catching an item through fishing where {0} is the name of the item	Bắt được: {0}
changeProfile	Text	 	Đổi hồ sơ
character	Text	 	Nhân vật
characterBackground	Text	As in what type of character such as Miner. Explorer etc.	Xuất thân
cheatDeath	Text	 	Thoát chết trong gang tấc!
chestSlot	Text	Chest as in the breast armor slot	Ở giáp ngực
chestSort	Text	 [new]	Sắp xếp rương
chestSortDesc	Text	 [new]	Sắp xếp vật phẩm trong rương thành hàng.
ck/KeepFarming/Golden	Text	 [new]	Cây vàng
classicWorldBlocked	Text	 	Truy cập không hợp lệ: Không thể vào thế giới cổ điển trong bản miễn phí của game.
click	Text	 	Nhập
clickToActivate	Text	 	Nhập để kích hoạt.
clickToDeactivate	Text	 	Nhập để hủy kích hoạt.
commandMinion	Text	 [new]	Ra lệnh lính
components	Text	 	Linh kiện
confirm	Text	 	Xác nhận
connecting	Text	 	Đảng kết nối...
connectionFailed	Text	 	Kết nối thất bại
continue	Text	 	Tiếp tục
controls	Text	 	Điều khiển
cooking	Text	 	Nấu ăn
copyGameID	Text	 	Sao chép Game ID
crafting	Text	Shown as title in crafting window	Chế tạo
createCharacter	Text	 	Tạo nhân vật
creativeModeOptions	Text	 	Tùy chọn chế độ sáng tạo
crystalSlot	Text	Used as hint when hovering a slot that needs a crystal	Ở pha lê
currentlySaving	Text	 	Đáng lưu...
damage	Text	The damage of an item like a trap or a turret shown when hovering it. for example '19-22 damage'	{0}-{1} sát thương
dateFormat	Text	"{0} = year (number)
{1} = day (number)
{2} = month (word) (please see the 'months' string)

e.g. for english: May 25. 1991"	{2} {1}, {0}
delete	Text	 	Xóa
deleteCharacter	Text	 	Xóa nhân vật
deleteCharactersMenu	Text	 	Menu xóa nhân vật
deleteSaveDatasTitle	Text	 	Xóa tiến trình
developersGallery	Text	 	Bộ sưu tập của nhà phát triển
disableGodMode	Text	 	Tắt chế độ god
disableWorldSimulation	Text	 	Tạm dừng thế giới
discard	Text	 [new]	Vứt bỏ
dodge	Text	This text appears when a character dodges an attack	ne
done	Text	 	Xong
dontShowAgain	Text	 	Không hiện lại
down	Text	 	Đi xuống
dresser	Text	 	Tủ quần áo
dropToWorld	Text	 	Vứt vật phẩm:
durability	Text	For example 'Durability 159/500'	Độ bền: {0}/{1}
durabilityLost	Text	 	Trang bị bị mất một ít độ bền.
durationMin	Text	"Shown at end of buff text with a duration such as '+2 health every sec for 1 min' where
{0} is replaced with  '+2 health every sec' and
{1} is replaced with '1'"	{0} trong {1} phút
durationMinSec	Text	"Shown at end of buff text with a duration such as '+2 health every sec for 1 min 15 sec' where
{0} is replaced with  '+2 health every sec' and
{1} is replaced with '1'
{2} is replaced '15'"	{0} trong {1} phút {2} giấy
durationSec	Text	"Shown at end of buff text with a duration such as '+2 health every sec for 25 sec' where
{0} is replaced with  '+2 health every sec' and
{1} is replaced with '25'"	{0} trong {1} giấy
electrictyIconHoverDesc	Text	Shown when hovering over the electricity icon in buildings that require it	Công trình này cần điện
emptySlot	Text	 	Ở trong
enableGodMode	Text	 	Bật chế độ god
enableWorldSimulation	Text	 	Thế giới đang tạm dừng
enterGameId	Text	 	Nhập Game ID
enterHost	Text	 	Nhập địa chỉ IP máy chủ
enterLabel	Text	 	Nhân...
enterName	Text	Hint shown on text input to enter name	Tên...
enterPort	Text	 	Nhập cổng máy chủ
equipment	Text	 	Trang bị
equipmentPreset1	Text	 	Trang bị 1
equipmentPreset2	Text	 	Trang bị 2
equipmentPreset3	Text	 	Trang bị 3
exit	Text	 	Thoát
experience	Text	{0} will be replaced with the current experience and {1} with the total experience requred to level up	Kinh nghiệm: {0}/{1}
experienceGained	Text	{0} will be replaced with a number indicating the experience gained	+{0} XP
explosiveDamage	Text	 	{0}-{1} sát thương nổ
explosives	Text	 [new]	Chất nổ
eyeColor	Text	Option to choose color of eyes	Màu mắt
filtering	Text	 [new]	Bộ lọc
fishing	Text	 [new]	Câu cá
food	Text	 	Thức ăn
foodFormat	Text	"{0} = food adjective.
{1} = food noun.
{2} = food type
Turns into for example 'Hearty Mushroom Soup' when cooking Heart berries with mushrooms in the cooking pot."	{0} {1} {2}
fullness	Text	For example 'Fullness 159/500'. shown on items like water can	Độ dày: {0}/{1}
gainedItem	Text	Shown in chat when for example gaining a polished version of a ring when crafting where {0} is the name of the item	Nhận được {0}!
gainedSoul	Text	 	Nhận được linh hồn của {0}!
gameMenu	Text	Shown as title when opening the pause menu in game	Menu game
gamepad	Text	 	Tay cầm
gear	Text	As in equipment and tools. should be one word	Đồ nghề
godModeOptionDesc	Text	 	"""Tính năng chế độ god:
- Người chơi đi xuyên vật thể
- Người chơi phá hủy vật thể trong một đòn
- Vật thể bị phá không rơi vật phẩm
- Người chơi đạt vật thể nhanh hơn
- Vật thể không bị tiêu hao khi dùng"""
graphicsAPIOption	Text	{0} will be replaced with the name of the graphics api	Choi Core Keeper bằng {0}
grenades	Text	 [new]	Grenade
habitableIdol	Text	 [new]	Tượng có thể ở
hair	Text	Option to choose hair style	Tộc
hairColor	Text	Option to choose hair color	Màu tóc
hardcoreDeathMessage	Text	 	Bạn đã chết. Nhân vật đã mất vĩnh viễn.
helmSlot	Text	 	Ở mũ
hideCreativeUI	Text	'UI' should also be called 'UI' when translated. as the button space it is shown own should be kept small and short.	Ấn giáo điện Sáng tạo
high	Text	 	Cao
holdToSkip	Text	{0} is replaced with a button/key so for example 'Hold SPACE to skip'. This is used in intro slides of the game.	Giữ {0} để bỏ qua đoạn mở đầu
holdToSkipOutro	Text	 	Giữ {0} để bỏ qua đoạn kết
hydras	Text	 [new]	Hydra
incubator	Text	As in an egg incubator	Lòng ấp
infinity	Text	 	Vô hạn
ingredients	Text	 	Nguyên liệu:
instrumentItem	Text	Shown as a tag text in the description of items that are instruments	Nhạc cụ
itemDescFormat	Text	For example '+3 Torch'	+{0} {1}
joinTheGame	Text	 	Tham gia
keyBackspace	Text	 	BACKSPACE
keyCtrl	Text	 	CTRL
keyE	Text	 	E
keyEnter	Text	 	ENTER
keyEsc	Text	 	ESC
keyItem	Text	Shown on items that are used as a key	Vật phẩm then chốt
keyM	Text	 	M
keyRightCtrl	Text	 	RIGHT CTRL
keyRightShift	Text	 	SHIFT PHẢI
keyShift	Text	 	SHIFT
keySpace	Text	 	SPACE
keyStart	Text	Name of the Start button on the gamepad	START
keyTab	Text	 	Tab
keyboard	Text	 	Bàn phím
lanternSlot	Text	 	Ở đến long
leaveTheGame	Text	 	Rời đi
left	Text	 	Sang trái
legalBlurb	Text	 	© 2021. Core Keeper là thương hiệu hoặc thương hiệu đa dạng ký của Pugstorm AB. Phát hành bởi Fireshine Games.
level	Text	{0} will be replaced with the level number	Cấp: {0}
loading	Text	 	Đăng tải...
low	Text	 	Tháp
magicWeaponDamage	Text	 	{0}-{1} sát thương phép
makeAdmin	Text	 	Bạn có muốn trao quyền quản trị cho người chơi này không?
mana	Text	 	Mana
manaCost	Text	 	Tốn mana: {0}
materials	Text	Used as header when showing required materials in crafting for example	Vật liệu:
maxLevel	Text	{0} will be replaced with the level number	Cấp: {0} (Tối đa)
maximumMapMarkersPlaced	Text	 	Bạn đã đạt số điểm đánh dấu bản đồ tối đa.
medium	Text	 	Trung bình
meleeWeapon	Text	"{0} will be replaced by the content in either magicWeaponDamage or physicalWeaponDamage so end result will for example be:
45-68 magic damage (melee)"	{0} (cận chiến)
menu	Text	 	Menu
menuButtonActivate	Text	 	Kích hoạt
menuButtonBack	Text	 	Quay lại
menuButtonDeactivate	Text	 	Hủy kích hoạt
menuButtonNavigate	Text	 	Di chuyển
menuButtonSelect	Text	 	Chọn
missingScrapParts	Text	 	Thiếu phế liệu
months	Text	"Please give the short form of a month. for each month. andseparate each month by an ASCII space.
The month will be placed into the 'dateFormat' string."	Th1 Th2 Th3 Th4 Th5 Th6 Th7 Th8 Th9 Th10 Th11 Th12
multiplayer	Text	 	Chơi mạng
musicSheetItem	Text	 	Ban nhạc
nativeLang	Text	should not translate 'english' but should show the name of the language itself	Tiếng Việt
necklaceSlot	Text	 	Ở dây chuyền
newGame	Text	 	Game mới
newItem	Text	Shown when a new item is picked up. for example: 'New item: Apple'	Vật phẩm mới: {0}
newTalentPoint	Text	Will for example say 'New talent point available in Fishing!' in the chat window when player unlocks a new talent point	Có điểm thiên phủ mới trong {0}!
nextTalentPoint	Text	Shown as part of talent points hover window showing what the next talent point will give	Bậc tiếp theo:
no	Text	 	Không
noControllerWarning	Text	 	Cảnh báo!\Tay cầm của bạn\đã ngắt kết nối.
noPermissionToBan	Text	 	Bạn không có quyền cấm người chơi.
noPermissionToChangePvPTeam	Text	 	Bạn không có quyền đổi đời PvP của người chơi khác.
noPermissionToGiveAdmin	Text	 	Bạn không có quyền trao quyền quản trị cho người chơi.
noPermissionToRegenerateGameIDPrompt	Text	 	Bạn không có quyền tạo lại Game ID.
noPermissionToRegenerateGameInfoPrompt	Text	 [new]	Không đủ quyền để tạo lại thông tin trận chơi
noPermissionToRegenerateGamePasswordPrompt	Text	 [new]	Không đủ quyền để tạo lại mật khẩu trận chơi
noPermissionToRemoveAdmin	Text	 	Bạn không có quyền gỡ quyền quản trị của người chơi.
noPermissionToUnBan	Text	 	Bạn không có quyền gỡ cấm người chơi.
nonLocalizedPlaceholder	Text	No need to be translated. only exists in localization for devs convenience	{0}
normal	Text	 	Bình thường
numpadMinus	Text	 	NUMPAD -
numpadPlus	Text	 	NUMPAD +
off	Text	"On/Off
If your language doesn't have specific words for on/off. consider yes/no or enabled/disabled.
This will be used with things like 'gamepad vibration: On/Off'"	Tắt
offHandUse	Text	 	Dùng tay phụ: {0}
offhandSlot	Text	 	Ở tay phụ
ok	Text	 	Ok
on	Text	"On/Off setting.
If your language doesn't have specific words for on/off. consider yes/no or enabled/disabled.
This will be used with things like 'gamepad vibration: On/Off'"	Bật
oneTimeEffect	Text	Shown after buff texts on food for example that can only occur one time. should be kept short	(chỉ một lần)
options	Text	 	Cài đặt
oxygen	Text	 	Oxy
pants	Text	Option to choose pants style	Quận
pantsSlot	Text	 	Ở quận
parry	Text	 	do đơn
pauseWorldOptionDesc	Text	 	Tạm dừng thế giới sẽ khiến sinh vật và vật thể ngừng di chuyển hoặc hành động. Nước cũng ngừng chảy. Chỉ quản trị viên mới được bật/tắt tùy chọn này.
paused	Text	 	Game tạm dừng
permanentWhenEaten	Text	Shown above list of buffs gained from eating food	Vĩnh viễn khi ăn:
petCandy	Text	 	Dùng: Cho thú cưng ăn để tăng {0} kinh nghiệm cho nó.
petEgg	Text	 	Có thể áp nổ
petInfo	Text	Shown as a header for a window showing information about a pet. Try to keep it short and avoid writing 'info' as 'information' for example	Thông tin thu cung
petLeveledUp	Text	{0} will be replaced with the level number	Thu cũng đạt cấp {0}!
petSlot	Text	 	Ở thú cưng
physicalWeaponDamage	Text	 	{0}-{1} sát thương vật lý
pickUpHalf	Text	 	Nhất một nửa:
pickUpOne	Text	{0} will be replaced with the input player needs to use to perform the action. note that the breakline is intended and should be used in the localizations too	Nhất một:
piercingProjectiles	Text	Shown as description on weapons that shoots piercing projectiles	Đạn xuyên qua kẻ địch
points	Text	 	Điểm: {0}
potions	Text	 [new]	Thuốc
pouchSlot	Text	 [new]	Vị trí túi
pouches	Text	 [new]	Túi đựng đồ
press	Text	 	Nhân
pressAnyButtonNintendoSwitch	Text	 	Nhấn nút bất kỳ
pressAnyButtonPC	Text	 	Nhấn nút bất kỳ
pressAnyButtonPS4	Text	 	Nhấn nút bất kỳ
pressAnyButtonXbox	Text	 	Nhấn nút bất kỳ
price	Text	 	Giá: {0}
primary	Text	Shown as category for red. yellow. blue and green painting colors	Chính
quickMove	Text	 	Cắt nhánh:
quickStack	Text	Shown when hovering a button that uses the quick stack function	Xếp nhanh
quickStackDesc	Text	 	Chuyển các vật phẩm đã có sẵn trong rương từ túi đồ của bạn vào rương.
quitToDesktop	Text	 	Thoát
rangeWeapon	Text	 	{0} (đánh xã)
rareItemFormat	Text	"Format used for items that has rarity indicator as part of their name such as 'Rare Heartberry' where
{0} = rarity
{1} = item name"	{1} ({0})
receivedItems	Text	For example' Gained 4 Copper Bars!' where {0} is 4 and {1} is Copper Bars	Nhân {0} {1}
reconnectAttempt	Text	 [new]	Đang kết nối lại...
reconnectSuccess	Text	 [new]	Đã kết nối lại thành công
reduced	Text	 	Giảm
regenerateGameIDPrompt	Text	 	Bạn có muốn tạo Game ID mới không? Việc này không ảnh hưởng tiến trình đã có.
regenerateGameInfoPrompt	Text	 [new]	Tạo lại thông tin trận chơi?
regenerateGamePasswordPrompt	Text	 [new]	Tạo lại mật khẩu trận chơi?
reinforceCost	Text	 	Chi phí gia cố:
reinforced	Text	 	Đã gia cố: {0}/{1}
release	Text	 	Tha
remnants	Text	 [new]	Tàn tích
removeAdmin	Text	 	Bạn có muốn gỡ quyền quản trị của người chơi này không?
removeUserMapMarkersPrompt	Text	 	Bạn có muốn xóa toàn bộ điểm đánh dấu bản đồ đã đạt không?
repairCost	Text	 	Chi phí sửa chữa:
replace	Text	 	Thay thế
requiresElectricity	Text	 [new]	Cần có điện
requiresItem	Text	{0} will be replaced with an item the player must have such as a key for a lock	Cần: {0}
requiresNearbyObject	Text	{0} will be replaced with an object the player must be nearby in the world such as Ancient Forge	Cần {0}
reset	Text	Shown above button that resets talent points	Đặt lại:
resetSaveDataDialogue	Text	 	Xóa tiến trình?
restoredefaults	Text	 	Đặt lại mặc định
resume	Text	 	Tiếp tục chơi
right	Text	 	Sang phải
ringSlot	Text	 	Ô nhân
saveAndExit	Text	 	Lưu và thoát
secondary	Text	Shown as category for white. black. brown and purple painting colors	Phú
seedExtracting	Text	 [new]	Dạng tách hạt
selectCharacter	Text	 	Chọn nhân vật
selectDifficulty	Text	 	Chọn độ khó
sell	Text	 	Ban
set	Text	"Format to show set bonuses such as '2 set: +10% damage' indicating that 2 pieces are needed to fullfill the set bonus where{0} = 2
{1} = +10% damage"	Bộ {0}: {1}
settingAmbientVol	Text	 	Tiếng môi trường
settingDisplayGameTime	Text	 	Hiện thời gian trong game
settingLanguage	Text	 	Ngôn ngữ
settingLimitColors	Text	 	Mẫu 16 bit
settingLimitPalette	Text	 	Giới hạn bằng máu
settingMasterVol	Text	 [new]	Âm lượng tổng
settingMusicVol	Text	 	Nhạc
settingPlayableInstrument	Text	name of the setting that allows changing volume of in game instruments that players can play	Nhạc cụ chơi được
settingScreenShakes	Text	 	Rừng màn hình
settingSfxVol	Text	 	SFX
settingVSync	Text	 	V-sync
settingVibrationNintendoSwitch	Text	 	Rừng
settingVibrationPC	Text	 	Rừng
settingVibrationPS4	Text	 	Rừng
settingVibrationXbox	Text	 	Rừng
sheets	Text	Refers to Music sheets/notes	Ban nhạc
shirt	Text	Option to choose shirt style	Áo
shortcuts	Text	 	Phím tắt
shortcutsPC	Text	 [new]	Phím tắt (PC)
shortcutsPlaystation	Text	 [new]	Phím tắt (PlayStation)
shortcutsSwitch	Text	 [new]	Phím tắt (Switch)
shortcutsXbox	Text	 [new]	Phím tắt (Xbox)
showCreativeUI	Text	'UI' should also be called 'UI' when translated. as the button space it is shown own should be kept small and short.	Hiện giao diện Sáng tạo
showOutroDialogue	Text	 	Bạn có muốn xem lại đoạn kết không?
signedOutWarning	Text	 	Cảnh báo!\Hồ sơ của ban\đã bị đăng xuất.
singleplayer	Text	 	Chơi đơn
skillInfo	Text	 	Nhập để mở rộng cây thiên phủ.
skills	Text	 	Kỹ năng
skin	Text	Option to choose skin color	Da
slot	Text	 	Ở {0}
smelting	Text	 	Nấu quặng
sort	Text	Shown when hovering a button that sorts the inventory	Sắp xếp
sortDesc	Text	 	Sắp xếp và gộp chồng các vật phẩm trong túi đồ.
souls	Text	 	Linh hồn
startingAClassicWorldUpdate	Text	 	Bạn đang vào một thế giới cổ điển, vốn thiếu nội dung mới nhất. Nền tạo thế giới mới.
startingPerks	Text	 	Đặc quyền khởi đầu:
starvationDeathMessage	Text	 	Bạn đã chết vì đói.
stats	Text	Title of stats window that shows when hovering character ui in game	Chỉ số
stop	Text	 	Dùng
textWithAmount	Text	Used for any text that has an amount indicated such as 'Mining 48/100' to show the current and max Mining skill	{0} {1}/{2}
titans	Text	 [new]	Titan
toggleBreedingTextOff	Text	 [new]	Tắt hiển thị văn bản sinh sản
toggleBreedingTextOn	Text	 [new]	Bật hiển thị văn bản sinh sản
toggleLocking	Text	 [new]	Bật/tắt khóa vật phẩm
toggleLockingDesc	Text	 [new]	Khóa hoặc mở khóa vật phẩm dạng tro trong túi đồ
toggleQuickTrash	Text	 [new]	Bật/tắt vứt bỏ nhanh
toggleQuickTrashDesc	Text	 [new]	Vứt bỏ nhanh các vật phẩm đang trở vào thùng rác
toggleShortcuts	Text	 	Bật/tắt cửa sổ này:
toggleSignTextOff	Text	 [new]	Tắt hiển thị văn bản biển báo
toggleSignTextOn	Text	 [new]	Bật hiển thị văn bản biển báo
toggleSignTextTarget	Text	 [new]	Chọn một biển báo để bật hoặc tắt văn bản của nó
tools	Text	Shown as title in crafting window	Công cụ
trading	Text	 	Giao thương
unbanPlayerDialogue	Text	 	Bạn có muốn gõ cắm người chơi này không?
uncapped	Text	Used in the context of setting the FPS to not be limited	Không giới hạn
uniqueCraftingComponent	Text	Shown in hover text of items that are unique crafting components	Nguyên liệu chế tạo độc nhất
up	Text	 	Đi lên
upgrade	Text	 	Nâng cấp
useItemTerm	Text	 	Dùng: {0}
valuable	Text	Shown as a tag in description of items  that are meant to be sold for coins.	Có giá trị
value	Text	As in the coin value of an item. for example 'Value: 1484 coins'	Giá trị: {0}
vanityToggleVisibility	Text	 	Nhập đề án/hiện trạng bị
versus	Text	 	Đối đầu
veryHigh	Text	 	Rất cao
videoOptions	Text	 	Cài đặt video
weaponMeleeDamage	Text	The damage of a weapon shown when hovering it. for example '19-22 melee damage'	{0}-{1} sát thương cận chiến
weaponRangeDamage	Text	 	{0}-{1} sát thương đánh xa
weaponSecondary	Text	 	Công dụng phụ: {0}
weapons	Text	 	Vũ khí
whenEaten	Text	 	Khi ăn:
woodCutting	Text	Shown as title in the crafting UI of the buzz saw building	Đơn gỗ
yes	Text	 	Có
youAreInGuestMode	Text	 	Bạn đang ở chế độ khách
